t,veh_id,x,y,angle,speed,pos,lane,slope,signals,Time,Object,averageCqiDl,distance,measuredSinrDl,measuredSinrUl,rcvdSinrDl,rlcDelayDl,rlcPduDelayDl,rlcThroughputDl,servingCell,servingCell-1,servingCell1,servingCell-2,servingCell2,servingCell-3,servingCell3,servingCell-4,servingCell4,servingCell-5,servingCell5,servingCell-6,servingCell6,servingCell-7,servingCell7,migration,destination
1.0,0,-0.48346,38.3441,245.64,11.4,16.5,22736616#1_0,0.0,0.0,1.0,0,13.0,201.14343250714,26.884958953702,35.001340304716,32.864439625538,0.0044172534,0.004,1823.895676691725,2,-1,2,-1,2,-1,2,-1,2,-1,2,-1,2,-1,2,0,2
2.0,0,-0.483537,38.344075,245.64,7.24,23.74,22736616#1_0,0.0,8.0,2.0,0,13.0,189.61346855008,26.109777747055,30.637026980441,32.089258418891,0.0044172534,0.004,2639.8493049933,2,2,2,-1,2,-1,2,-1,2,-1,2,-1,2,-1,2,0,2
3.0,0,-0.483582,38.34406,245.64,4.29,28.03,22736616#1_0,0.0,8.0,3.0,0,8.0,182.51817599344,14.051170783069,35.727461029631,17.984951798211,0.0044172534,0.004,2910.5367614073502,2,2,2,2,2,-1,2,-1,2,-1,2,-1,2,-1,2,0,2
4.0,0,-0.483641,38.34404,245.03,5.65,5.15,:243893704_0_0,0.0,0.0,4.0,0,13.0,173.81401828971,27.152086233344,23.905338140147,33.131566905181,0.0044172534,0.004,3045.6404768197253,2,2,2,2,2,2,2,-1,2,-1,2,-1,2,-1,2,0,2
5.0,0,-0.483719,38.344013,244.61,7.44,6.35,22736616#2_0,0.0,0.0,5.0,0,13.0,163.45093214898,25.814397642883,34.415242920205,31.79387831472,0.0044172534,0.004,3126.6263072908496,2,2,2,2,2,2,2,2,2,-1,2,-1,2,-1,2,0,2
6.0,0,-0.483823,38.343977,244.61,9.95,16.29,22736616#2_0,0.0,0.0,6.0,0,13.0,151.16806367652,25.832471389154,31.601433232512,31.81195206099,0.004949739478,0.004,2875.0,2,2,2,2,2,2,2,2,2,2,2,-1,2,-1,2,0,2
7.0,0,-0.483943,38.343936,245.7,11.36,27.65,22736616#2_0,0.0,0.0,7.0,0,12.0,136.38012404777,22.946764492781,42.281727571351,28.926245164618,0.004949739478,0.004,2957.1428571429,2,2,2,2,2,2,2,2,2,2,2,2,2,-1,2,0,2
8.0,0,-0.484062,38.343912,254.01,10.78,38.43,22736616#2_0,0.0,0.0,8.0,0,14.0,121.02245029786,40.50373257249,39.993620245897,46.483213244327,0.004949739478,0.004,3018.75,2,2,2,2,2,2,2,2,2,2,2,2,2,2,2,0,2
9.0,0,-0.484191,38.343886,254.17,11.63,1.39,22736616#3_0,0.0,0.0,9.0,0,14.0,106.37025463209,31.450012405414,40.901032782902,37.42949307725,0.004949739478,0.004,3066.6666666667,2,2,2,2,2,2,2,2,2,2,2,2,2,2,2,0,2
10.0,0,-0.484323,38.34386,254.26,11.91,13.3,22736616#3_0,0.0,0.0,10.0,0,9.0,91.146648342712,16.999072263533,31.432688209373,22.97855293537,0.004949739478,0.004,3105.0,2,2,2,2,2,2,2,2,2,2,2,2,2,2,2,0,2
11.0,0,-0.484443,38.343836,254.26,10.81,24.11,22736616#3_0,0.0,0.0,11.0,0,14.0,76.810945809306,35.554986408477,44.633574665025,41.534467080314,0.004949739478,0.004,3136.3636363636,2,2,2,2,2,2,2,2,2,2,2,2,2,2,2,0,2
12.0,0,-0.484573,38.34381,254.26,11.73,35.84,22736616#3_0,0.0,0.0,12.0,0,14.0,62.807356163629,38.858099198696,45.727936673724,44.837579870532,0.004192453704,0.004,3157.802600867,2,2,2,2,2,2,2,2,2,2,2,2,2,2,2,0,2
13.0,0,-0.484693,38.343786,254.26,10.83,46.67,22736616#3_0,0.0,0.0,13.0,0,14.0,49.26569168999,45.683960595888,47.754614704312,44.83757987053199,0.004192453704,0.004,3160.2182539683,2,2,2,2,2,2,2,2,2,2,2,2,2,2,2,0,2
14.0,0,-0.484823,38.343759,253.35,11.77,1.07,22736617_0,0.0,0.0,14.0,0,14.0,36.193544844667,54.773259719501,51.663075001151,44.837579870532,0.004192453704,0.004,3160.2182539683,2,2,2,2,2,2,2,2,2,2,2,2,2,2,2,0,2
15.0,0,-0.484945,38.343732,252.66,11.09,12.16,22736617_0,0.0,0.0,15.0,0,15.0,24.247762743838,49.290827445328,59.300677258537,55.270308117165,0.004188634766,0.004,2776.690560485633,2,2,2,2,2,2,2,2,2,2,2,2,2,2,2,0,2
16.0,0,-0.485074,38.343703,252.66,11.71,23.87,22736617_0,0.0,0.0,16.0,0,15.0,21.924125719475,71.179187232859,60.869711860986,77.158667904696,0.004188634766,0.004,2818.84432991074,2,2,2,2,2,2,2,2,2,2,2,2,2,2,2,0,2
17.0,0,-0.485206,38.343674,252.66,11.98,35.85,22736617_0,0.0,0.0,17.0,0,15.0,28.986620663118,51.40968449413,49.177635409771,57.389165165967,0.004188634766,0.004,2855.8794290527,2,2,2,2,2,2,2,2,2,2,2,2,2,2,2,0,2
18.0,0,-0.485332,38.343646,252.66,11.43,47.29,22736617_0,0.0,0.0,18.0,0,15.0,40.97100155902,59.35981958617,67.633500375505,65.339300258007,0.004994744547,0.004,2843.3642674601497,2,2,2,2,2,2,2,2,2,2,2,2,2,2,2,0,2
19.0,0,-0.485443,38.343596,232.16,11.29,0.57,:4194736956_0_0,0.0,0.0,19.0,0,15.0,54.418997331358,50.459025636053,53.419521807253,56.438506307889,0.004994744547,0.004,2875.24205430436,2,2,2,2,2,2,2,2,2,2,2,2,2,2,2,0,2
20.0,0,-0.485549,38.343535,232.06,11.55,5.88,22736675#1_0,0.0,0.0,20.0,0,13.0,68.203425730629,25.524653548193,34.698646869966,31.50413422003,0.004994744547,0.004,2890.3301886792,2,2,2,2,2,2,2,2,2,2,2,2,2,2,2,0,2
21.0,0,-0.48565,38.343476,232.07,10.91,16.79,22736675#1_0,0.0,0.0,21.0,0,12.0,79.400835608523,22.551005915893,46.52798997355999,28.53048658773,0.004446697501,0.004,2818.539617671467,2,2,2,2,2,2,2,2,2,2,2,2,2,2,2,0,2
22.0,0,-0.485759,38.343414,232.45,11.79,28.58,22736675#1_0,0.0,0.0,22.0,0,12.0,86.336291557364,24.069262556394005,44.669827782372,30.04874322823,0.004446697501,0.004,2828.7963266645,2,2,2,2,2,2,2,2,2,2,2,2,2,2,2,0,2
23.0,0,-0.485862,38.343352,230.87,11.34,7.57,22736675#2_0,0.0,0.0,23.0,0,12.0,95.576666016628,26.134357268654,68.707270198091,30.04874322823,0.004446697501,0.004,2828.7963266645,2,2,2,2,2,2,2,2,2,2,2,2,2,2,2,0,2
24.0,0,-0.485962,38.343292,230.87,10.98,18.55,22736675#2_0,0.0,0.0,24.0,0,14.0,106.43381023021,35.017151174544,30.667392678453,40.99663184638,0.004833679845,0.004,2568.2094750535,2,2,2,2,2,2,2,2,2,2,2,2,2,2,2,0,2
25.0,0,-0.486059,38.343233,230.87,10.75,29.3,22736675#2_0,0.0,0.0,25.0,0,15.0,118.72698139534002,43.84882538000701,26.142393038254,49.828306051844,0.004691086809,0.004,2561.8535875889,2,2,2,2,2,2,2,2,2,2,2,2,2,2,2,0,2
26.0,0,-0.48615,38.343176,229.96,10.13,4.09,22736675#3_0,0.0,0.0,26.0,0,15.0,132.41090305204,43.340225599461,35.189225554799,49.828306051844,0.004691086809,0.004,2561.8535875889,2,2,2,2,2,2,2,2,2,2,2,2,2,2,2,0,2
27.0,0,-0.486211,38.343138,229.78,6.82,0.84,:4550005892_0_0,0.0,8.0,27.0,0,11.0,146.75680335253,22.338737798455,22.163164958751,28.318218470291,0.004261639713,0.004,2473.8694025705,2,2,2,2,2,2,2,2,2,2,2,2,2,2,2,0,2
28.0,0,-0.48629,38.343088,230.16,8.82,2.56,:5236693159_1_0,0.0,0.0,28.0,0,14.0,159.85754738706,34.377342614915,36.828112227299,40.356823286751,0.004261639713,0.004,2508.7324547305,2,2,2,2,2,2,2,2,2,2,2,2,2,2,2,0,2
29.0,0,-0.486382,38.343033,230.93,10.14,9.33,22736675#6_0,0.0,0.0,29.0,0,13.0,168.49270094098,26.8747362614,32.157750643266,32.854216933237,0.004261639713,0.004,2529.7671008066,2,2,2,2,2,2,2,2,2,2,2,2,2,2,2,0,2
30.0,0,-0.486485,38.34297,230.93,11.39,20.72,22736675#6_0,0.0,0.0,30.0,0,13.0,173.32964099746,29.627198801346,33.80683557714,32.854216933237,0.004261639713,0.004,2529.7671008066,2,2,2,2,2,2,2,2,2,2,2,2,2,2,2,0,2
31.0,0,-0.486582,38.34291,229.46,10.78,4.48,22736675#8_0,0.0,0.0,31.0,0,13.0,180.61013241105,28.708175460125,27.13019356807,34.687656131961,0.004377949046,0.004,2376.0283742113497,2,2,2,2,2,2,2,2,2,2,2,2,2,2,2,0,2
32.0,0,-0.486681,38.342847,229.46,11.16,15.63,22736675#8_0,0.0,0.0,32.0,0,12.0,189.53986963795,24.768514650742,27.85892248672,30.747995322578,0.004377949046,0.004,2390.8934707904,2,2,2,2,2,2,2,2,2,2,2,2,2,2,2,0,2
33.0,0,-0.486786,38.342779,229.46,11.87,27.5,22736675#8_0,0.0,0.0,33.0,0,5.0,201.01551680709,7.490477223955,29.911046725225,11.424258239097,0.004475089354,0.004,2342.1020729785,2,2,2,2,2,2,2,2,2,2,2,2,2,2,2,0,2
34.0,0,-0.486883,38.342718,229.24,10.85,1.69,22736675#9_0,0.0,0.0,34.0,0,9.0,215.05888842047,15.754213607831,34.75994221721,21.733694279668,0.004475089354,0.004,2374.6911401341,2,2,2,2,2,2,2,2,2,2,2,2,2,2,2,0,2
35.0,0,-0.486955,38.342671,229.14,8.19,1.13,:4550005869_0_0,0.0,8.0,35.0,0,14.0,229.27644772016,35.332352217306,37.7609030402,41.311832889143,0.004437890633,0.004,2394.6099146279,2,2,2,2,2,2,2,2,2,2,2,2,2,2,2,0,2
36.0,0,-0.486989,38.342649,229.18,3.79,4.92,:4550005869_0_0,0.0,8.0,36.0,0,14.0,241.89088287158,31.292281041202,11.384845951995,37.271761713038,0.004437890633,0.004,2418.5845156966,2,2,2,2,2,2,2,2,2,2,2,2,2,2,2,0,2
37.0,0,-0.487038,38.342618,229.34,5.52,4.72,:243895529_0_0,0.0,0.0,37.0,0,14.0,250.02281300072,19.081655914507,22.270818179601,37.271761713038,0.004437890633,0.004,2418.5845156966,2,2,2,2,2,2,2,2,2,2,2,2,2,2,2,0,2
38.0,0,-0.487099,38.342579,229.67,6.88,5.45,22736675#11_0,0.0,0.0,38.0,0,10.0,253.66743428647,19.388219471666,42.645128704654,21.276300830114,0.004945990126,0.004,2311.7009779371,2,2,2,2,2,2,2,2,2,2,2,2,2,2,2,0,2
39.0,0,-0.487176,38.34253,229.67,8.64,14.09,22736675#11_0,0.0,0.0,39.0,0,12.0,256.23020940861,24.842547977641,21.941828138643,30.822028649478,0.004513696889,0.004,2261.925158757125,2,2,2,2,2,2,2,2,2,2,2,2,2,2,2,0,2
40.0,0,-0.48727,38.342471,229.67,10.58,24.67,22736675#11_0,0.0,0.0,40.0,0,8.0,254.69028999718,14.949693129871996,12.350644475412002,18.883474145014,0.00450445189,0.004,2250.5883246034,2,2,2,2,2,2,2,2,2,2,2,2,2,2,2,0,2
41.0,0,-0.487374,38.342406,229.67,11.57,36.24,22736675#11_0,0.0,0.0,41.0,0,8.0,253.139233256,14.230876113611,25.399706654962,18.883474145014,0.00450445189,0.004,2250.5883246034,2,2,2,2,2,2,2,2,2,2,2,2,2,2,2,0,2
42.0,0,-0.487475,38.342341,229.67,11.4,47.64,22736675#11_0,0.0,0.0,42.0,0,14.0,251.7044891584,30.360142130979,24.993845856032,36.339622802816,0.004211719224,0.004,2146.4615090553,2,2,2,2,2,2,2,2,2,2,2,2,2,2,2,0,2
43.0,0,-0.487574,38.342279,229.67,11.06,58.7,22736675#11_0,0.0,0.0,43.0,0,14.0,250.55677436659,7.4238241577439,32.462400959175,36.339622802816,0.004211719224,0.004,2146.4615090553,2,2,2,2,2,2,2,2,2,2,2,2,2,2,2,0,2
44.0,0,-0.487661,38.342224,229.67,9.8,68.5,22736675#11_0,0.0,8.0,44.0,0,5.0,250.13258274132,8.3097468410767,21.20413237956,12.243527856219,0.004966111442,0.004,2050.2852119457,2,2,2,2,2,2,2,2,2,2,2,2,2,2,2,0,2
45.0,0,-0.487709,38.342194,230.5,5.32,3.95,:3782618361_0_0,0.0,8.0,45.0,0,5.0,250.83628432171,7.0577456159155,18.128253419191,10.991526631057,0.004966111442,0.004,2081.4448198009,2,2,2,2,2,2,2,2,2,2,2,2,2,2,1,0,2
46.0,0,-0.48777,38.342214,310.98,7.13,1.55,20490187#6_0,0.0,0.0,46.0,0,7.0,252.99353606654,11.521505074889,28.101101363281,15.455286090031,0.004966111442,0.004,2111.12121708556,2,2,2,2,2,2,2,2,2,2,2,2,1,2,1,0,2
47.0,0,-0.487818,38.342281,329.01,8.54,10.09,20490187#6_0,0.0,0.0,47.0,0,12.0,257.0950362159,23.558586357374,18.566438907392,29.53806702921,0.004966111442,0.004,2131.6448650153,2,2,2,2,2,2,2,2,2,2,1,2,1,2,1,0,2
48.0,0,-0.487874,38.342359,329.01,9.94,20.03,20490187#6_0,0.0,0.0,48.0,0,8.0,266.06843357874,14.349926965613,29.825270605047,18.283707980755,0.004558545291,0.004,2093.0,2,2,2,2,2,2,2,2,1,2,1,2,1,2,1,0,2
49.0,0,-0.487944,38.342456,329.01,12.46,32.49,20490187#6_0,0.0,0.0,49.0,0,9.0,274.30614877167,16.346289021422,27.294705487122,22.325769693259,0.004558545291,0.004,2104.2148760331,2,2,2,2,2,2,1,2,1,2,1,2,1,2,1,0,2
50.0,0,-0.488026,38.342571,329.01,14.66,47.14,20490187#6_0,0.0,0.0,50.0,0,6.0,284.07501398281,10.773310684168,22.089630772643,14.70709169931,0.004512219195,0.004,2088.2741238598,2,2,2,2,1,2,1,2,1,2,1,2,1,2,1,1,1
51.0,0,-0.48812,38.3427,328.61,16.48,1.44,20490187#8_0,0.0,0.0,51.0,0,11.0,294.61968295425,21.756868518829,23.042803230224,27.736349190666,0.004512219195,0.004,2114.9788202071,2,2,1,2,1,2,1,2,1,2,1,2,1,2,1,2,1
52.0,0,-0.488222,38.34284,328.59,17.93,19.37,20490187#8_0,0.0,0.0,52.0,0,12.0,271.70366569796,24.170317755333,37.565090505913,30.149798427169,0.004512219195,0.004,66.35636251731,1,2,1,2,1,2,1,2,1,2,1,2,1,2,1,2,1
53.0,0,-0.488326,38.342984,328.59,18.33,37.7,20490187#8_0,0.0,0.0,53.0,0,5.0,247.26634482705,7.2425052111969,20.733104294598,11.176286226339,0.004512219195,0.004,130.20833333333,1,1,1,2,1,2,1,2,1,2,1,2,1,2,1,0,1
54.0,0,-0.488432,38.343128,327.92,18.55,6.58,:430767614_0_0,0.0,0.0,54.0,0,14.0,223.14026552322,31.940571810890003,18.25750961902,37.920052482727,0.004512219195,0.004,191.69506593569,1,1,1,1,1,2,1,2,1,2,1,2,1,2,1,0,1
55.0,0,-0.488563,38.343257,327.25,18.51,2.03,44579148_0,0.0,0.0,55.0,0,6.0,198.93335488885,10.191952008778,30.226525423455,14.12573302392,0.004512219195,0.004,240.44004962417,1,1,1,1,1,1,1,2,1,2,1,2,1,2,1,0,1
56.0,0,-0.488664,38.343399,329.02,18.11,20.14,44579148_0,0.0,0.0,56.0,0,6.0,174.56191001634,26.161882084391,37.98554927281,14.12573302392,0.004512219195,0.004,240.44004962417,1,1,1,1,1,1,1,1,1,2,1,2,1,2,1,0,1
57.0,0,-0.488766,38.343542,329.02,18.18,38.32,44579148_0,0.0,0.0,57.0,0,6.0,150.42375156872,28.576580170898,38.670309006566,14.12573302392,0.004512219195,0.004,240.44004962417,1,1,1,1,1,1,1,1,1,1,1,2,1,2,1,0,1
58.0,0,-0.488863,38.343687,332.15,18.14,3.02,:243896897_2_0,0.0,0.0,58.0,0,13.0,126.34024671295,25.95859836711,52.055751843535,31.938079038947,0.00470184164,0.004,277.19921376599,1,1,1,1,1,1,1,1,1,1,1,1,1,2,1,0,1
59.0,0,-0.488958,38.343843,331.64,19.22,6.05,20490186#1_0,0.0,0.0,59.0,0,15.0,105.04614354519,46.050146677044,28.552228452016,52.02962734888,0.00470184164,0.004,289.18891064619,1,1,1,1,1,1,1,1,1,1,1,1,1,1,1,0,1
60.0,0,-0.489054,38.343992,330.99,18.58,4.61,:239587863_1_0,0.0,0.0,60.0,0,15.0,87.138936977269,17.78474528911,48.459992082497,52.02962734888,0.00470184164,0.004,289.18891064619,1,1,1,1,1,1,1,1,1,1,1,1,1,1,1,0,1
61.0,0,-0.489156,38.34414,330.01,18.72,16.98,20490186#2_0,0.0,0.0,61.0,0,15.0,73.810907920971,47.983251314324,34.804381676564,53.96273198616,0.004588590609,0.004,283.92268725717,1,1,1,1,1,1,1,1,1,1,1,1,1,1,1,0,1
62.0,0,-0.489255,38.344287,331.77,18.48,35.45,20490186#2_0,0.0,0.0,62.0,0,12.0,64.603665864501,24.448284438907,35.162649379469,26.336365797354,0.004588590609,0.004,334.98927402055,1,1,1,1,1,1,1,1,1,1,1,1,1,1,1,0,1
63.0,0,-0.489358,38.344433,327.89,18.49,4.59,20490186#4_0,0.0,0.0,63.0,0,15.0,59.450819777933,46.18974918161,39.806618260191,52.169229853447,0.004588590609,0.004,384.43467356625,1,1,1,1,1,1,1,1,1,1,1,1,1,1,1,0,1
64.0,0,-0.489464,38.344574,327.89,18.22,22.81,20490186#4_0,0.0,0.0,64.0,0,15.0,51.844704081707,41.521561145656,47.325399115198,52.169229853447,0.004588590609,0.004,389.29301573717,1,1,1,1,1,1,1,1,1,1,1,1,1,1,1,0,1
65.0,0,-0.489573,38.344721,328.02,18.89,4.12,:239587553_1_0,0.0,0.0,65.0,0,15.0,43.69616359569,55.31736708173,35.171656529271,61.296847753566,0.004058829789,0.004,428.13119731079,1,1,1,1,1,1,1,1,1,1,1,1,1,1,1,0,1
66.0,0,-0.489683,38.344869,328.15,19.05,16.93,44883809#0_0,0.0,0.0,66.0,0,15.0,33.220921763551,56.029737291544,69.025330442941,62.009217963381,0.004058829789,0.004,455.54623770679,1,1,1,1,1,1,1,1,1,1,1,1,1,1,1,0,1
67.0,0,-0.489791,38.345014,328.15,18.66,35.59,44883809#0_0,0.0,0.0,67.0,0,15.0,21.316424024508,58.219658723806994,49.641957236870006,64.199139395644,0.00400604161,0.004,488.14925373134,1,1,1,1,1,1,1,1,1,1,1,1,1,1,1,0,1
68.0,0,-0.489897,38.345156,328.15,18.29,53.88,44883809#0_0,0.0,0.0,68.0,0,15.0,12.913155666442,57.75445876312,67.271772125267,63.733939434957,0.00400604161,0.004,531.70588235294,1,1,1,1,1,1,1,1,1,1,1,1,1,1,1,0,1
69.0,0,-0.490007,38.345305,328.33,19.18,0.37,44883809#2_0,0.0,0.0,69.0,0,15.0,9.4029135870627,66.878114364491,78.946442859353,72.857595036328,0.00400604161,0.004,568.98954703833,1,1,1,1,1,1,1,1,1,1,1,1,1,1,1,0,1
70.0,0,-0.490113,38.34545,328.41,18.56,18.93,44883809#2_0,0.0,0.0,70.0,0,15.0,4.7222291903227,81.242783471308,85.678956404863,72.857595036328,0.00400604161,0.004,568.98954703833,1,1,1,1,1,1,1,1,1,1,1,1,1,1,1,0,1
71.0,0,-0.490199,38.345567,328.41,15.02,33.95,44883809#2_0,0.0,8.0,71.0,0,15.0,4.0353617680693,77.748034992443,88.308542011576,72.857595036328,0.00400604161,0.004,568.98954703833,1,1,1,1,1,1,1,1,1,1,1,1,1,1,1,0,1
72.0,0,-0.49026,38.345654,331.23,10.99,4.12,44883809#3_0,0.0,9.0,72.0,0,15.0,12.506747987241,72.414674482873,63.54575792916,72.857595036328,0.00400604161,0.004,568.98954703833,1,1,1,1,1,1,1,1,1,1,1,1,1,1,1,0,1
73.0,0,-0.490293,38.34572,336.47,7.89,12.01,44883809#3_0,0.0,9.0,73.0,0,15.0,23.008105105719,65.190763580716,61.508119861926,71.170244252552,0.004746845192,0.004,551.10009041839,1,1,1,1,1,1,1,1,1,1,1,1,1,1,1,0,1
74.0,0,-0.490308,38.345748,336.47,3.39,15.4,44883809#3_0,0.0,9.0,74.0,0,15.0,34.996743776806,46.436273786123,68.720333659742,52.415754457959,0.004746845192,0.004,559.02123124846,1,1,1,1,1,1,1,1,1,1,1,1,1,1,1,0,1
75.0,0,-0.490309,38.345751,336.47,0.34,15.74,44883809#3_0,0.0,9.0,75.0,0,15.0,47.559538044505,51.59347029840901,61.988163641053,57.572950970246005,0.004753875858,0.004,589.1642286270167,1,1,1,1,1,1,1,1,1,1,1,1,1,1,1,0,1
76.0,0,-0.490309,38.345751,336.47,0.03,15.77,44883809#3_0,0.0,9.0,76.0,0,15.0,60.008849294521,51.422729388498,53.814922218082,57.402210060334006,0.004753875858,0.004,626.859968337428,1,1,1,1,1,1,1,1,1,1,1,1,1,1,1,0,1
77.0,0,-0.490315,38.345767,339.17,1.87,1.75,:219237141_0_0,0.0,1.0,77.0,0,14.0,71.087236170222,32.994443536848,51.696162041703,38.973924208685,0.004753875858,0.004,663.4184162542675,1,1,1,1,1,1,1,1,1,1,1,1,1,1,1,0,1
78.0,0,-0.490308,38.3458,1.49,3.74,5.48,:219237141_0_0,0.0,1.0,78.0,0,14.0,84.827918876146,36.842308684254,40.280563301537,42.82178935609099,0.004548928883,0.004,695.37772939362,1,1,1,1,1,1,1,1,1,1,1,1,1,1,1,0,1
79.0,0,-0.490278,38.345848,25.98,5.84,4.95,44579149_0,0.0,0.0,79.0,0,14.0,106.32508102574,38.441241668469,46.13570856533,37.465867472371,0.004139034933,0.004,698.78114357412,1,1,1,1,1,1,1,1,1,1,1,1,1,1,1,0,1
80.0,0,-0.490245,38.345913,17.14,7.46,12.41,44579149_0,0.0,0.0,80.0,0,9.0,130.17907726081,15.701944017741,30.457196928356,21.681424689578,0.004328789478,0.004,699.53996549741,1,1,1,1,1,1,1,1,1,1,1,1,1,1,3,0,1
81.0,0,-0.490228,38.345993,6.84,8.81,2.81,:219237907_2_0,0.0,0.0,81.0,0,7.0,156.42932311144,13.50325125499,38.79665891103,17.437032270132,0.004945545799,0.004,733.7947923585101,1,1,1,1,1,1,1,1,1,1,1,1,3,1,3,0,1
82.0,0,-0.490242,38.346084,343.16,10.12,12.93,:219237907_2_0,0.0,0.0,82.0,0,11.0,184.2848942472,21.189032962889,23.093617208331995,27.168513634726,0.004809406146,0.004,754.51757547619,1,1,1,1,1,1,1,1,1,1,3,1,3,1,3,0,1
83.0,0,-0.490273,38.346155,339.35,7.63,7.39,20490184_0,0.0,8.0,83.0,0,11.0,213.7267531972,24.762286533852,17.501447462687,27.168513634726,0.004809406146,0.004,754.51757547619,1,1,1,1,1,1,1,1,3,1,3,1,3,1,3,0,1
84.0,0,-0.490289,38.346183,336.03,3.22,10.61,20490184_0,0.0,8.0,84.0,0,14.0,243.67636068140004,30.811912182134005,26.06470707912,36.79139285397,0.004457709613,0.004,754.1522305961402,1,1,1,1,1,1,3,1,3,1,3,1,3,1,3,0,1
85.0,0,-0.490324,38.346221,322.44,4.94,3.56,:219237901_2_0,0.0,0.0,85.0,0,10.0,272.9054641127,19.8348566347,18.57075655639,25.814337306536,0.00461700635,0.004,783.42667545181,1,1,1,1,3,1,3,1,3,1,3,1,3,1,3,1,3
86.0,0,-0.490382,38.346271,313.1,7.37,10.93,:219237901_2_0,0.0,0.0,86.0,0,6.0,302.76560462485,10.317555598367,25.982792692482,14.251336613509,0.00461700635,0.004,814.43622662573,1,1,3,1,3,1,3,1,3,1,3,1,3,1,3,2,3
87.0,0,-0.490471,38.346315,295.32,8.88,8.46,44579182#0_0,0.0,0.0,87.0,0,13.0,207.57648347922,28.293181663755,27.070376291617,34.272662335592,0.00461700635,0.004,39.658819201766,3,1,3,1,3,1,3,1,3,1,3,1,3,1,3,2,3
88.0,0,-0.490593,38.34635,286.43,11.01,19.46,44579182#0_0,0.0,0.0,88.0,0,10.0,188.01713165969,18.396703759101,27.828227214397,24.376184430938,0.00461700635,0.004,78.416219656332,3,3,3,1,3,1,3,1,3,1,3,1,3,1,3,0,3
89.0,0,-0.490746,38.346353,264.54,12.87,4.27,:219237037_1_0,0.0,0.0,89.0,0,14.0,172.88129354998,38.763969907005,21.35461473017,44.74345057884201,0.00461700635,0.004,116.30258899676,3,3,3,3,3,1,3,1,3,1,3,1,3,1,3,0,3
90.0,0,-0.490913,38.346303,243.29,14.95,4.53,:5420062164_0_0,0.0,0.0,90.0,0,14.0,161.88658185443,23.601166803656,29.505879905264,44.743450578842,0.00461700635,0.004,117.05163348762,3,3,3,3,3,3,3,1,3,1,3,1,3,1,3,0,3
91.0,0,-0.491054,38.346194,214.05,16.69,0.73,44579182#3_0,0.0,0.0,91.0,0,12.0,149.95408420877,22.724434936268,27.7385841093,28.703915608105,0.004341597238,0.004,134.11078717201,3,3,3,3,3,3,3,3,3,1,3,1,3,1,3,0,3
92.0,0,-0.491123,38.346026,183.26,19.19,19.93,44579182#3_0,0.0,0.0,92.0,0,12.0,137.62304378853,17.063891011788,24.74908237977,28.703915608105,0.004341597238,0.004,134.11078717201,3,3,3,3,3,3,3,3,3,3,3,1,3,1,3,0,3
93.0,0,-0.491255,38.345877,222.74,21.58,0.29,:5420062156_0_0,0.0,0.0,93.0,0,13.0,118.11779866393,28.306524278342,22.123928845153,34.286004950179,0.00450576263,0.004,152.59902125531002,3,3,3,3,3,3,3,3,3,3,3,3,3,1,3,0,3
94.0,0,-0.491481,38.345772,244.08,23.45,15.67,20490207#2_0,0.0,0.0,94.0,0,15.0,103.06877494892,43.205137368792,29.907106270247,49.184618040628,0.00450576263,0.004,187.67949736538,3,3,3,3,3,3,3,3,3,3,3,3,3,3,3,0,3
95.0,0,-0.491725,38.345684,244.08,23.82,39.49,20490207#2_0,0.0,0.0,95.0,0,14.0,88.723794514272,31.242276582683,41.873800959095,37.22175725452,0.00450576263,0.004,222.02140083346669,3,3,3,3,3,3,3,3,3,3,3,3,3,3,-1,0,3
96.0,0,-0.491968,38.345597,243.58,23.37,14.6,20490207#3_0,0.0,0.0,96.0,0,14.0,74.073205396414,35.026136378585,56.906161890983,41.005617050422,0.00450576263,0.004,255.20410076889,3,3,3,3,3,3,3,3,3,3,3,3,-1,3,-1,0,3
97.0,0,-0.492211,38.345508,243.58,23.46,38.05,20490207#3_0,0.0,0.0,97.0,0,15.0,59.139278618767,51.56515436541899,33.020531752397,57.544635037256,0.004008644289,0.004,259.800170066236,3,3,3,3,3,3,3,3,3,3,-1,3,-1,3,-1,0,3
98.0,0,-0.49245,38.345421,243.58,22.97,61.02,20490207#3_0,0.0,0.0,98.0,0,15.0,51.748484563263,45.719688791736,47.521278708681,51.699169463573,0.004008644289,0.004,285.76833795212,3,3,3,3,3,3,3,3,-1,3,-1,3,-1,3,-1,0,3
99.0,0,-0.492692,38.345332,243.15,23.3,1.53,:244654259_0_0,0.0,0.0,99.0,0,14.0,51.353032330739005,41.80633282457,32.6904163115,47.785813496407,0.004054705981,0.004,288.5716883353,3,3,3,3,3,3,-1,3,-1,3,-1,3,-1,3,-1,0,3
100.0,0,-0.492925,38.345237,240.82,22.96,18.09,20490207#4_0,0.0,0.0,100.0,0,15.0,54.050215298528,42.584207133451,55.20708186337399,48.563687805288,0.004054705981,0.004,306.98697411897,3,3,3,3,-1,3,-1,3,-1,3,-1,3,-1,3,-1,0,3
101.0,0,-0.493166,38.345142,243.87,23.64,41.73,20490207#4_0,0.0,0.0,101.0,0,14.0,61.894168832508,29.760531031318,53.227436903696,35.740011703155,0.004943705185,0.004,311.03083023917003,3,3,-1,3,-1,3,-1,3,-1,3,-1,3,-1,3,-1,0,3
3.0,1,-0.491541,38.338981,114.09,26.18,16.15,23038756#3_0,0.0,0.0,3.0,1,11.0,277.80927164755,20.380268540896,20.628731952467,21.479707969276,0.0049996412,0.004,990.6510851419,5,-1,5,-1,5,-1,5,-1,5,-1,5,-1,5,-1,5,0,5
4.0,1,-0.491268,38.338884,107.44,26.19,42.34,23038756#3_0,0.0,0.0,4.0,1,10.0,261.21413689357,18.204763607532,20.352801532026,19.304203035913,0.004257224743,0.004,1606.2578222778,5,5,5,-1,5,-1,5,-1,5,-1,5,-1,5,-1,5,0,5
5.0,1,-0.490984,38.338814,101.87,26.1,68.45,23038756#3_0,0.0,0.0,5.0,1,6.0,245.97298394011,10.029101482838,24.106123099558,14.392825468825,0.004257224743,0.004,1975.3753753754,5,5,5,5,5,-1,5,-1,5,-1,5,-1,5,-1,5,0,5
6.0,1,-0.490695,38.338767,100.0,25.77,94.21,23038756#3_0,0.0,0.0,6.0,1,8.0,229.42562621235,13.113763174046,22.909582039852,17.477487160033,0.004257224743,0.004,2221.3511259383,5,5,5,5,5,5,5,-1,5,-1,5,-1,5,-1,5,0,5
7.0,1,-0.4905,38.338675,148.9,21.27,3.22,83999004#1_0,0.0,0.0,7.0,1,11.0,212.80098081741,21.978961608112,32.584377915569,23.078401036493,0.004257224743,0.004,2396.9978556112,5,5,5,5,5,5,5,5,5,-1,5,-1,5,-1,5,0,5
8.0,1,-0.490443,38.338529,174.72,17.31,0.84,:224830670_1_0,0.0,8.0,8.0,1,12.0,196.06899569745,25.519764076022,41.142955394348,26.619203504403,0.004257224743,0.004,2528.7054409006,5,5,5,5,5,5,5,5,5,5,5,-1,5,-1,5,0,5
9.0,1,-0.490444,38.338412,178.07,12.97,8.21,20929362#1_0,0.0,8.0,9.0,1,8.0,196.23140315956,14.25437519397,54.614885416964,18.618099179957,0.004257224743,0.004,2631.1284046693,5,5,5,5,5,5,5,5,5,5,5,5,5,-1,5,0,5
10.0,1,-0.49044,38.338336,175.03,8.47,5.38,:3782592998_7_0,0.0,8.0,10.0,1,10.0,204.39151370157,18.872168642497,30.133279033755,19.971608070877,0.004892984327,0.004,2620.922359306933,5,5,5,5,5,5,5,5,5,5,5,5,5,5,5,0,5
11.0,1,-0.490424,38.338298,161.64,4.52,4.16,:2567888431_0_0,0.0,8.0,11.0,1,10.0,212.57339360207,18.400482961203,23.515724756996,19.499922389583,0.004766235108,0.004,2680.7113543092,5,5,5,5,5,5,5,5,5,5,5,5,5,5,5,0,5
12.0,1,-0.49038,38.338249,140.76,6.72,4.78,:219236003_4_0,0.0,0.0,12.0,1,9.0,217.56081753315,16.594324566803,28.957876553996,17.693763995183,0.004522533975,0.004,2593.288590604,5,5,5,5,5,5,5,5,5,5,5,5,5,5,5,0,5
13.0,1,-0.490342,38.338235,119.14,3.64,8.43,:219236003_4_0,0.0,8.0,13.0,1,6.0,219.69139523936,9.2903692502816,26.827189117605,13.654093236269,0.004920082666,0.004,2499.9230769231,5,5,5,5,5,5,5,5,5,5,5,5,5,5,5,0,5
14.0,1,-0.490276,38.338229,92.72,5.98,4.15,:21323865_2_0,0.0,2.0,14.0,1,9.0,218.45079696814,16.179793343894,31.572853782302,17.279232772274,0.004920082666,0.004,2567.7857142857,5,5,5,5,5,5,5,5,5,5,5,5,5,5,5,0,5
15.0,1,-0.490195,38.338264,58.12,8.1,6.5,89664233#0_1,0.0,0.0,15.0,1,4.0,214.0737491528,5.6071330638934,28.551469370312,8.5965555223723,0.004234280652,0.004,2520.8,5,5,5,5,5,5,5,5,5,5,5,5,5,5,5,0,5
16.0,1,-0.490098,38.338309,58.12,9.81,16.31,89664233#0_1,0.0,0.0,16.0,1,14.0,206.55392053489,33.734069701011,19.701010422448,28.588740378993,0.004234280652,0.004,2578.875,5,5,5,5,5,5,5,5,5,5,5,5,5,5,5,0,5
17.0,1,-0.489982,38.338362,58.12,11.75,28.06,89664233#0_1,0.0,0.0,17.0,1,9.0,197.27434283846,17.59077953512,18.838723524226,18.690218963501,0.004234280652,0.004,2630.1176470588,5,5,5,5,5,5,5,5,5,5,5,5,5,5,5,0,5
18.0,1,-0.489853,38.338422,58.12,13.1,41.17,89664233#0_1,0.0,0.0,18.0,1,10.0,186.01472465911,18.929920883814,29.117576413724,20.029360312195,0.004234280652,0.004,2675.6666666667,5,5,5,5,5,5,5,5,5,5,5,5,5,5,5,0,5
19.0,1,-0.4897,38.338492,58.12,15.45,56.61,89664233#0_1,0.0,0.0,19.0,1,8.0,172.87068947592,15.240477646812,44.097724995297,19.604201632799,0.004234280652,0.004,2691.675734494,5,5,5,5,5,5,5,5,5,5,5,5,5,5,5,0,5
20.0,1,-0.489529,38.338568,59.44,17.15,6.12,89664233#1_1,0.0,0.0,20.0,1,9.0,158.84180432302,16.715913800425,47.363629115519,17.815353228806,0.004676814454,0.004,2618.55,5,5,5,5,5,5,5,5,5,5,5,5,5,5,5,0,5
21.0,1,-0.489343,38.33865,59.44,18.59,24.71,89664233#1_1,0.0,0.0,21.0,1,10.0,143.77478059766,19.477280838628,37.263471424123,20.576720267008,0.004676814454,0.004,2658.1428571429,5,5,5,5,5,5,5,5,5,5,5,5,5,5,5,0,5
22.0,1,-0.489144,38.338747,55.14,20.67,3.86,89664233#2_1,0.0,0.0,22.0,1,8.0,128.082501944,12.962662493355,33.672825518738,17.326386479342,0.004676814454,0.004,2666.3524976437,5,5,5,5,5,5,5,5,5,5,5,5,5,5,5,0,5
23.0,1,-0.488927,38.338858,55.27,22.64,26.51,89664233#2_1,0.0,0.0,23.0,1,13.0,111.62210425141,27.910631872966,29.059965339725,22.765302550947,0.00477889601,0.004,2488.507235467575,5,5,5,5,5,5,5,5,5,5,5,5,5,5,5,0,5
24.0,1,-0.488693,38.338979,55.27,24.4,50.91,89664233#2_1,0.0,0.0,24.0,1,14.0,95.9173428912,34.320995558768,47.649254724765,29.17566623675,0.004847206732,0.004,2504.3336944745,5,5,5,5,5,5,5,5,5,5,5,5,5,5,5,0,5
25.0,1,-0.48845,38.339115,51.25,26.18,2.84,20490166#2_1,0.0,0.0,25.0,1,14.0,82.478646806329,32.384224035687,53.119603915171,27.238894713669,0.004847206732,0.004,2542.1633730698,5,5,5,5,5,5,5,5,5,5,5,5,5,5,5,0,5
26.0,1,-0.488199,38.339278,49.52,28.66,2.15,:1675125802_0_1,0.0,0.0,26.0,1,14.0,73.234879698642,41.979934115936,43.550139014515,36.834604793917,0.004847206732,0.004,2577.0828525271,5,5,5,5,5,5,5,5,5,5,5,5,5,5,5,0,5
27.0,1,-0.487938,38.339464,38.72,30.72,24.7,20490166#3_0,0.0,0.0,27.0,1,11.0,75.157529006637,20.621753975965,44.720677801439,21.721193404346,0.004847206732,0.004,2609.4155122602,5,5,5,5,5,5,5,5,5,5,5,5,5,5,5,0,5
28.0,1,-0.487701,38.339684,38.72,32.03,56.73,20490166#3_0,0.0,0.0,28.0,1,14.0,80.336809712902,35.780082840393,48.002686130553,30.634753518374,0.004847206732,0.004,2639.4385313237,5,5,5,5,5,5,5,5,5,5,5,5,5,5,5,0,5
29.0,1,-0.487489,38.339928,31.55,32.83,89.56,20490166#3_0,0.0,0.0,29.0,1,14.0,94.301262847912,37.669540729859,44.596302883226,32.52421140784,0.004931300277,0.004,2603.3245964961,5,5,5,5,5,5,5,5,5,5,5,5,5,5,5,0,5
30.0,1,-0.487282,38.340178,31.55,33.0,122.57,20490166#3_0,0.0,0.0,30.0,1,13.0,111.57201465176,28.385553149284004,44.629290322824,23.240223827265,0.004931300277,0.004,2631.5508734498,5,5,5,5,5,5,5,5,5,5,5,5,5,5,2,0,5
31.0,1,-0.487081,38.34042,31.75,32.13,4.28,:21323868_0_0,0.0,0.0,31.0,1,10.0,132.37977685962,18.904048093839,27.93094554552,20.00348752222,0.004931300277,0.004,2655.9063268211,5,5,5,5,5,5,5,5,5,5,5,5,2,5,2,0,5
32.0,1,-0.486878,38.340662,31.98,32.27,29.12,20490166#4_0,0.0,1.0,32.0,1,11.0,155.63576792416,21.644243400419,38.099293921408,21.827000403872,0.004228339819,0.004,2613.2540464909,5,5,5,5,5,5,5,5,5,5,2,5,2,5,2,0,5
33.0,1,-0.486675,38.340903,31.98,32.11,61.22,20490166#4_0,0.0,1.0,33.0,1,5.0,180.05763577587,7.4665486064811,22.986850314607995,11.830272592468,0.004720836258,0.004,2538.7482951962,5,5,5,5,5,5,5,5,2,5,2,5,2,5,2,0,5
34.0,1,-0.48646,38.341139,40.62,32.37,93.59,20490166#4_0,0.0,1.0,34.0,1,8.0,205.73137853505,13.524771706594,19.514344708376,17.888495692581,0.004720836258,0.004,2559.2652940305,5,5,5,5,5,5,2,5,2,5,2,5,2,5,2,0,5
35.0,1,-0.486233,38.341336,40.65,29.62,123.21,20490166#4_0,0.0,1.0,35.0,1,6.0,231.70515293616,7.8772210039982,40.138591243675,12.240944989985,0.004588448356,0.004,2544.5459245218,5,5,5,5,2,5,2,5,2,5,2,5,2,5,2,1,2
36.0,1,-0.48604,38.341503,40.77,25.12,148.33,20490166#4_0,0.0,1.0,36.0,1,13.0,259.02654927915,26.788083195583,32.356343548874,27.887522623964,0.004895437937,0.004,2548.1701725623,5,5,2,5,2,5,2,5,2,5,2,5,2,5,2,2,2
37.0,1,-0.48584,38.341547,95.67,20.62,3.58,:254093757_1_0,0.0,8.0,37.0,1,6.0,269.82357919799,10.502604965915,19.598480398007,14.866328951902,0.004895437937,0.004,78.69226382817,2,5,2,5,2,5,2,5,2,5,2,5,2,5,2,2,2
38.0,1,-0.485677,38.341604,47.6,16.12,8.08,:224831013_1_0,0.0,8.0,38.0,1,6.0,249.63968488444,11.992882311448,29.655887804462,14.866328951902,0.004895437937,0.004,78.69226382817,2,2,2,5,2,5,2,5,2,5,2,5,2,5,2,0,2
39.0,1,-0.485625,38.341698,10.05,11.62,6.39,:224831021_1_0,0.0,8.0,39.0,1,6.0,245.08586838295,10.044125699822,19.909839075785,14.407849685809,0.004800964677,0.004,99.094709306799,2,2,2,2,2,5,2,5,2,5,2,5,2,5,2,0,2
40.0,1,-0.485624,38.341762,357.82,7.19,5.09,20929389#4_0,0.0,8.0,40.0,1,8.0,237.2628876148,13.192521197859,46.598424623222,17.556245183846,0.004800964677,0.004,182.88200435076,2,2,2,2,2,2,2,5,2,5,2,5,2,5,2,0,2
41.0,1,-0.485655,38.341822,332.15,7.26,3.59,:224831033_1_0,0.0,0.0,41.0,1,10.0,226.66761390893,19.017944619216,17.539833961408,20.117384047597,0.004800964677,0.004,262.58141633937,2,2,2,2,2,2,2,2,2,5,2,5,2,5,2,0,2
42.0,1,-0.485688,38.341853,319.39,4.46,8.05,:224831033_1_0,0.0,8.0,42.0,1,2.0,219.8016794511,-3.6018082257308,19.428289402314,-2.7952297694578,0.004800964677,0.004,270.33801377364,2,2,2,2,2,2,2,2,2,2,2,5,2,5,2,0,2
43.0,1,-0.485743,38.341886,305.32,6.12,5.79,:224831039_3_0,0.0,0.0,43.0,1,12.0,213.02692259019,24.237397717145,10.855913944307,25.336837145525,0.004702772354,0.004,307.5842165414533,2,2,2,2,2,2,2,2,2,2,2,2,2,5,2,0,2
44.0,1,-0.485838,38.341895,273.33,8.44,5.72,280216938#1_0,0.0,1.0,44.0,1,14.0,207.4776533363,32.671121541577,25.449432307541,27.525792219559,0.004702772354,0.004,364.04540575109,2,2,2,2,2,2,2,2,2,2,2,2,2,2,2,0,2
45.0,1,-0.485938,38.341935,318.63,10.76,3.11,20929392#0_0,0.0,0.0,45.0,1,8.0,207.68772350442,13.909229890693,35.084129594695,18.27295387668,0.004052444269,0.004,398.86173418145,2,2,2,2,2,2,2,2,2,2,2,2,2,2,2,0,2
46.0,1,-0.486021,38.342025,322.89,12.33,0.13,20929392#1_0,0.0,0.0,46.0,1,8.0,201.12603706167,22.595879376707,29.656385754651,18.27295387668,0.004052444269,0.004,398.86173418145,2,2,2,2,2,2,2,2,2,2,2,2,2,2,2,0,2
47.0,1,-0.486142,38.342098,295.29,13.65,8.88,20929392#2_0,0.0,0.0,47.0,1,13.0,192.19220854422,30.214236944104,39.912209553164,25.068907622086,0.004497761815,0.004,445.26302226955,2,2,2,2,2,2,2,2,2,2,2,2,2,2,5,0,2
48.0,1,-0.486306,38.342077,243.28,15.08,0.56,:224831074_0_0,0.0,0.0,48.0,1,12.0,191.41566606256,25.96001232545,12.827792920762,20.814683003432,0.004497761815,0.004,460.2142796646101,2,2,2,2,2,2,2,2,2,2,2,2,5,2,5,0,2
49.0,1,-0.486433,38.341962,215.28,17.0,7.83,20929395#0_0,0.0,1.0,49.0,1,12.0,205.66770302071,24.4999452018,37.002327221044,20.814683003432,0.004497761815,0.004,460.21427966461,2,2,2,2,2,2,2,2,2,2,5,2,5,2,5,0,2
50.0,1,-0.486554,38.341822,211.95,18.85,26.68,20929395#0_0,0.0,1.0,50.0,1,12.0,225.4828752982,8.5870346007824,30.755053388192,20.814683003432,0.004497761815,0.004,460.21427966461,2,2,2,2,2,2,2,2,5,2,5,2,5,2,5,0,2
51.0,1,-0.486687,38.341664,211.95,21.06,47.75,20929395#0_0,0.0,1.0,51.0,1,10.0,247.9042874131,19.112976934735,21.969723236989,20.212416363115,0.004851285686,0.004,460.09021376741,2,2,2,2,2,2,5,2,5,2,5,2,5,2,2,0,2
52.0,1,-0.486829,38.341495,211.95,22.41,70.16,20929395#0_0,0.0,1.0,52.0,1,7.0,270.40485476971,11.620084549902,10.879528490013,15.983808535889,0.004851285686,0.004,507.41169658367,2,2,2,2,5,2,5,2,5,2,5,2,2,2,2,1,5
53.0,1,-0.487004,38.341337,249.04,24.18,5.65,:219237152_0_0,0.0,1.0,53.0,1,7.0,292.08759591968,2.9506909780572,42.575557288314,15.983808535889,0.004851285686,0.004,507.41169658367,2,2,5,2,5,2,5,2,5,2,2,2,2,2,2,2,5
54.0,1,-0.487217,38.341461,328.37,25.64,11.5,20490187#2_0,0.0,0.0,54.0,1,13.0,228.93597011151,30.499893958425,21.414675417431,25.354564636407,0.00494697197,0.004,13.2907447370362,5,2,5,2,5,2,5,2,2,2,2,2,2,2,2,2,5
55.0,1,-0.487368,38.341667,328.37,26.41,37.91,20490187#2_0,0.0,0.0,55.0,1,10.0,238.87974175042004,19.255913628101,31.606427720355,20.355353056481,0.00494697197,0.004,75.703656614347,5,5,5,2,5,2,2,2,2,2,2,2,2,2,2,0,5
56.0,1,-0.487513,38.341864,328.37,25.29,63.21,20490187#2_0,0.0,0.0,56.0,1,6.0,250.15629150776,8.0837714095271,26.427045586342,12.447495395514,0.00494697197,0.004,136.16626927538,5,5,5,5,2,2,2,2,2,2,2,2,2,2,2,1,2
57.0,1,-0.487658,38.342061,328.44,25.27,1.98,:4301312772_0_0,0.0,0.0,57.0,1,9.0,263.27977418878,16.290870195323,27.569188042726,17.390309623704,0.00494697197,0.004,194.195580364876,5,5,2,5,2,5,2,2,2,2,2,2,2,2,2,2,2
58.0,1,-0.487803,38.34226,329.01,25.55,7.5,20490187#6_0,0.0,0.0,58.0,1,6.0,258.88357751594,10.560030559072,15.694070146859,14.923754545059,0.00494697197,0.004,58.69901137593767,2,5,2,5,2,5,2,5,2,2,2,2,2,2,2,2,2
59.0,1,-0.48795,38.342465,329.01,26.07,33.58,20490187#6_0,0.0,0.0,59.0,1,10.0,254.08289627954,18.868086471479,22.688476912808,19.967525899859,0.00494697197,0.004,116.37614586594,2,2,2,5,2,5,2,5,2,5,2,2,2,2,2,0,2
60.0,1,-0.488099,38.342672,328.72,26.37,2.51,:4301312783_0_0,0.0,0.0,60.0,1,7.0,251.1382301603,11.66733486674,24.344210182146,16.031058852727,0.004408667992,0.004,147.2098139876,2,2,2,2,2,5,2,5,2,5,2,5,2,2,2,0,2
61.0,1,-0.488247,38.342876,328.59,26.12,23.88,20490187#8_0,0.0,0.0,61.0,1,11.0,250.13360327243,22.510451885805,35.51623788483,23.609891314186,0.004014346629,0.004,193.06703769837668,2,2,2,2,2,2,2,5,2,5,2,5,2,5,2,0,2
62.0,1,-0.488392,38.343074,328.59,25.39,49.28,20490187#8_0,0.0,0.0,62.0,1,13.0,251.40331182145,28.780860528669,30.922144642672,23.63553120665,0.004014346629,0.004,245.60301863560332,2,2,2,2,2,2,2,2,2,5,2,5,2,5,2,0,2
63.0,1,-0.488502,38.343226,349.43,20.89,4.57,:243896893_0_0,0.0,9.0,63.0,1,10.0,254.66535936587,19.978772125959,29.981642191817,21.078211554339,0.004014346629,0.004,296.5544835396475,2,2,2,2,2,2,2,2,2,2,2,5,2,5,2,0,2
64.0,1,-0.488342,38.343302,55.63,16.39,8.04,22736851#1_0,0.0,8.0,64.0,1,9.0,258.94787585886,16.074728667311,17.005276292959,17.174168095691,0.004349651843,0.004,299.75621952744,2,2,2,2,2,2,2,2,2,2,2,2,2,5,2,0,2
65.0,1,-0.488191,38.343379,55.63,15.65,23.7,22736851#1_0,0.0,0.0,65.0,1,12.0,258.57769560989,23.619220523654,28.518770900012,24.718659952034,0.004349651843,0.004,322.23980636753,2,2,2,2,2,2,2,2,2,2,2,2,2,2,2,0,2
66.0,1,-0.488042,38.343452,58.63,15.42,3.38,:243896894_1_0,0.0,0.0,66.0,1,2.0,245.50437980683,-3.4571514507974,30.726897051067,-2.6505729945243,0.010977044686,0.01,324.25708362129,2,2,2,2,2,2,2,2,2,2,2,2,2,2,2,0,2
67.0,1,-0.487868,38.343484,75.34,15.56,11.83,22736851#3_0,0.0,2.0,67.0,1,12.0,232.02420910391,25.863867429306,27.296908340712,20.718538107287,0.004977044686,0.004,362.7973631128525,2,2,2,2,2,2,2,2,2,2,2,2,2,2,2,0,2
68.0,1,-0.487694,38.343516,75.34,15.66,27.49,22736851#3_0,0.0,2.0,68.0,1,9.0,218.93681529615,15.77362810852,32.39253106426,16.8730675369,0.004977044686,0.004,408.27595911543,2,2,2,2,2,2,2,2,2,2,2,2,2,2,2,0,2
69.0,1,-0.487623,38.343629,2.84,16.02,7.28,22563937#0_0,0.0,1.0,69.0,1,10.0,205.22135439257,18.960741666744,20.860220475949,20.060181095124,0.004608910964,0.004,449.02603049452,2,2,2,2,2,2,2,2,2,2,2,2,2,2,2,0,2
70.0,1,-0.48751,38.343714,75.32,16.15,2.93,22736515#1_0,0.0,0.0,70.0,1,13.0,191.56067849388,30.408708851149,39.671275842044,25.263379529131,0.004608910964,0.004,491.89953711641,2,2,2,2,2,2,2,2,2,2,2,2,2,2,2,0,2
71.0,1,-0.487339,38.343746,74.96,15.36,18.3,22736515#1_0,0.0,0.0,71.0,1,12.0,179.75388733689,26.456218083821,41.356335258975,21.310888761802,0.00474115849,0.004,507.8245465214099,2,2,2,2,2,2,2,2,2,2,2,2,2,2,2,0,2
72.0,1,-0.487219,38.343769,74.96,10.86,29.16,22736515#1_0,0.0,8.0,72.0,1,13.0,177.30448729726996,30.315065931196,37.054217023888,25.169736609178,0.004032767351,0.004,510.79166666667,2,2,2,2,2,2,2,2,2,2,2,2,2,2,2,0,2
73.0,1,-0.487133,38.343785,75.14,7.72,1.62,:4547207966_0_0,0.0,8.0,73.0,1,11.0,164.64896293563,21.990865012727,28.03392262416,23.090304441107,0.004032767351,0.004,551.05479452055,2,2,2,2,2,2,2,2,2,2,2,2,2,2,2,0,2
74.0,1,-0.487028,38.343812,72.95,9.68,5.42,:243893690_4_0,0.0,0.0,74.0,1,13.0,151.24557440576,30.210701877066,25.014103516689,25.065372555048,0.004032767351,0.004,590.22972972973,2,2,2,2,2,2,2,2,2,2,2,2,2,2,2,0,2
75.0,1,-0.486899,38.343836,74.84,11.58,11.02,467497545#0_0,0.0,0.0,75.0,1,8.0,141.121125933,12.948949014496,30.104225775837005,17.312673000483,0.004032767351,0.004,628.36,2,2,2,2,2,2,2,2,2,2,2,2,2,2,2,0,2
76.0,1,-0.486753,38.343864,74.84,13.1,24.12,467497545#0_0,0.0,0.0,76.0,1,11.0,134.35046415028,22.417374458722,36.704561684582,23.516813887102,0.004032767351,0.004,638.85494155154,2,2,2,2,2,2,2,2,2,2,2,2,2,2,2,0,2
77.0,1,-0.486581,38.343897,74.35,15.54,2.67,:4301312818_4_0,0.0,0.0,77.0,1,11.0,126.46835273036,34.06164329405,37.253250018121,23.516813887102,0.004032767351,0.004,638.85494155154,2,2,2,2,2,2,2,2,2,2,2,2,2,2,2,0,2
78.0,1,-0.486518,38.343777,166.34,16.18,11.19,22278655#16_0,0.0,0.0,78.0,1,13.0,116.03705113647,27.675422411934,26.856999699612,22.530093089915,0.004225004846,0.004,621.417536651056,2,2,2,2,2,2,2,2,2,2,2,2,2,2,2,0,2
79.0,1,-0.486481,38.34364,166.58,15.52,5.68,22278655#17_0,0.0,0.0,79.0,1,14.0,104.36031122898,43.484729479559,37.765952740683,38.339400157541,0.004225004846,0.004,629.80670893843,2,2,2,2,2,2,2,2,2,2,2,2,2,2,2,0,2
80.0,1,-0.486443,38.343497,166.58,16.2,21.87,22278655#17_0,0.0,0.0,80.0,1,14.0,90.941155010211,20.385841999227,48.239256527986,38.339400157541,0.004225004846,0.004,629.80670893843,2,2,2,2,2,2,2,2,2,2,2,2,2,2,2,0,2
81.0,1,-0.486487,38.343383,242.78,16.39,1.6,22736620#6_0,0.0,0.0,81.0,1,14.0,82.747795458331,32.532683431735,34.301734811438,38.339400157541,0.004225004846,0.004,629.80670893843,2,2,2,2,2,2,2,2,2,2,2,2,2,2,2,0,2
82.0,1,-0.486651,38.343319,241.8,15.98,17.57,22736620#6_0,0.0,0.0,82.0,1,14.0,79.722741565701,42.79931370102,44.97779324482699,37.653984379001,0.004491981028,0.004,629.1775887976601,2,2,2,2,2,2,2,2,2,2,2,2,2,2,2,0,2
83.0,1,-0.486814,38.343252,239.13,16.08,0.78,22736620#8_0,0.0,0.0,83.0,1,9.0,79.130051188944,17.515635351277,42.120788981458,18.615074779657,0.004074583241,0.004,640.95180722892,2,2,2,2,2,2,2,2,2,2,2,2,2,2,2,0,2
84.0,1,-0.486976,38.343178,238.39,16.43,17.21,22736620#8_0,0.0,0.0,84.0,1,11.0,80.891872650458,22.798107495513005,39.000030977101,23.897546923893,0.004074583241,0.004,659.77740545716,2,2,2,2,2,2,2,2,2,2,2,2,2,2,2,0,2
85.0,1,-0.487137,38.343105,238.39,16.25,33.45,22736620#8_0,0.0,0.0,85.0,1,14.0,90.552616055104,37.881895561545,53.806637970976,32.736566239526,0.004483285565,0.004,680.83734523179,2,2,2,2,2,2,2,2,2,2,2,2,2,2,-1,0,2
86.0,1,-0.487293,38.343026,234.59,16.15,8.58,22736618#0_0,0.0,0.0,86.0,1,13.0,103.8132089234,30.263392019069,39.161979088186,25.118062697051,0.004483285565,0.004,713.0386591217367,2,2,2,2,2,2,2,2,2,2,2,2,-1,2,-1,0,2
5.0,2,-0.491852,38.339947,149.56,12.31,7.38,46107609#19_0,0.0,1.0,5.0,2,4.0,278.99971792375,3.9271128443043,26.101715500253004,5.4727875576145,0.0049996412,0.004,462.40837696335,5,-1,5,-1,5,-1,5,-1,5,-1,5,-1,5,-1,5,0,5
6.0,2,-0.491787,38.339855,149.56,11.7,19.08,46107609#19_0,0.0,1.0,6.0,2,4.0,271.15959790703,19.947477815043,13.985643364619,5.4727875576145,0.0049996412,0.004,462.40837696335,5,5,5,-1,5,-1,5,-1,5,-1,5,-1,5,-1,5,0,5
7.0,2,-0.491722,38.339761,149.56,11.82,30.9,46107609#19_0,0.0,1.0,7.0,2,4.0,263.95247035617,3.3112863147151,14.074473712974,6.3760528450622,0.004177205537,0.004,389.629199309015,5,5,5,5,5,-1,5,-1,5,-1,5,-1,5,-1,5,0,5
8.0,2,-0.491658,38.33967,149.56,11.54,42.44,46107609#19_0,0.0,1.0,8.0,2,6.0,257.04695168331,9.6130476422766,37.325947118653,11.808171962253,0.004177205537,0.004,772.416073704715,5,5,5,5,5,5,5,-1,5,-1,5,-1,5,-1,5,0,5
9.0,2,-0.491615,38.339567,176.03,12.5,5.31,:224830796_2_0,0.0,1.0,9.0,2,6.0,250.96802558729,9.5638145350995,25.399028532271,11.758938855076,0.004177205537,0.004,1068.7686492108,5,5,5,5,5,5,5,5,5,-1,5,-1,5,-1,5,0,5
10.0,2,-0.491668,38.339465,201.41,12.26,10.27,20929379#0_0,0.0,0.0,10.0,2,7.0,255.94683795859,12.46761348425,24.751656085513,14.662737804226,0.004177205537,0.004,1154.3163538874,5,5,5,5,5,5,5,5,5,5,5,-1,5,-1,5,0,5
11.0,2,-0.491723,38.339364,201.41,12.16,22.43,20929379#0_0,0.0,0.0,11.0,2,11.0,262.94841990753,19.87343675909,38.092471473733,20.610244601297,0.004284527888,0.004,1213.8057559190795,5,5,5,5,5,5,5,5,5,5,5,5,5,-1,5,0,5
12.0,2,-0.491765,38.339285,201.41,9.56,0.03,:4529345989_0_0,0.0,8.0,12.0,2,13.0,268.41137637698,28.901957252643,14.722905372262,29.63876509485,0.004284527888,0.004,1342.6195782616,5,5,5,5,5,5,5,5,5,5,5,5,5,5,5,0,5
13.0,2,-0.491791,38.339238,201.51,5.65,0.48,20929379#1_0,0.0,9.0,13.0,2,13.0,271.6607873713,25.418405362907,29.17407346279,29.63876509485,0.004284527888,0.004,1342.6195782616,5,5,5,5,5,5,5,5,5,5,5,5,5,5,5,0,5
14.0,2,-0.491851,38.339205,254.22,7.89,5.28,:224830621_0_0,0.0,1.0,14.0,2,12.0,277.81605694541,22.987066689993,21.744165026352,23.723874532201,0.004779033541,0.004,1338.7754528893502,5,5,5,5,5,5,5,5,5,5,5,5,5,5,5,0,5
15.0,2,-0.491951,38.339251,299.11,10.1,10.09,20929361#3_0,0.0,0.0,15.0,2,8.0,284.90090339844,14.369966036808,26.577447013377,16.565090356784,0.004779033541,0.004,1472.9973900823,5,5,5,5,5,5,5,5,5,5,5,5,5,5,5,0,5
16.0,2,-0.492074,38.339308,299.11,12.48,22.57,20929361#3_0,0.0,0.0,16.0,2,8.0,293.78387049584,12.546617550456,13.80058223054,16.565090356784,0.004779033541,0.004,1472.9973900823,5,5,5,5,5,5,5,5,5,5,5,5,5,5,5,0,5
17.0,2,-0.492216,38.339374,298.34,14.49,37.06,20929361#3_0,0.0,0.0,17.0,2,4.0,304.16850366466,2.8599145736708,28.935410853797,-1.2105898380347,0.016715496093,0.016,1476.3925729443,5,5,5,5,5,5,5,5,5,5,5,5,5,5,5,0,5
18.0,2,-0.492377,38.339443,296.84,15.92,52.98,20929361#3_0,0.0,0.0,18.0,2,4.0,316.66605723289,11.916581682971,22.717559593313,-1.2105898380347,0.016715496093,0.016,1476.3925729443,5,5,5,5,5,5,5,5,5,5,5,5,5,5,3,0,5
19.0,2,-0.492551,38.339516,295.31,17.31,70.3,20929361#3_0,0.0,0.0,19.0,2,9.0,331.27806423303,15.879819737862,22.861689731443,16.616627580069,0.004433082221,0.004,1353.11866074635,5,5,5,5,5,5,5,5,5,5,5,5,3,5,3,0,5
20.0,2,-0.492757,38.339587,292.13,19.65,89.94,20929361#3_0,0.0,0.0,20.0,2,7.0,348.27459454953004,12.081930076858,20.967307270408,14.277054396833998,0.004433082221,0.004,1434.8090058184,5,5,5,5,5,5,5,5,5,5,3,5,3,5,3,0,5
21.0,2,-0.492967,38.339653,286.58,19.83,4.26,20929361#4_0,0.0,0.0,21.0,2,7.0,367.40759144262,8.4718060157846,28.229789420197,14.277054396834,0.004433082221,0.004,1434.8090058184,5,5,5,5,5,5,5,5,3,5,3,5,3,5,3,0,5
22.0,2,-0.493163,38.339703,286.5,18.0,22.26,20929361#4_0,0.0,0.0,22.0,2,5.0,384.64265865368,6.3764816164977,11.366899552704,8.5716059364738,0.004343014899,0.004,1317.5122749591,5,5,5,5,5,5,3,5,3,5,3,5,3,5,3,0,5
23.0,2,-0.493314,38.339742,286.5,13.82,36.08,20929361#4_0,0.0,8.0,23.0,2,4.0,397.75886234249,1.9161180750127995,19.851721048876,4.9808846053599,0.004343014899,0.004,1374.137015401,5,5,5,5,3,5,3,5,3,5,3,5,3,5,3,1,3
24.0,2,-0.493419,38.339769,286.49,9.72,4.95,:4518323905_0_0,0.0,8.0,24.0,2,6.0,406.6363384815,9.8129613059832,4.1989840593376,12.008085625959,0.004622437636,0.004,1353.4295098181333,5,5,3,5,3,5,3,5,3,5,3,5,3,5,3,2,3
25.0,2,-0.493476,38.339784,286.54,5.22,3.47,20929361#5_0,0.0,9.0,25.0,2,5.0,426.8166270680501,7.212233693013,19.414243022294,9.4073580129891,0.004622437636,0.004,137.10512157506335,3,5,3,5,3,5,3,5,3,5,3,5,3,5,3,2,3
26.0,2,-0.493532,38.339825,318.8,6.97,6.09,:219237712_0_0,0.0,1.0,26.0,2,8.0,425.71428765618,13.787183556299,2.6844787259034,15.982307876275,0.004622437636,0.004,264.5470637606767,3,3,3,5,3,5,3,5,3,5,3,5,3,5,3,0,3
27.0,2,-0.493552,38.339897,349.1,8.28,0.52,:4518323901_0_0,0.0,0.0,27.0,2,8.0,425.54085716912,13.793430314742002,2.6907254843456,15.988554634718,0.004622437636,0.004,382.54722657556,3,3,3,3,3,5,3,5,3,5,3,5,3,5,3,0,3
28.0,2,-0.493572,38.339991,348.87,10.55,6.55,46106982#2_0,0.0,0.0,28.0,2,8.0,423.50776106519,5.2736389139005,25.610331978649,15.988554634718,0.004622437636,0.004,392.36393176279,3,3,3,3,3,3,3,5,3,5,3,5,3,5,3,0,3
29.0,2,-0.493595,38.340102,348.87,12.45,19.0,46106982#2_0,0.0,0.0,29.0,2,5.0,418.47786492243006,7.1084064578249,12.19521738491,9.303530777801,0.00427404283,0.004,453.098467973116,3,3,3,3,3,3,3,3,3,5,3,5,3,5,3,0,3
30.0,2,-0.493617,38.340203,348.56,11.39,2.06,:4518323916_0_0,0.0,0.0,30.0,2,5.0,410.80978926233,6.7162999079722,24.389372292304,8.9114242279483,0.00427404283,0.004,552.8831003004633,3,3,3,3,3,3,3,3,3,3,3,5,3,5,3,0,3
31.0,2,-0.49365,38.340304,344.89,11.46,3.38,:224830856_2_0,0.0,0.0,31.0,2,5.0,401.67719287462,7.2538845251103,24.135788998202,9.4490088450864,0.00427404283,0.004,646.2068668387725,3,3,3,3,3,3,3,3,3,3,3,3,3,5,3,0,3
32.0,2,-0.493677,38.340408,347.17,11.82,8.77,46106982#4_0,0.0,0.0,32.0,2,5.0,390.52667577961,6.800113339015399,25.27505789717,8.9952376589915,0.00427404283,0.004,734.101948806102,3,3,3,3,3,3,3,3,3,3,3,3,3,3,3,0,3
33.0,2,-0.493703,38.340512,347.17,11.78,20.55,46106982#4_0,0.0,0.0,33.0,2,10.0,377.75988522937,19.331551052395,9.3543095454094,20.068358894602,0.00427404283,0.004,816.30796534542,3,3,3,3,3,3,3,3,3,3,3,3,3,3,3,0,3
34.0,2,-0.493729,38.340613,347.17,11.46,32.01,46106982#4_0,0.0,0.0,34.0,2,7.0,364.13009692094,11.704702953529,23.451741225501,13.899827273505,0.00449285907,0.004,894.99691167387,3,3,3,3,3,3,3,3,3,3,3,3,3,3,3,0,3
35.0,2,-0.493756,38.340719,347.17,11.97,43.98,46106982#4_0,0.0,0.0,35.0,2,5.0,350.65150189522,6.4344265938044,18.237069028134,8.6295509137805,0.00449285907,0.004,967.99908568816,3,3,3,3,3,3,3,3,3,3,3,3,3,3,3,0,3
36.0,2,-0.493782,38.340825,347.17,12.0,55.98,46106982#4_0,0.0,0.0,36.0,2,8.0,337.75138935382,14.462085412796,17.904031114135,16.657209732772,0.00449285907,0.004,1036.9454707075,3,3,3,3,3,3,3,3,3,3,3,3,3,3,3,0,3
37.0,2,-0.493767,38.340921,37.53,12.46,0.23,20929383#0_0,0.0,0.0,37.0,2,5.0,324.60587311831,7.3855690048795,35.052838756739,9.5806933248556,0.00449285907,0.004,1102.1649233763,3,3,3,3,3,3,3,3,3,3,3,3,3,3,3,0,3
38.0,2,-0.493605,38.340963,60.23,14.55,2.58,20929383#1_0,0.0,0.0,38.0,2,13.0,311.45348190433,28.662189139318,29.368908415463995,29.398996981525,0.00449285907,0.004,1126.0333342251,3,3,3,3,3,3,3,3,3,3,3,3,3,3,3,0,3
39.0,2,-0.493444,38.341033,59.45,16.11,18.68,20929383#1_0,0.0,0.0,39.0,2,13.0,298.89022526541,14.525801621331,38.049843777401,29.398996981525,0.00449285907,0.004,1126.0333342251,3,3,3,3,3,3,3,3,3,3,3,3,3,3,3,0,3
40.0,2,-0.493264,38.341112,59.45,18.0,36.68,20929383#1_0,0.0,0.0,40.0,2,12.0,300.38721474417,25.239692759023,17.897687114894,25.97650060123,0.004440651816,0.004,1079.1280078449,3,3,3,3,3,3,3,3,3,3,3,3,3,3,3,0,3
41.0,2,-0.493089,38.341221,60.48,19.27,55.95,20929383#1_1,0.0,0.0,41.0,2,6.0,299.67378977713,9.1273864638096,2.9805999834901,11.322510783786,0.004746745598,0.004,1109.0758311178,3,3,3,3,3,3,3,3,3,3,3,3,3,3,3,0,3
42.0,2,-0.492896,38.341302,60.53,19.07,2.86,:5172459572_0_1,0.0,0.0,42.0,2,9.0,299.96303554063,15.463175409098,20.855836804028,16.199983251305,0.00480303572,0.004,1117.8589247019331,3,3,3,3,3,3,3,3,3,3,3,3,3,3,3,0,3
43.0,2,-0.492707,38.341384,59.04,18.92,7.45,20929383#3_1,0.0,0.0,43.0,2,7.0,298.43525729497,11.545795940454,19.690115733386,13.74092026043,0.00480303572,0.004,1172.014468434925,3,3,3,3,3,3,3,3,3,3,3,3,3,3,3,0,3
44.0,2,-0.492516,38.341468,59.04,19.13,26.58,20929383#3_1,0.0,0.0,44.0,2,6.0,302.21282145701,10.512099659683,20.344657468377,12.707223979659,0.00480303572,0.004,1216.4344196866,3,3,3,3,3,3,3,3,3,3,3,3,3,3,3,0,3
45.0,2,-0.492318,38.341556,59.04,19.82,46.4,20929383#3_1,0.0,0.0,45.0,2,7.0,307.07595223104,11.838328572388,35.557986450506,14.033452892364,0.004614634252,0.004,1191.5853577223,3,3,3,3,3,3,3,3,3,3,3,3,3,3,5,0,3
46.0,2,-0.492123,38.341643,59.04,19.59,66.0,20929383#3_1,0.0,0.0,46.0,2,13.0,313.31996143153,27.827856256252,21.029998169756,28.564664098459,0.004614634252,0.004,1240.6888004696,3,3,3,3,3,3,3,3,3,3,3,3,5,3,5,0,3
47.0,2,-0.491933,38.341727,59.04,19.14,85.14,20929383#3_1,0.0,0.0,47.0,2,9.0,320.96724708559,16.226113441154,36.597598360395,16.962921283362,0.004614634252,0.004,1255.9540517781,3,3,3,3,3,3,3,3,3,3,5,3,5,3,5,0,3
48.0,2,-0.491743,38.341812,58.6,19.04,3.53,:224830872_2_1,0.0,0.0,48.0,2,9.0,329.96417002072,16.799778477682,6.1973761523582,16.962921283362,0.004614634252,0.004,1255.9540517781,3,3,3,3,3,3,3,3,5,3,5,3,5,3,5,0,3
49.0,2,-0.491552,38.341898,58.86,19.22,16.28,20929383#5_1,0.0,0.0,49.0,2,8.0,340.14932980896,13.948190381498,19.224479757292,16.143314701474,0.004413974898,0.004,1226.0318891667,3,3,3,3,3,3,5,3,5,3,5,3,5,3,5,0,3
50.0,2,-0.491356,38.341985,58.86,19.74,36.02,20929383#5_1,0.0,0.0,50.0,2,8.0,351.65938040725,10.256451615765,10.429744862308,16.143314701474,0.004413974898,0.004,1226.0318891667,3,3,3,3,5,3,5,3,5,3,5,3,5,3,5,1,5
51.0,2,-0.491167,38.34207,58.86,18.95,54.98,20929383#5_1,0.0,0.0,51.0,2,8.0,363.89199433299,7.3997212047216,10.190293619206,16.143314701474,0.004413974898,0.004,1226.0318891667,3,3,5,3,5,3,5,3,5,3,5,3,5,3,5,2,5
52.0,2,-0.490968,38.342159,58.86,20.05,75.02,20929383#5_1,0.0,0.0,52.0,2,8.0,331.32281724971,32.344867728438,16.6583681058,16.143314701474,0.004413974898,0.004,1226.0318891667,5,3,5,3,5,3,5,3,5,3,5,3,5,3,5,2,5
53.0,2,-0.490774,38.342246,58.86,19.52,94.54,20929383#5_1,0.0,0.0,53.0,2,9.0,328.7819161353,15.602402245936,31.661383603446,16.339210088143,0.004322543881,0.004,37.761129248363,5,5,5,3,5,3,5,3,5,3,5,3,5,3,2,0,5
54.0,2,-0.490574,38.342335,58.89,20.05,0.65,:224830879_1_1,0.0,0.0,54.0,2,14.0,327.78087360105,36.834074910291,29.406141853549,37.570882752498,0.004322543881,0.004,100.961271323,5,5,5,5,5,3,5,3,5,3,5,3,2,3,2,0,5
55.0,2,-0.490382,38.342419,59.3,19.22,13.64,20929383#6_1,0.0,0.0,55.0,2,6.0,328.17961050837,9.7130084729941,20.952723661249,11.90813279297,0.004322543881,0.004,152.26787766045,5,5,5,5,5,5,5,3,5,3,2,3,2,3,2,0,5
56.0,2,-0.490185,38.342506,59.3,19.77,2.67,:3196320711_0_1,0.0,0.0,56.0,2,6.0,330.01848837136,9.5590039237437,20.558081915652,12.30490088766,0.004445499996,0.004,152.068051614492,5,5,5,5,5,5,5,5,2,3,2,3,2,3,2,0,5
57.0,2,-0.489984,38.342594,59.32,20.15,13.32,20929383#7_1,0.0,0.0,57.0,2,7.0,333.36267826207,12.584261335971,18.971765275038,14.779385655947,0.004792953937,0.004,187.65133171913,5,5,5,5,5,5,2,5,2,5,2,3,2,3,2,0,5
58.0,2,-0.489787,38.34268,59.32,19.63,32.95,20929383#7_1,0.0,0.0,58.0,2,7.0,338.04082871578,13.374582296682,15.783720607619,15.569706616658,0.004792953937,0.004,243.90454184916,5,5,5,5,2,5,2,5,2,5,2,5,2,3,2,1,2
59.0,2,-0.489592,38.342768,58.39,19.69,2.86,20929383#8_1,0.0,0.0,59.0,2,9.0,344.2406782156,15.893870615954,11.360338468952,16.630678458161,0.004792953937,0.004,298.25066955962,5,5,2,5,2,5,2,5,2,5,2,5,2,5,2,2,2
60.0,2,-0.489396,38.342857,58.16,19.79,22.65,20929383#8_1,0.0,0.0,60.0,2,9.0,339.7514535838,15.537778368936,21.559649092611,16.274586211143,0.004472409194,0.004,55.492978583676745,2,5,2,5,2,5,2,5,2,5,2,5,2,5,2,2,2
61.0,2,-0.4892,38.342948,58.16,19.84,42.49,20929383#8_1,0.0,0.0,61.0,2,9.0,318.46234718265,15.736264258153,19.781027767459,16.47307210036,0.004472409194,0.004,111.23733054738666,2,2,2,5,2,5,2,5,2,5,2,5,2,5,2,0,2
62.0,2,-0.489002,38.343039,58.16,20.11,62.61,20929383#8_1,0.0,0.0,62.0,2,12.0,300.31306121228,24.329244782560995,21.649356785269003,25.066052624768,0.004472409194,0.004,125.04693954187,2,2,2,2,2,5,2,5,2,5,2,5,2,5,2,0,2
63.0,2,-0.48884,38.343113,58.13,16.37,2.02,:4524149553_0_1,0.0,8.0,63.0,2,12.0,286.11412610239,25.334116595995,33.538965331017,26.070924438202,0.004362048047,0.004,173.43005979963334,2,2,2,2,2,2,2,5,2,5,2,5,2,5,2,0,2
64.0,2,-0.488706,38.343153,71.46,12.69,1.89,37040680_0,0.0,8.0,64.0,2,11.0,276.00858722269,19.871854670782,19.790734245155,20.608662512989,0.004362048047,0.004,208.08268019539,2,2,2,2,2,2,2,2,2,5,2,5,2,5,2,0,2
65.0,2,-0.488617,38.343185,63.5,8.62,10.5,37040680_0,0.0,8.0,65.0,2,11.0,270.35288577232,28.933899492674,26.635712933212,20.608662512989,0.004362048047,0.004,208.08268019539,2,2,2,2,2,2,2,2,2,2,2,5,2,5,2,0,2
66.0,2,-0.488574,38.343201,63.5,4.13,14.64,37040680_0,0.0,8.0,66.0,2,10.0,262.6753840599,18.886523445927,33.032370455511,19.623331288134,0.004447049012,0.004,231.34181455423249,2,2,2,2,2,2,2,2,2,2,2,2,2,5,2,0,2
67.0,2,-0.488506,38.343227,62.9,6.57,5.85,:243896893_2_0,0.0,0.0,67.0,2,12.0,252.63920522315,23.83583005487,31.318414456458,24.572637897078,0.004447049012,0.004,266.79655301611,2,2,2,2,2,2,2,2,2,2,2,2,2,2,2,0,2
68.0,2,-0.488416,38.343264,58.49,8.9,0.26,22736851#1_0,0.0,0.0,68.0,2,7.0,241.0836174928,13.568433313031996,29.093175198961,15.763557633009,0.004795937993,0.004,307.46040382947,2,2,2,2,2,2,2,2,2,2,2,2,2,2,2,0,2
69.0,2,-0.48831,38.343318,55.63,11.09,11.35,22736851#1_0,0.0,0.0,69.0,2,9.0,228.70074618752,15.604237544656,13.8851610617,16.341045386863,0.004795937993,0.004,327.66405119888,2,2,2,2,2,2,2,2,2,2,2,2,2,2,2,0,2
70.0,2,-0.488194,38.343377,55.63,12.1,23.45,22736851#1_0,0.0,0.0,70.0,2,11.0,216.62129525326,20.562430505262,27.994316854064,21.29923834747,0.004532214031,0.004,336.47791596317666,2,2,2,2,2,2,2,2,2,2,2,2,2,2,2,0,2
71.0,2,-0.488075,38.343438,55.67,12.35,0.06,:243896894_1_0,0.0,0.0,71.0,2,12.0,203.40696946909,23.860706066572,39.801073504913,24.59751390878,0.004532214031,0.004,380.2177289742259,2,2,2,2,2,2,2,2,2,2,2,2,2,2,2,0,2
72.0,2,-0.487941,38.343471,75.34,12.34,5.28,22736851#3_0,0.0,2.0,72.0,2,10.75,189.20239277215,21.380690631158,39.096873237109,22.26696579763975,0.00454687785275,0.004,384.2653453097376,2,2,2,2,2,2,2,2,2,2,2,2,2,2,2,0,2
73.0,2,-0.487805,38.343496,75.34,12.27,17.55,22736851#3_0,0.0,2.0,73.0,2,6.0,179.39455421009998,9.4512707428038,26.830733139883005,11.64639506278,0.004590869318,0.004,422.8643468378967,2,2,2,2,2,2,2,2,2,2,2,2,2,2,2,0,2
74.0,2,-0.487666,38.343521,75.34,12.48,30.03,22736851#3_0,0.0,2.0,74.0,2,11.0,175.71897646033,21.811102947913,28.209116799727,22.54791079012,0.004590869318,0.004,463.829447332818,2,2,2,2,2,2,2,2,2,2,2,2,2,2,2,0,2
75.0,2,-0.487624,38.343619,2.84,12.35,6.15,22563937#0_0,0.0,1.0,75.0,2,13.0,162.10228011999,29.466173185283,31.475138158151,30.20298102749,0.004867913623,0.004,493.58202968311,2,2,2,2,2,2,2,2,2,2,2,2,2,2,2,0,2
76.0,2,-0.487573,38.343702,54.52,11.68,1.49,:4547207964_0_0,0.0,0.0,76.0,2,13.0,150.91888296973,29.988915942956,33.912346659988,30.20298102749,0.004867913623,0.004,493.58202968311,2,2,2,2,2,2,2,2,2,2,2,2,2,2,2,0,2
77.0,2,-0.487437,38.343727,74.96,12.15,9.48,22736515#1_0,0.0,0.0,77.0,2,12.0,143.2303212129,25.330419309892,25.262878717588,26.067227152099,0.004703811489,0.004,515.651618177076,2,2,2,2,2,2,2,2,2,2,2,2,2,2,2,0,2
78.0,2,-0.487304,38.343753,74.96,12.03,21.51,22736515#1_0,0.0,0.0,78.0,2,14.0,135.74901501784,36.647332806183,35.864020957765,37.384140648391,0.00411402536,0.004,513.20193380439,2,2,2,2,2,2,2,2,2,2,2,2,2,2,2,0,2
79.0,2,-0.487193,38.343774,74.96,10.0,31.51,22736515#1_0,0.0,8.0,79.0,2,11.0,132.00670422904,21.893603111445,27.99281623382,22.630410953652,0.00409332998,0.004,524.0904372484,2,2,2,2,2,2,2,2,2,2,2,2,2,2,2,0,2
80.0,2,-0.487123,38.343787,74.39,6.23,2.48,:4547207966_0_0,0.0,8.0,80.0,2,14.0,125.78318288299,35.701275641945,44.864077435454,36.438083484152,0.00409332998,0.004,560.66705002875,2,2,2,2,2,2,2,2,2,2,2,2,2,2,2,0,2
81.0,2,-0.487041,38.34381,70.93,7.68,4.28,:243893690_4_0,0.0,0.0,81.0,2,6.0,117.26369589951,9.4766511961042,29.964363559183,11.67177551608,0.00409332998,0.004,596.34046966442,2,2,2,2,2,2,2,2,2,2,2,2,2,2,2,0,2
82.0,2,-0.486929,38.343831,74.84,10.06,8.37,467497545#0_0,0.0,0.0,82.0,2,14.0,106.4333040551,34.315358919532,37.46624837523,35.052166761739,0.00409332998,0.004,620.79222464318,2,2,2,2,2,2,2,2,2,2,2,2,2,2,2,0,2
83.0,2,-0.486798,38.343856,74.84,11.77,20.14,467497545#0_0,0.0,0.0,83.0,2,14.0,94.14866868072,36.485124008962,50.096952400965,35.052166761739,0.00409332998,0.004,620.79222464318,2,2,2,2,2,2,2,2,2,2,2,2,2,2,2,0,2
84.0,2,-0.486669,38.34388,74.84,11.57,31.71,467497545#0_0,0.0,0.0,84.0,2,14.0,81.931983911151,35.307968151677,59.608531884433,35.052166761739,0.00409332998,0.004,620.79222464318,2,2,2,2,2,2,2,2,2,2,2,2,2,2,2,0,2
85.0,2,-0.486536,38.343907,73.33,12.02,2.76,:243892530_1_0,0.0,0.0,85.0,2,14.0,69.767729724623,44.29855574226,60.202250833044,27.696793867192,0.004434864654,0.004,601.55303253133,2,2,2,2,2,2,2,2,2,2,2,2,2,2,2,0,2
86.0,2,-0.486411,38.343934,73.47,11.36,9.69,467497545#2_0,0.0,0.0,86.0,2,13.0,58.862306096752,28.158754789943,35.47161361063,28.89556263215,0.004434864654,0.004,634.67643467643,2,2,2,2,2,2,2,2,2,2,2,2,2,2,2,0,2
87.0,2,-0.486286,38.34396,73.47,11.31,21.0,467497545#2_0,0.0,0.0,87.0,2,14.0,49.507269073223,46.673359411579,47.201564340434,30.071597536511,0.004027127538,0.004,644.80051494845,2,2,2,2,2,2,2,2,2,2,2,2,2,2,2,0,2
88.0,2,-0.486147,38.343989,73.47,12.58,33.58,467497545#2_0,0.0,0.0,88.0,2,14.0,42.401451806597,38.617648076665,56.269739206213,39.354455918872,0.004909582645,0.004,646.345663362305,2,2,2,2,2,2,2,2,2,2,2,2,2,2,-1,0,2
89.0,2,-0.486022,38.344015,73.51,11.32,1.07,467497545#3_0,0.0,0.0,89.0,2,15.0,38.697075239196,50.709557574107,56.243325963316,34.107795699039,0.004909582645,0.004,677.943671103802,2,2,2,2,2,2,2,2,2,2,2,2,-1,2,-1,0,2
90.0,2,-0.485887,38.344043,73.62,12.15,13.22,467497545#3_0,0.0,0.0,90.0,2,15.0,40.437719109453,53.331743790085,63.256282635575,36.729981915016,0.004909582645,0.004,708.70539733417,2,2,2,2,2,2,2,2,2,2,-1,2,-1,2,-1,0,2
91.0,2,-0.485752,38.344074,71.08,12.29,1.14,467497545#4_0,0.0,0.0,91.0,2,14.0,46.04115139208201,44.737206568651,36.500473895541,28.135444693582,0.004277822882,0.004,731.4960713033734,2,2,2,2,2,2,2,2,-1,2,-1,2,-1,2,-1,0,2
92.0,2,-0.485624,38.344109,69.45,11.84,12.97,467497545#4_0,0.0,0.0,92.0,2,15.0,54.877265180734,51.858148453092,40.100903072593,35.256386578023,0.004277822882,0.004,761.0955672814574,2,2,2,2,2,2,-1,2,-1,2,-1,2,-1,2,-1,0,2
93.0,2,-0.485497,38.344143,69.45,11.74,24.71,467497545#4_0,0.0,0.0,93.0,2,14.0,65.958116858601,34.369194628017,54.073382285492,35.106002470224,0.004277822882,0.004,789.9620850433166,2,2,2,2,-1,2,-1,2,-1,2,-1,2,-1,2,-1,0,2
94.0,2,-0.485361,38.34418,69.45,12.58,37.29,467497545#4_0,0.0,0.0,94.0,2,14.0,77.835586808064,37.878050214068,48.552097135825,38.614858056275,0.004277822882,0.004,818.26206733419,2,2,-1,2,-1,2,-1,2,-1,2,-1,2,-1,2,-1,0,2
7.0,3,-0.493596,38.340106,348.87,14.36,19.46,46106982#2_0,0.0,0.0,7.0,3,8.0,402.91619046736,14.234346312466,27.805120440947,14.448499296634,0.0049996412,0.004,424.16011436741,3,-1,3,-1,3,-1,3,-1,3,-1,3,-1,3,-1,3,0,3
8.0,3,-0.493627,38.340234,345.44,14.33,5.45,:4518323916_0_0,0.0,0.0,8.0,3,2.0,389.94833427591,-3.6216979765329,26.244623509186,-3.0741388763207005,0.0129996412,0.012,799.6136766865599,3,3,3,-1,3,-1,3,-1,3,-1,3,-1,3,-1,3,0,3
9.0,3,-0.493663,38.340352,346.35,13.57,2.46,46106982#4_0,0.0,0.0,9.0,3,3.0,376.1552742237,1.1453657796257,17.469233717276,2.8826295020034,0.0049996412,0.004,1096.94274597,3,3,3,3,3,-1,3,-1,3,-1,3,-1,3,-1,3,0,3
10.0,3,-0.493694,38.340474,347.17,13.83,16.29,46106982#4_0,0.0,0.0,10.0,3,3.0,363.40286271441,2.5632942786025,31.022091484255,2.8932870945729,0.0049996412,0.004,1332.3661830915,3,3,3,3,3,3,3,-1,3,-1,3,-1,3,-1,3,0,3
11.0,3,-0.493724,38.340594,347.17,13.57,29.86,46106982#4_0,0.0,0.0,11.0,3,5.0,350.56865912928,8.6651570528271,17.943886322729,8.8793100369949,0.0049996412,0.004,1429.4033412888,3,3,3,3,3,3,3,3,3,-1,3,-1,3,-1,3,0,3
12.0,3,-0.493755,38.340717,347.17,13.92,43.77,46106982#4_0,0.0,0.0,12.0,3,4.0,336.72058784483,4.3748779929786,13.007143648568,3.0798375050787,0.016044639138,0.016,1306.9771483187,3,3,3,3,3,3,3,3,3,3,3,-1,3,-1,3,0,3
13.0,3,-0.493785,38.340835,347.12,13.35,0.44,:4518323939_0_0,0.0,0.0,13.0,3,4.0,323.28886770972,6.7232548307366,47.757586094956,3.0798375050787,0.016044639138,0.016,1306.9771483187,3,3,3,3,3,3,3,3,3,3,3,3,3,-1,3,0,3
14.0,3,-0.493817,38.340954,346.32,13.55,8.24,:224830862_1_0,0.0,0.0,14.0,3,9.0,309.93517557162,17.610144866607,12.590401928892,16.5726208615,0.004407140148,0.004,1276.6823831976,3,3,3,3,3,3,3,3,3,3,3,3,3,3,3,0,3
15.0,3,-0.493851,38.34108,346.72,14.37,0.23,44883808#1_0,0.0,0.0,15.0,3,10.0,296.73275567149,18.410027014843,26.832834002219,19.875856988286,0.004407140148,0.004,1421.5895452727,3,3,3,3,3,3,3,3,3,3,3,3,3,3,3,0,3
16.0,3,-0.493882,38.3412,347.06,13.59,13.81,44883808#1_0,0.0,0.0,16.0,3,13.0,283.5630871932,25.860067922977,28.453338260741003,24.822543917869,0.004407140148,0.004,1548.381047631,3,3,3,3,3,3,3,3,3,3,3,3,3,3,3,0,3
17.0,3,-0.493914,38.341326,347.06,14.24,28.05,44883808#1_0,0.0,0.0,17.0,3,11.0,270.98559664775,19.815990058022,30.796810258661,18.778466052915,0.004407140148,0.004,1660.2541475468,3,3,3,3,3,3,3,3,3,3,3,3,3,3,3,0,3
18.0,3,-0.493945,38.341448,347.04,13.81,0.87,:224830921_1_0,0.0,0.0,18.0,3,9.0,257.55669109119,16.674465674742,23.320604868577,15.636941669634,0.004407140148,0.004,1759.6955217246,3,3,3,3,3,3,3,3,3,3,3,3,3,3,3,0,3
19.0,3,-0.493978,38.341572,346.83,14.05,8.57,44883808#2_0,0.0,0.0,19.0,3,13.0,244.76029389457003,26.631961839803,42.257056616964,25.594437834696,0.004407140148,0.004,1848.6682808717003,3,3,3,3,3,3,3,3,3,3,3,3,3,3,3,0,3
20.0,3,-0.49401,38.341698,346.83,14.26,22.83,44883808#2_0,0.0,0.0,20.0,3,14.0,231.23400983235,35.214221329389,36.197563198173,34.176697324282,0.004407140148,0.004,1905.5741699665,3,3,3,3,3,3,3,3,3,3,3,3,3,3,3,0,3
21.0,3,-0.494043,38.341823,346.83,14.17,37.0,44883808#2_0,0.0,0.0,21.0,3,13.0,217.5663249392,28.295206432672,42.204192063885,27.257682427564,0.004686181975,0.004,1884.253258792875,3,3,3,3,3,3,3,3,3,3,3,3,3,3,3,0,3
22.0,3,-0.494075,38.341946,346.76,13.97,3.0,:4295212974_4_0,0.0,0.0,22.0,3,9.0,204.59054126862,17.050402336013,38.798209660446,16.012878330905,0.004862039035,0.004,1946.50752264972,3,3,3,3,3,3,3,3,3,3,3,3,3,3,3,0,3
23.0,3,-0.494095,38.342067,358.26,13.92,0.19,86312026#0_0,0.0,0.0,23.0,3,10.0,191.60615167753,18.440042930383,29.097635470504,19.905872903826,0.004862039035,0.004,2011.8161474724664,3,3,3,3,3,3,3,3,3,3,3,3,3,3,3,0,3
24.0,3,-0.494113,38.342195,346.41,13.99,3.17,86312026#1_0,0.0,0.0,24.0,3,13.0,178.65382094816,26.717764936601,26.673804206713,25.680240931494,0.004862039035,0.004,2071.95524950865,3,3,3,3,3,3,3,3,3,3,3,3,3,3,3,0,3
25.0,3,-0.494144,38.342311,346.73,13.29,16.46,86312026#1_0,0.0,0.0,25.0,3,6.0,166.87568536686,11.025628431528,15.640713155194998,11.239781415695,0.004862039035,0.004,2126.98443177048,3,3,3,3,3,3,3,3,3,3,3,3,3,3,3,0,3
26.0,3,-0.494175,38.342429,346.73,13.42,29.88,86312026#1_0,0.0,0.0,26.0,3,13.0,154.59644051651,29.477524878751,44.121967824643,28.440000873643,0.004862039035,0.004,2177.8200758049,3,3,3,3,3,3,3,3,3,3,3,3,3,3,3,0,3
27.0,3,-0.494208,38.342555,346.73,14.27,44.15,86312026#1_0,0.0,0.0,27.0,3,9.0,142.10303627878,15.744669998066,22.805440977998,14.707145992959,0.004862039035,0.004,2225.1054109189,3,3,3,3,3,3,3,3,3,3,3,3,3,3,3,0,3
28.0,3,-0.494241,38.342679,346.73,14.18,58.34,86312026#1_0,0.0,0.0,28.0,3,14.0,129.53143375629,30.019811973729,39.06779056803,28.982287968621005,0.004758994984,0.004,2230.6565692648,3,3,3,3,3,3,3,3,3,3,3,3,3,3,3,0,3
29.0,3,-0.494272,38.342796,346.73,13.34,71.67,86312026#1_0,0.0,0.0,29.0,3,14.0,117.80977253281,31.870494538122,29.152712839163,30.832970533015,0.004758994984,0.004,2272.7115955025,3,3,3,3,3,3,3,3,3,3,3,3,3,3,3,0,3
30.0,3,-0.494273,38.342917,4.88,13.65,1.16,86312026#2_0,0.0,1.0,30.0,3,13.0,106.5842671209,27.586436277768,38.0480116943,26.548912272661,0.004758994984,0.004,2311.9623924785,3,3,3,3,3,3,3,3,3,3,3,3,3,3,3,0,3
31.0,3,-0.494259,38.343016,4.7,10.89,12.05,86312026#2_0,0.0,9.0,31.0,3,14.0,94.989543148539,29.837439014689,38.671954432615,28.799915009581,0.004758994984,0.004,2348.6803897529,3,3,3,3,3,3,3,3,3,3,3,3,3,3,3,0,3
32.0,3,-0.494261,38.343075,354.64,6.39,18.44,86312026#2_0,0.0,9.0,32.0,3,15.0,87.373936943782,51.485224912328,44.665621948172,50.44770090722,0.004758994984,0.004,2383.1030818278,3,3,3,3,3,3,3,3,3,3,3,3,3,3,3,0,3
33.0,3,-0.494265,38.34315,359.62,8.4,6.35,:587740559_0_0,0.0,1.0,33.0,3,15.0,82.766898518168,52.393398826796,44.853640384575,51.355874821689,0.004758994984,0.004,2415.4391707583,3,3,3,3,3,3,3,3,3,3,3,3,3,3,3,0,3
34.0,3,-0.494213,38.343249,11.85,10.8,4.22,86301442_0,0.0,0.0,34.0,3,15.0,79.567615815627,49.61612657429399,54.201787370482,48.57860256918699,0.004758994984,0.004,2445.8728010825,3,3,3,3,3,3,3,3,3,3,3,3,3,3,3,0,3
35.0,3,-0.494251,38.343364,333.94,12.36,7.22,:219237650_1_0,0.0,0.0,35.0,3,14.0,76.036685726369,41.513676624598,54.307982098831,40.47615261949,0.004758994984,0.004,2474.5670686403,3,3,3,3,3,3,3,3,3,3,3,3,3,3,3,0,3
36.0,3,-0.494293,38.343479,351.71,14.0,1.68,20490204#0_0,0.0,0.0,36.0,3,15.0,76.986772502055,51.403212585982,38.324486775645,50.365688580875,0.004758994984,0.004,2501.6669444907,3,3,3,3,3,3,3,3,3,3,3,3,3,3,3,0,3
37.0,3,-0.494325,38.343623,348.39,16.26,17.94,20490204#0_0,0.0,0.0,37.0,3,14.0,73.920816869981,38.039834524226,61.461938276253,37.002310519119,0.004758994984,0.004,2527.301724604,3,3,3,3,3,3,3,3,3,3,3,3,3,3,3,0,3
38.0,3,-0.494356,38.343784,350.0,18.13,2.21,:319276758_0_0,0.0,0.0,38.0,3,15.0,68.523855623349,48.932675041742,44.872431728443,47.895151036634,0.004262004442,0.004,2511.3029290244,3,3,3,3,3,3,3,3,3,3,3,3,3,3,3,0,3
39.0,3,-0.494402,38.343962,346.1,20.09,15.07,20490204#2_0,0.0,0.0,39.0,3,14.0,68.440809305549,37.11445345978,46.821213533604,36.076929454672,0.004262004442,0.004,2535.3727018642,3,3,3,3,3,3,3,3,3,3,3,3,3,3,3,0,3
40.0,3,-0.494456,38.344154,346.1,21.81,36.88,20490204#2_0,0.0,0.0,40.0,3,14.0,71.967391055003,40.064241678164,48.82625155532801,39.026717673056,0.004262004442,0.004,2558.2389559739,3,3,3,3,3,3,3,3,3,3,3,3,3,3,3,0,3
41.0,3,-0.49441,38.344347,22.85,23.41,2.49,33180107#0_0,0.0,0.0,41.0,3,14.0,79.923606796668,42.484574747945,38.996684982418,41.447050742837,0.004262004442,0.004,2579.9897558477,3,3,3,3,3,3,3,3,3,3,3,3,3,3,3,0,3
42.0,3,-0.494362,38.344566,9.33,24.72,0.09,33180107#1_0,0.0,0.0,42.0,3,14.0,91.745447551945,34.323617639102,45.982550374199,33.286093633994,0.004262004442,0.004,2600.7047786852,3,3,3,3,3,3,3,3,3,3,3,3,3,3,3,0,3
43.0,3,-0.494127,38.344674,64.14,26.13,20.41,33180104#0_0,0.0,0.0,43.0,3,13.0,108.98396703796,27.576414851966,38.027646177529,26.538890846858,0.004262004442,0.004,2620.4562896812,3,3,3,3,3,3,3,3,3,3,3,3,3,3,3,0,3
44.0,3,-0.49383,38.34478,63.75,28.58,0.24,33180104#1_0,0.0,0.0,44.0,3,14.0,133.55521995181,31.721617485119,26.458781516497,30.684093480012,0.004262004442,0.004,2639.3099843178,3,3,3,3,3,3,3,3,3,3,3,3,3,3,1,0,3
45.0,3,-0.493532,38.344889,63.52,28.62,28.87,33180104#1_0,0.0,0.0,45.0,3,14.0,156.74577268884,31.412108225695,20.112858673459,30.374584220587,0.004262004442,0.004,2657.3257183493,3,3,3,3,3,3,3,3,3,3,3,3,1,3,1,0,3
46.0,3,-0.493243,38.344995,63.52,27.88,56.74,33180104#1_0,0.0,0.0,46.0,3,13.0,179.88653098872,27.3836565556,21.295712407759,26.346132550492,0.004262004442,0.004,2662.9228358966,3,3,3,3,3,3,3,3,3,3,1,3,1,3,1,0,3
47.0,3,-0.492947,38.345104,63.52,28.55,85.3,33180104#1_0,0.0,0.0,47.0,3,12.0,204.00466001774,23.20157743319,21.484966518044,22.164053428083,0.004315655867,0.004,2634.5989761092,3,3,3,3,3,3,3,3,1,3,1,3,1,3,1,0,3
48.0,3,-0.492662,38.34522,61.12,28.07,1.46,:5283557148_1_0,0.0,0.0,48.0,3,13.0,228.8859573112,26.109889417441,46.523381090788,25.072365412334,0.004533315431,0.004,2601.875,3,3,3,3,3,3,1,3,1,3,1,3,1,3,1,0,3
49.0,3,-0.492368,38.345327,63.73,28.36,23.27,33180104#2_0,0.0,0.0,49.0,3,1.0,254.37374260861,-5.907653622431201,21.788450116436,-5.1339464124605,0.022533315431,0.022,2609.9962915654,3,3,3,3,1,3,1,3,1,3,1,3,1,3,1,1,1
50.0,3,-0.492072,38.345437,64.17,28.61,5.66,33180104#3_0,0.0,0.0,50.0,3,11.0,280.38948062869,19.822941887243,20.130927264645,21.288771860686,0.004434840303,0.004,2560.1560156016,3,3,1,3,1,3,1,3,1,3,1,3,1,3,1,2,1
51.0,3,-0.491779,38.345544,59.86,28.25,33.91,33180104#3_0,0.0,0.0,51.0,3,14.0,217.2597334035,32.547051460592,41.899334210238,31.509527455484,0.004434840303,0.004,67.653691538386,1,3,1,3,1,3,1,3,1,3,1,3,1,3,1,2,1
52.0,3,-0.491484,38.345653,63.61,28.49,19.42,33180104#4_0,0.0,0.0,52.0,3,12.0,189.69102294965,24.217080440617,43.075749447091,23.179556435509,0.004434840303,0.004,132.70506779498,1,1,1,3,1,3,1,3,1,3,1,3,1,3,1,0,1
53.0,3,-0.491212,38.345746,72.0,26.43,4.59,:1513068029_0_0,0.0,0.0,53.0,3,14.0,162.38122193611,42.611824118911,40.412607655274,41.574300113804,0.004434840303,0.004,195.30144353241,1,1,1,1,1,3,1,3,1,3,1,3,1,3,1,0,1
54.0,3,-0.490936,38.345723,123.9,25.71,5.64,135529367_0,0.0,1.0,54.0,3,12.0,135.11264062302,22.492630347453,35.023089894432,21.455106342346,0.004434840303,0.004,249.6521013081,1,1,1,1,1,1,1,3,1,3,1,3,1,3,1,0,1
55.0,3,-0.490655,38.345661,93.62,25.28,30.91,135529367_0,0.0,1.0,55.0,3,13.0,107.46649332967,27.14693864691,20.662443905949,26.109414641803,0.00414007564,0.004,296.737662358225,1,1,1,1,1,1,1,1,1,3,1,3,1,3,-1,0,1
56.0,3,-0.490483,38.345526,145.38,22.15,3.08,:5420062155_0_0,0.0,0.0,56.0,3,14.0,82.616446567698,40.402323187356,48.45836115230801,39.364799182249,0.00414007564,0.004,353.23732655584007,1,1,1,1,1,1,1,1,1,1,1,3,-1,3,-1,0,1
57.0,3,-0.490375,38.345368,150.18,19.95,17.82,20490185#1_0,0.0,1.0,57.0,3,15.0,76.388545306418,47.076008721685,51.890684447388,46.038484716578,0.00414007564,0.004,397.21493583085,1,1,1,1,1,1,1,1,1,1,-1,1,-1,3,-1,0,1
58.0,3,-0.490283,38.345232,150.18,17.09,34.91,20490185#1_0,0.0,1.0,58.0,3,15.0,76.203365186808,37.475543306468,39.365074203223,46.03848471657799,0.00414007564,0.004,397.21493583085,1,1,1,1,1,1,1,1,-1,1,-1,1,-1,1,-1,0,1
59.0,3,-0.490305,38.34514,235.75,13.29,3.43,20929409#0_0,0.0,8.0,59.0,3,11.0,93.205122576983,21.49577579968,36.474877463086,20.458251794572,0.004391358525,0.004,394.4510647877875,1,1,1,1,1,1,-1,1,-1,1,-1,1,-1,1,-1,0,1
95.0,47,-0.485227,38.350388,91.21,15.54,20.64,22029386#4_0,0.0,2.0,95.0,47,14.0,173.81133770973,29.503860396344,35.259645983101,35.026122297881,0.0049996412,0.004,31.2332228012,4,-1,4,-1,4,-1,4,-1,4,-1,4,-1,4,-1,4,0,4
96.0,47,-0.48506,38.350382,91.21,14.61,35.25,22029386#4_0,0.0,2.0,96.0,47,9.0,179.96876583105,15.640553923749,35.500941480597,22.205599103371,0.0109996412,0.01,35.544201595862,4,4,4,-1,4,-1,4,-1,4,-1,4,-1,4,-1,4,0,4
97.0,47,-0.484944,38.350377,91.21,10.11,45.36,22029386#4_0,0.0,10.0,97.0,47,14.0,186.26626381797,36.542003070198,39.833690780919,32.77110288966,0.004777969104,0.004,66.868047465386,4,4,4,4,4,-1,4,-1,4,-1,4,-1,4,-1,4,0,4
98.0,47,-0.48488,38.350375,91.21,5.61,50.98,22029386#4_0,0.0,10.0,98.0,47,14.0,193.25487093624,33.939166674296,35.477135154153,30.168266493758,0.004777969104,0.004,93.169798582199,4,4,4,4,4,4,4,-1,4,-1,4,-1,4,-1,4,0,4
99.0,47,-0.48482,38.350408,31.57,7.87,0.73,22147925#4_0,0.0,0.0,99.0,47,14.0,200.20461749535,21.061293069274,13.222820249637,30.168266493758,0.004777969104,0.004,93.169798582199,4,4,4,4,4,4,4,4,4,-1,4,-1,4,-1,4,0,4
100.0,47,-0.484819,38.350501,358.71,10.34,11.07,22147925#4_0,0.0,0.0,100.0,47,13.0,204.63033446005,26.018534880169,25.223190249695,31.540796781705,0.004407779751,0.004,125.58125581256,4,4,4,4,4,4,4,4,4,4,4,-1,4,-1,4,0,4
101.0,47,-0.484818,38.350611,359.2,12.22,2.82,:239520880_3_0,0.0,0.0,101.0,47,13.0,211.19509447673,28.325684398785,30.102819318226,24.554784218248,0.004407779751,0.004,158.4966187784,4,4,4,4,4,4,4,4,4,4,4,4,4,-1,4,0,4
102.0,47,-0.484814,38.350735,0.45,13.84,7.11,22147925#5_0,0.0,0.0,102.0,47,14.0,217.83357569701,31.793139446216,29.584547969583,28.022239265678,0.004087715585,0.004,177.25093390593,4,4,4,4,4,4,4,4,4,4,4,4,4,4,4,0,4
103.0,47,-0.484808,38.350872,0.45,15.22,22.33,22147925#5_0,0.0,0.0,103.0,47,11.0,224.80459743097,20.678544952405,16.499088091161,26.200806853942,0.004087715585,0.004,209.02797331806,4,4,4,4,4,4,4,4,4,4,4,4,4,4,4,0,4
104.0,47,-0.484802,38.35099,0.45,13.07,35.4,22147925#5_0,0.0,8.0,104.0,47,11.0,231.31365303461,29.799770078652,30.432850993042,26.200806853942,0.004087715585,0.004,211.54349914137,4,4,4,4,4,4,4,4,4,4,4,4,4,4,4,0,4
105.0,47,-0.484799,38.351074,0.45,9.36,44.76,22147925#5_0,0.0,8.0,105.0,47,12.0,239.00154730326,25.148508624372,14.479029559837,21.377608443834,0.004955036504,0.004,218.22924629262,4,4,4,4,4,4,4,4,4,4,4,4,4,4,4,0,4
106.0,47,-0.484797,38.351121,0.0,5.15,49.91,22147925#5_0,0.0,8.0,106.0,47,12.0,245.89321815349,22.722052991145,28.026759848426,28.244314892681,0.004646791806,0.004,221.32752992383,4,4,4,4,4,4,4,4,4,4,4,4,4,4,4,0,4
107.0,47,-0.484781,38.351189,12.12,7.72,6.67,:227304794_1_0,0.0,0.0,107.0,47,6.0,253.09329819847,9.9965278342984,11.850193212242,12.09165712411,0.004354138705,0.004,222.16455893444,4,4,4,4,4,4,4,4,4,4,4,4,4,4,4,0,4
108.0,47,-0.484818,38.351274,356.55,9.64,6.39,44579151#0_1,0.0,0.0,108.0,47,6.0,261.16287394694,9.1885743791869,24.117164378881,11.283703668998,0.004354138705,0.004,251.9052484406025,4,4,4,4,4,4,4,4,4,4,4,4,4,4,4,0,4
109.0,47,-0.484823,38.351377,356.55,11.38,17.77,44579151#0_1,0.0,0.0,109.0,47,9.0,267.51833939754,15.720944702263,35.727640067658,21.2432066038,0.004354138705,0.004,281.39361523821003,4,4,4,4,4,4,4,4,4,4,4,4,4,4,4,0,4
110.0,47,-0.484828,38.351494,356.55,13.04,30.81,44579151#0_1,0.0,0.0,110.0,47,10.0,275.5045268368,19.740145539602,26.084301110816,25.262407441138,0.004354138705,0.004,310.20043770632503,4,4,4,4,4,4,4,4,4,4,4,4,4,4,4,0,4
111.0,47,-0.484833,38.351634,356.55,15.52,46.33,44579151#0_1,0.0,0.0,111.0,47,13.0,281.28464536664,28.731094658462,24.110120082181,24.960194477925,0.004452939118,0.004,326.536155415365,4,4,4,4,4,4,4,4,4,4,4,4,4,4,4,0,4
112.0,47,-0.484848,38.351768,352.6,15.2,11.45,44579151#1_1,0.0,0.0,112.0,47,4.0,288.60202323824,2.4764409279102,19.252305045168,6.1909379824158,0.004452939118,0.004,354.564911255815,4,4,4,4,4,4,4,4,4,4,4,4,4,4,4,0,4
113.0,47,-0.484872,38.351898,348.21,14.84,26.3,44579151#1_1,0.0,0.0,113.0,47,5.0,296.25132640561,7.9538057739253,21.109131963308,10.048935063737,0.004452939118,0.004,370.78651685393,4,4,4,4,4,4,4,4,4,4,4,4,4,4,4,0,4
114.0,47,-0.484953,38.352021,329.04,15.67,3.92,44579152_1,0.0,0.0,114.0,47,5.0,304.74902647236,19.362927654387,33.667696350124,10.048935063737,0.004452939118,0.004,370.78651685393,4,4,4,4,4,4,4,4,4,4,4,4,4,4,4,0,4
115.0,47,-0.48504,38.352141,328.63,15.38,19.3,44579152_1,0.0,0.0,115.0,47,5.0,312.34741546864,8.4904869957422,26.626430197168,10.048935063737,0.004452939118,0.004,370.78651685393,4,4,4,4,4,4,4,4,4,4,4,4,4,4,4,0,4
116.0,47,-0.485129,38.352264,328.83,15.72,35.02,44579152_1,0.0,0.0,116.0,47,5.0,320.10366836323,14.895074349507,36.780072006394,10.048935063737,0.004452939118,0.004,370.78651685393,4,4,4,4,4,4,4,4,4,4,4,4,4,4,4,0,4
117.0,47,-0.485212,38.352378,328.83,14.6,49.61,44579152_1,0.0,0.0,117.0,47,5.0,327.66769646055,9.5575295747402,27.151968668591,10.048935063737,0.004452939118,0.004,370.78651685393,4,4,4,4,4,4,4,4,4,4,4,4,4,4,4,0,4
118.0,47,-0.485312,38.352483,311.73,15.05,11.53,:227303627_3_1,0.0,0.0,118.0,47,2.0,335.22706076502,-1.7776955491996,39.509787142879,-1.9192437673631,0.010527968622,0.01,361.99804113614,4,4,4,4,4,4,4,4,4,4,4,4,4,4,4,0,4
119.0,47,-0.48545,38.352563,301.05,15.47,9.44,33183644_1,0.0,2.0,119.0,47,6.0,342.18145802686,10.427733057343,24.105191632808,12.522862347155,0.004156009593,0.004,366.3675578028599,4,4,4,4,4,4,4,4,4,4,4,4,4,4,4,0,4
120.0,47,-0.485611,38.352539,248.25,15.12,0.45,22273127_1,0.0,0.0,120.0,47,6.0,347.70814004065,10.63360779729,25.508439698332,13.229318288395,0.004103167854,0.004,362.25603760063,4,4,4,4,4,4,4,4,4,4,4,4,4,4,4,0,4
121.0,47,-0.485759,38.352482,240.95,14.69,8.98,:234299134_0_1,0.0,0.0,121.0,47,4.0,353.25201518296,3.7022500410617,20.138108963315,7.4167470955673,0.004103167854,0.004,387.77500454553,4,4,4,4,4,4,4,4,4,4,4,4,4,4,4,0,4
122.0,47,-0.485905,38.352416,238.23,14.77,10.5,137379318#0_1,0.0,0.0,122.0,47,2.0,358.90535266011,-0.27605529397477,-3.2636444658310007,-0.41760351213823,0.010103167854,0.01,412.55654149290393,4,4,4,4,4,4,4,4,4,4,4,4,4,4,4,0,4
123.0,47,-0.48605,38.352349,238.23,14.7,25.2,137379318#0_1,0.0,0.0,123.0,47,10.0,364.74070460205,17.856438221755,16.855492686915,23.378700123292,0.004717717857,0.004,436.46386379713,4,4,4,4,4,4,4,4,4,4,4,4,4,4,4,0,4
124.0,47,-0.4862,38.35228,238.23,15.18,40.38,137379318#0_1,0.0,0.0,124.0,47,2.0,371.21142063208,-5.2187085749476,27.032112775768,-5.360256793111,0.010717717857,0.01,456.88353426627,4,4,4,4,4,4,4,4,4,4,4,4,4,4,4,0,4
125.0,47,-0.486348,38.352212,237.82,14.97,55.35,137379318#0_1,0.0,0.0,125.0,47,2.0,377.2671003676999,20.459982855044,20.335453075613,-5.360256793111,0.010717717857,0.01,456.8835342662699,4,4,4,4,4,4,4,4,4,4,4,4,4,4,4,0,4
126.0,47,-0.486501,38.352137,236.15,15.78,5.27,137379318#1_1,0.0,0.0,126.0,47,2.0,382.90843131212,14.780034601829,14.715642047877,-5.360256793111,0.010717717857,0.01,456.88353426627,4,4,4,4,4,4,4,4,4,4,4,4,4,4,4,0,4
127.0,47,-0.486647,38.352064,236.11,15.13,20.41,137379318#1_1,0.0,0.0,127.0,47,2.0,385.96044395396,2.4767668278418,24.559221047353,-5.360256793111,0.010717717857,0.01,456.88353426627,4,4,4,4,4,4,4,4,4,4,4,4,4,4,4,0,4
128.0,47,-0.486801,38.351988,236.11,15.87,36.28,137379318#1_1,0.0,0.0,128.0,47,7.0,388.96963948798,11.553018127494,8.6976406853758,14.373136445605,0.004214314729,0.004,442.57377010758,4,4,4,4,4,4,4,4,4,4,4,4,4,4,4,0,4
129.0,47,-0.486955,38.351915,238.32,15.69,51.97,137379318#1_1,0.0,0.0,129.0,47,4.0,384.92847674649,4.2730839350001,17.127141491212,7.2557234699337,0.004377691139,0.004,459.08885180699,4,4,4,4,4,4,4,4,4,4,4,4,4,4,4,0,4
130.0,47,-0.487104,38.351847,238.32,15.11,67.08,137379318#1_1,0.0,0.0,130.0,47,4.0,378.80554697523,5.3928692618482,22.275110774428,8.3755087967818,0.004377691139,0.004,482.097099749895,4,4,4,4,4,4,4,4,4,4,4,4,4,4,4,0,4
131.0,47,-0.48725,38.351781,239.81,14.84,2.51,:239496016_1_1,0.0,0.0,131.0,47,4.0,373.00423790453,3.5267406014312,19.189585450829,7.2412376559368,0.004377691139,0.004,504.7540579559875,4,4,4,4,4,4,4,4,4,4,4,4,4,4,4,0,4
132.0,47,-0.487358,38.351682,211.15,15.48,0.46,:234348377_0_1,0.0,0.0,132.0,47,5.0,366.80672769948,8.2018922868795,23.924822499678,10.297021576691,0.004377691139,0.004,527.0677107064799,4,4,4,4,4,4,4,4,4,4,4,4,4,4,4,0,4
133.0,47,-0.487491,38.351561,214.07,17.91,18.36,:234348377_0_1,0.0,0.0,133.0,47,5.0,360.22138822621,8.110516067641,24.174427490938,10.205645357453,0.004377691139,0.004,549.04580214117,4,4,4,4,4,4,4,4,4,4,4,4,4,4,4,0,4
134.0,47,-0.487601,38.351409,207.95,19.38,18.14,21741431#0_1,0.0,0.0,134.0,47,5.0,353.94604717839,8.8803380287934,-0.93908486283691,10.975467318605,0.004377691139,0.004,555.90062111801,4,4,4,4,4,4,4,4,4,4,4,4,4,4,4,0,4
135.0,47,-0.487716,38.351246,206.22,20.79,4.82,:236833368_1_1,0.0,0.0,135.0,47,9.0,347.56137147036,17.172516602597,24.260711595246004,22.694778504133,0.004116780424,0.004,555.2630722972567,4,4,4,4,4,4,4,4,4,4,4,4,4,4,4,0,4
136.0,47,-0.487833,38.351064,204.63,22.75,13.83,21741431#1_1,0.0,0.0,136.0,47,7.0,341.48409780804,13.364095502515,6.2590088307235,15.459224792327,0.004676532989,0.004,570.26889903602,4,4,4,4,4,4,4,4,4,4,4,4,4,4,4,0,4
137.0,47,-0.487948,38.35088,204.63,22.76,36.59,21741431#1_1,0.0,0.0,137.0,47,9.0,336.02481947285,17.134662699023,6.6050839554876,22.656924600559005,0.004676532989,0.004,591.28898751086,4,4,4,4,4,4,4,4,4,4,4,4,4,4,4,0,4
138.0,47,-0.48804,38.350732,204.63,18.26,54.86,21741431#1_1,0.0,8.0,138.0,47,11.0,330.46917733269,20.104141098435,16.623408584124,21.706150036038,0.004676532989,0.004,604.99495129269,4,4,4,4,4,4,4,4,4,4,4,4,4,4,4,0,4
139.0,47,-0.488111,38.35062,205.0,13.76,9.88,:235112733_0_1,0.0,8.0,139.0,47,5.0,325.17274603177,7.8378533409719,15.773301327597,5.1302297805235,0.00413948409,0.004,601.61099402373,4,4,4,4,4,4,4,4,4,4,4,4,4,4,4,0,4
140.0,47,-0.488162,38.350547,207.63,9.26,8.08,21741431#2_1,0.0,10.0,140.0,47,12.0,319.76376581746,22.164461164099,33.602713760219,27.686723065635004,0.004370211636,0.004,600.36432474908,4,4,4,4,4,4,4,4,4,4,4,4,4,4,4,0,4
141.0,47,-0.488183,38.350508,201.27,4.76,2.44,:237215187_2_0,0.0,10.0,141.0,47,12.0,314.36524037917,5.075085539335,16.751349348559,27.686723065635,0.004370211636,0.004,600.36432474908,4,4,4,4,4,4,4,4,4,4,4,4,4,4,4,0,4
142.0,47,-0.488125,38.350471,114.27,7.24,5.51,:237215187_8_0,0.0,2.0,142.0,47,11.0,309.07604498744,21.082178855036,1.0232824076745,19.750175533123,0.004764898425,0.004,614.71773057637,4,4,4,4,4,4,4,4,4,4,4,4,4,4,4,0,4
143.0,47,-0.488019,38.350464,90.97,9.36,4.78,:237234856_1_0,0.0,0.0,143.0,47,5.0,304.11873452384,8.9058851384789,27.445506981766,11.001014428291,0.004764898425,0.004,630.60255476497,4,4,4,4,4,4,4,4,4,4,4,4,4,4,4,0,4
144.0,47,-0.487894,38.35046,90.43,10.96,9.41,22029386#1_0,0.0,0.0,144.0,47,5.0,300.06297748022,19.552550105235,15.387959351874,11.001014428291,0.004764898425,0.004,630.60255476497,4,4,4,4,4,4,4,4,4,4,4,4,4,4,4,0,4
145.0,47,-0.487741,38.350456,90.43,13.31,22.72,22029386#1_0,0.0,0.0,145.0,47,10.0,295.99939347632,19.275283371361,25.687058432632,24.797545272898,0.004139848164,0.004,624.9766466693,4,4,4,4,4,4,4,4,4,4,4,4,4,4,4,0,4
146.0,47,-0.487563,38.350451,90.43,15.64,38.36,22029386#1_0,0.0,0.0,146.0,47,7.0,292.19351943271,12.196988882643,11.730845995835002,17.336949845999,0.004697399508,0.004,625.26198989027,4,4,4,4,4,4,4,4,4,4,4,4,4,4,4,0,4
147.0,47,-0.487396,38.350446,90.43,14.55,52.91,22029386#1_0,0.0,0.0,147.0,47,10.0,289.07793010925,17.853247926561,8.2037889598902,23.375509828097,0.004697399508,0.004,644.47815616539,4,4,4,4,4,4,4,4,4,4,4,4,4,4,4,0,4
148.0,47,-0.48727,38.350443,90.43,11.03,63.94,22029386#1_0,0.0,8.0,148.0,47,8.0,282.4178456437,14.491989098328,20.944638413485,16.58711838814,0.004697399508,0.004,647.14757574522,4,4,4,4,4,4,4,4,4,4,4,4,4,4,4,0,4
149.0,47,-0.487196,38.350441,90.33,6.53,70.47,22029386#1_0,0.0,8.0,149.0,47,9.0,276.15440709326,16.830023547182,18.001345089799,22.352285448719,0.004322025589,0.004,652.50744986443,4,4,4,4,4,4,4,4,4,4,4,4,4,4,4,0,4
150.0,47,-0.487098,38.350439,90.0,8.56,6.27,:237215182_2_0,0.0,0.0,150.0,47,12.0,268.92022843235,23.625101462309,19.92462892954,29.147363363845,0.004322025589,0.004,671.15789754393,4,4,4,4,4,4,4,4,4,4,4,4,4,4,4,0,4
151.0,47,-0.486976,38.350436,90.07,10.65,9.95,22029386#2_0,0.0,0.0,151.0,47,7.0,258.93781386939,11.329987413708,18.740569740206,16.469948377065,0.004322025589,0.004,689.56131288246,4,4,4,4,4,4,4,4,4,4,4,4,4,4,4,0,4
152.0,47,-0.486834,38.350433,90.07,12.38,22.32,22029386#2_0,0.0,0.0,152.0,47,4.0,247.83978389386,4.0503656491568,24.452278577416,7.0330051840904,0.004360912991,0.004,706.8007026361998,4,4,4,4,4,4,4,4,4,4,4,4,4,4,4,0,4
153.0,47,-0.486677,38.350429,90.07,13.78,36.1,22029386#2_0,0.0,0.0,153.0,47,4.0,235.91046090029,5.8933591756114,26.734524556049,8.875998710545,0.00429326944,0.004,720.22039359734,4,4,4,4,4,4,4,4,4,4,4,4,4,4,4,0,4
154.0,47,-0.486556,38.350427,90.07,10.61,46.71,22029386#2_0,0.0,8.0,154.0,47,14.0,223.48126354749,29.835193207665,35.851069664916,35.357455109202,0.00429326944,0.004,737.94635030098,4,4,4,4,4,4,4,4,4,4,4,4,4,4,4,0,4
155.0,47,-0.486475,38.350425,90.07,7.08,53.79,22029386#2_0,0.0,8.0,155.0,47,13.0,212.31084714373,26.884078479118,31.281922711079,23.11317829858,0.00429326944,0.004,755.44358350699,4,4,4,4,4,4,4,4,4,4,4,4,4,4,4,0,4
156.0,47,-0.486376,38.350427,88.0,8.61,5.3,:236833364_2_0,0.0,0.0,156.0,47,9.0,204.3920157744,16.180394358816,28.275483540098,21.702656260352,0.00429326944,0.004,762.03347942772,4,4,4,4,4,4,4,4,4,4,4,4,4,4,4,0,4
157.0,47,-0.486253,38.350422,90.97,10.75,9.7,22029386#3_0,0.0,1.0,157.0,47,13.0,199.21028574729,27.475048231529,27.154374873777,23.704148050991,0.004326297548,0.004,758.14488309697,4,4,4,4,4,4,4,4,4,4,4,4,4,4,4,0,4
158.0,47,-0.486115,38.350418,90.97,12.1,21.8,22029386#3_0,0.0,1.0,158.0,47,13.0,196.3018253944,26.877961427519,24.353194826301,23.704148050991005,0.004326297548,0.004,758.1448830969699,4,4,4,4,4,4,4,4,4,4,4,4,4,4,4,0,4
159.0,47,-0.485947,38.350412,90.97,14.69,36.5,22029386#3_0,0.0,1.0,159.0,47,14.0,194.3523536409,32.254731260047,47.088944380794,28.48383107951,0.004069498861,0.004,752.94347027598,4,4,4,4,4,4,4,4,4,4,4,4,4,4,4,0,4
160.0,47,-0.485781,38.350406,90.97,14.56,51.05,22029386#3_0,0.0,1.0,160.0,47,11.0,189.11237360729,22.002383651052,18.277987040714,27.524645552588,0.004069498861,0.004,769.80049501238,4,4,4,4,4,4,4,4,4,4,4,4,4,4,4,0,4
161.0,47,-0.485663,38.350402,90.97,10.31,61.37,22029386#3_0,0.0,9.0,161.0,47,12.0,183.76618494645,23.085429728607,32.849323111857,28.607691630144,0.004069498861,0.004,786.44811051206,4,4,4,4,4,4,4,4,4,4,4,4,4,4,4,0,4
162.0,47,-0.485597,38.3504,90.6,5.81,67.18,22029386#3_0,0.0,9.0,162.0,47,12.0,177.24786804702,19.902255459201,25.994353848071,28.607691630144,0.004069498861,0.004,788.10150469285,4,4,4,4,4,4,4,4,4,4,4,4,4,4,4,0,4
163.0,47,-0.48555,38.350362,156.96,7.55,0.75,22032076#1_0,0.0,0.0,163.0,47,14.0,171.33405058202,32.871643111146,49.061781511112,29.100742930608,0.004037755682,0.004,784.57818278028,4,4,4,4,4,4,4,4,4,4,4,4,4,4,4,0,4
164.0,47,-0.485572,38.35028,190.7,9.37,10.11,22032076#1_0,0.0,0.0,164.0,47,14.0,165.32491211258,22.733023272003,29.274607266838,29.100742930608003,0.004037755682,0.004,784.5781827802799,4,4,4,4,4,4,4,4,4,4,4,4,4,4,4,0,4
165.0,47,-0.485564,38.35017,190.69,11.73,21.84,22032076#1_1,0.0,0.0,165.0,47,14.0,160.16835649501,35.407598068329,29.628577132011,29.100742930608,0.004037755682,0.004,784.57818278028,4,4,4,4,4,4,4,4,4,4,4,4,4,4,4,0,4
166.0,47,-0.485597,38.350049,190.69,13.75,35.58,22032076#1_1,0.0,0.0,166.0,47,13.0,155.28846868222,27.642228577873,35.299614363108,23.871328397335,0.004189132171,0.004,780.21289541377,4,4,4,4,4,4,4,4,4,4,4,4,4,4,4,0,4
167.0,47,-0.485634,38.349917,190.69,15.01,50.59,22032076#1_1,0.0,0.0,167.0,47,11.0,150.65487485841,21.776993639003,38.189112651073,27.29925554054,0.004189132171,0.004,796.1999317352999,4,4,4,4,4,4,4,4,4,4,4,4,4,4,4,0,4
168.0,47,-0.48567,38.349787,190.69,14.77,65.36,22032076#1_1,0.0,0.0,168.0,47,14.0,146.58159317624,30.785201345037,35.071515750946,27.014301164499,0.004189132171,0.004,811.99664279719,4,4,4,4,4,4,4,4,4,4,4,4,4,4,4,0,4
169.0,47,-0.485705,38.349658,190.69,14.73,1.69,:237234895_1_1,0.0,0.0,169.0,47,11.0,144.36326883793,20.103644382014,36.130250768177,25.62590628355,0.004189132171,0.004,827.60640721433,4,4,4,4,4,4,4,4,4,4,4,4,4,4,4,0,4
170.0,47,-0.485743,38.349521,190.56,15.52,9.77,22032076#2_1,0.0,0.0,170.0,47,8.0,141.76817833047,14.540378068689998,45.64770179317,16.635507358502,0.004189132171,0.004,843.0325241033701,4,4,4,4,4,4,4,4,4,4,4,4,4,4,4,0,4
171.0,47,-0.48578,38.349384,190.56,15.6,25.37,22032076#2_1,0.0,0.0,171.0,47,14.0,139.25623782198,35.067952207219,29.954790419012,31.297052026682,0.004189132171,0.004,858.27821540729,4,4,4,4,4,4,4,4,4,4,4,4,4,4,4,0,4
172.0,47,-0.485817,38.34925,190.56,15.18,40.55,22032076#2_1,0.0,0.0,172.0,47,13.0,137.47477174702,27.391907020947,22.329943520091,23.62100684041,0.004032481662,0.004,871.33571320597,4,4,4,4,4,4,4,4,4,4,4,4,4,4,4,0,4
173.0,47,-0.485854,38.349115,190.56,15.32,55.88,22032076#2_1,0.0,0.0,173.0,47,13.0,136.4476180174,26.379563227095,46.301129403648,22.608663046557,0.004131509886,0.004,883.07108917072,4,4,4,4,4,4,4,4,4,4,4,4,4,4,4,0,4
174.0,47,-0.485891,38.348977,190.56,15.71,71.59,22032076#2_1,0.0,0.0,174.0,47,7.0,136.1722140495,12.770970119019,20.145263896039,17.910931082376,0.004131509886,0.004,897.82406289872,4,4,4,4,4,4,4,4,4,4,4,4,4,4,4,0,4
175.0,47,-0.485927,38.348838,189.21,15.76,5.16,22032076#3_1,0.0,0.0,175.0,47,14.0,136.55231268827,33.159024410093,31.710665764627,29.388124229555,0.00424681655,0.004,905.72604148809,4,4,4,4,4,4,4,4,4,4,4,4,4,4,4,0,4
176.0,47,-0.48596,38.348702,189.21,15.38,20.54,22032076#3_1,0.0,0.0,176.0,47,14.0,137.11029147797,35.402110908904,35.430282466846,29.388124229555,0.00424681655,0.004,906.30749014455,4,4,4,4,4,4,4,4,4,4,4,4,4,4,4,0,4
177.0,47,-0.485979,38.348571,175.02,15.43,5.93,:237234913_0_1,0.0,0.0,177.0,47,11.0,138.68263535114,20.305715179746,25.425646736230004,25.827977081283,0.004503104493,0.004,914.19386186946,4,4,4,4,4,4,4,4,4,4,4,4,4,4,4,0,4
178.0,47,-0.48591,38.348442,155.49,15.83,13.58,22032076#4_1,0.0,0.0,178.0,47,10.0,140.3969442072,18.157009593146,19.54919279869,23.679271494683,0.004503104493,0.004,927.02313763407,4,4,4,4,4,4,4,4,4,4,4,4,4,4,4,0,4
179.0,47,-0.485841,38.348314,155.49,15.43,29.01,22032076#4_1,0.0,0.0,179.0,47,13.0,142.93826243394,29.283222067934,31.935997870064,25.512321887396,0.004076466147,0.004,927.33511631428,4,4,4,4,4,4,4,4,4,4,4,4,4,4,4,0,4
180.0,47,-0.485772,38.348186,155.49,15.47,44.48,22032076#4_1,0.0,0.0,180.0,47,10.0,145.83099030039,19.74648142644,12.412945330375,25.268743327977,0.00423721751,0.004,925.36666666667,4,4,4,4,4,4,4,4,4,4,4,4,4,4,4,0,4
181.0,47,-0.485715,38.348081,155.49,12.76,1.5,22032076#5_1,0.0,8.0,181.0,47,12.0,149.55524647054,23.03396508581,41.573308471228,28.556226987346,0.00423721751,0.004,932.08111702128,4,4,4,4,4,4,4,4,4,4,4,4,4,4,4,0,4
182.0,47,-0.485677,38.34801,155.47,8.59,10.1,22032076#5_1,0.0,8.0,182.0,47,13.0,153.71159479837,27.301341729109,22.891277634684,23.530441548571,0.004216019215,0.004,941.74661260014,4,4,4,4,4,4,4,4,4,4,4,4,4,4,4,0,4
183.0,47,-0.485659,38.347976,155.47,4.09,14.19,22032076#5_1,0.0,8.0,183.0,47,14.0,158.34192243938,35.292521369448,39.243907457095,31.52162118891,0.004216019215,0.004,952.99696966382,4,4,4,4,4,4,4,4,4,4,4,4,4,4,4,0,4
184.0,47,-0.485654,38.347968,155.47,0.98,15.17,22032076#5_1,0.0,8.0,184.0,47,14.0,162.4313703883,17.01885445526,25.362746416622,31.52162118891,0.004216019215,0.004,952.99696966382,4,4,4,4,4,4,4,4,4,4,4,4,4,4,4,0,4
185.0,47,-0.485654,38.347966,155.47,0.17,15.34,22032076#5_1,0.0,8.0,185.0,47,11.0,162.98088463633,20.531237987883,28.831536711719,26.05349988942,0.004551394015,0.004,953.69704701106,4,4,4,4,4,4,4,4,4,4,4,4,4,4,4,0,4
186.0,47,-0.485653,38.347966,155.47,0.08,15.42,22032076#5_1,0.0,8.0,186.0,47,13.0,153.93550120297,29.163283668455,31.952983777382,25.392383487918,0.004551394015,0.004,967.1181027855,4,4,4,4,4,4,4,4,4,4,4,4,4,4,4,0,4
187.0,47,-0.485653,38.347965,155.47,0.05,15.48,22032076#5_1,0.0,8.0,187.0,47,14.0,146.62764635042,35.164434969285,45.651513253972,31.393534788747,0.004551394015,0.004,980.39561708886,4,4,4,4,4,4,4,4,4,4,4,4,4,4,4,0,4
188.0,47,-0.485653,38.347965,155.47,0.0,15.48,22032076#5_1,0.0,8.0,188.0,47,14.0,138.34203554188,35.652386233823,27.156590026232,31.881486053285,0.004551394015,0.004,993.53188048873,4,4,4,4,4,4,4,4,4,4,4,4,4,4,4,0,4
189.0,47,-0.485653,38.347965,155.47,0.0,15.48,22032076#5_1,0.0,8.0,189.0,47,11.0,130.5306207811,21.75534657711,25.666326035111,27.277608478647,0.004328773351,0.004,1004.3864754748998,4,4,4,4,4,4,4,4,4,4,4,4,4,4,4,0,4
190.0,47,-0.485653,38.347965,155.47,0.0,15.48,22032076#5_1,0.0,8.0,190.0,47,14.0,123.11563184288,37.848343648571,31.572014039454,34.077443468033,0.004328773351,0.004,1014.6951894199,4,4,4,4,4,4,4,4,4,4,4,4,4,4,4,0,4
191.0,47,-0.485653,38.347965,155.47,0.0,15.48,22032076#5_1,0.0,8.0,191.0,47,14.0,115.13361220726,21.101165504689,34.798079020672,34.077443468033,0.004328773351,0.004,1014.6951894199,4,4,4,4,4,4,4,4,4,4,4,4,4,4,4,0,4
192.0,47,-0.485653,38.347965,155.47,0.0,15.48,22032076#5_1,0.0,8.0,192.0,47,14.0,107.83211740221,27.927361096956,43.661727124515,34.077443468033,0.004328773351,0.004,1014.6951894199,4,4,4,4,4,4,4,4,4,4,4,4,4,4,4,0,4
193.0,47,-0.485653,38.347965,155.47,0.0,15.48,22032076#5_1,0.0,8.0,193.0,47,12.0,100.94641388787,25.708779124723,31.585958486,21.937878944185,0.004031307334,0.004,1009.8538518188,4,4,4,4,4,4,4,4,4,4,4,4,4,4,4,0,4
194.0,47,-0.485653,38.347965,155.47,0.0,15.48,22032076#5_1,0.0,8.0,194.0,47,14.0,94.28794114292502,38.083552403208,47.235632408609,34.31265222267,0.004515687811,0.004,1011.733336084,4,4,4,4,4,4,4,4,4,4,4,4,4,4,4,0,4
195.0,47,-0.485653,38.347965,155.47,0.0,15.48,22032076#5_1,0.0,8.0,195.0,47,14.0,88.51203744845,33.707917126878,41.703753348506,34.31265222267,0.004515687811,0.004,1011.733336084,4,4,4,4,4,4,4,4,4,4,4,4,4,4,4,0,4
196.0,47,-0.485653,38.347965,155.47,0.0,15.48,22032076#5_1,0.0,8.0,196.0,47,14.0,83.454032386716,31.159132421158,47.642737616744,27.388232240621,0.00440365717,0.004,1006.9485337416,4,4,4,4,4,4,4,4,4,4,4,4,4,4,4,0,4
197.0,47,-0.485653,38.347965,155.47,0.0,15.48,22032076#5_1,0.0,8.0,197.0,47,14.0,79.43469772918,39.45924556217,42.603985919614,35.688345381632,0.004349494137,0.004,1010.8581436076998,4,4,4,4,4,4,4,4,4,4,4,4,4,4,4,0,4
198.0,47,-0.485653,38.347965,155.47,0.0,15.48,22032076#5_1,0.0,8.0,198.0,47,14.0,76.385204800913,41.46920254576,33.287196504631,37.698302365222,0.004349494137,0.004,1014.0731540392,4,4,4,4,4,4,4,4,4,4,4,4,4,4,4,0,4
199.0,47,-0.485653,38.347965,155.47,0.0,15.48,22032076#5_1,0.0,8.0,199.0,47,14.0,74.413906163433,31.651213470812,36.345812437164,37.698302365222,0.004349494137,0.004,1014.0731540392,4,4,4,4,4,4,4,4,4,4,4,4,4,4,4,0,4
200.0,47,-0.485653,38.347965,155.47,0.0,15.48,22032076#5_1,0.0,8.0,200.0,47,14.0,73.807849905222,31.317325957174,27.634435276999,27.546425776637,0.004135807921,0.004,1015.49838161674,4,4,4,4,4,4,4,4,4,4,4,4,4,4,4,0,4
201.0,47,-0.485653,38.347965,155.47,0.0,15.48,22032076#5_1,0.0,8.0,201.0,47,14.0,74.397220588792,44.179932166823,42.523663114647,40.409031986285,0.004135807921,0.004,1027.5945623264668,4,4,4,4,4,4,4,4,4,4,4,4,4,4,4,0,4
202.0,47,-0.485653,38.347965,155.47,0.0,15.48,22032076#5_1,0.0,8.0,202.0,47,15.0,76.260998813537,53.610325796934,48.082096319241,49.839425616396,0.004135807921,0.004,1039.56715664505,4,4,4,4,4,4,4,4,4,4,4,4,4,4,4,0,4
203.0,47,-0.485653,38.347965,155.47,0.0,15.48,22032076#5_1,0.0,8.0,203.0,47,14.0,79.666533225087,39.283192901302,42.619858374269,35.512292720765,0.004135807921,0.004,1047.1210648137,4,4,4,4,4,4,4,4,4,4,4,4,4,4,4,0,4
204.0,47,-0.485653,38.347965,155.47,0.0,15.48,22032076#5_1,0.0,8.0,204.0,47,12.0,83.987634194521,23.910933504331,42.116868802045,29.433195405868,0.004409423215,0.004,1050.9228167357,4,4,4,4,4,4,4,4,4,4,4,4,4,4,4,0,4
205.0,47,-0.485653,38.347965,155.47,0.0,15.48,22032076#5_1,0.0,8.0,205.0,47,14.0,88.955179873233,32.527204562403,48.965348740173,28.756304381865004,0.00429424734,0.004,1056.1115676635334,4,4,4,4,4,4,4,4,4,4,4,4,4,4,4,0,4
206.0,47,-0.485653,38.347965,155.47,0.0,15.48,22032076#5_1,0.0,8.0,206.0,47,14.0,95.59789712804802,37.320268742988,35.9227537988,33.549368562451,0.00429424734,0.004,1067.1156582161,4,4,4,4,4,4,4,4,4,4,4,4,4,4,4,0,4
207.0,47,-0.485653,38.347965,155.47,0.0,15.48,22032076#5_1,0.0,8.0,207.0,47,12.0,105.06814678202,22.614672920503,34.796044276845,28.136934822039,0.004184056806,0.004,1068.80162876105,4,4,4,4,4,4,4,4,4,4,4,4,4,4,4,0,4
208.0,47,-0.485653,38.347965,155.47,0.0,15.48,22032076#5_1,0.0,8.0,208.0,47,14.0,114.64319715633,38.84354861174,39.643780309703,35.072648431202,0.004184056806,0.004,1078.8251990475,4,4,4,4,4,4,4,4,4,4,4,4,4,4,4,0,4
209.0,47,-0.485653,38.347965,155.47,0.0,15.48,22032076#5_1,0.0,8.0,209.0,47,14.0,124.35158059715998,27.041332095333,42.145540602773,35.072648431202,0.004184056806,0.004,1078.8251990475,4,4,4,4,4,4,4,4,4,4,4,4,4,4,4,0,4
210.0,47,-0.485653,38.347965,155.47,0.0,15.48,22032076#5_1,0.0,8.0,210.0,47,14.0,133.55223860214,29.620037670195,7.5504107688703,35.072648431202,0.004184056806,0.004,1078.8251990475,4,4,4,4,4,4,4,4,4,4,4,4,4,4,4,0,4
211.0,47,-0.485653,38.347965,155.47,0.0,15.48,22032076#5_1,0.0,8.0,211.0,47,13.0,143.03975866207,26.107870756676,43.081361505341,31.630132658212,0.004646773654,0.004,1065.4325200478,4,4,4,4,4,4,4,4,4,4,4,4,4,4,4,0,4
212.0,47,-0.485653,38.347965,155.47,0.0,15.48,22032076#5_1,0.0,8.0,212.0,47,12.0,153.07010723372,25.312843522759,29.624847067495995,21.541943342221,0.004646773654,0.004,1076.6806920885,4,4,4,4,4,4,4,4,4,4,4,4,4,4,4,0,4
213.0,47,-0.485653,38.347965,155.47,0.0,15.48,22032076#5_1,0.0,8.0,213.0,47,11.0,160.48182421663,19.88192576981,39.127219607563,25.404187671346,0.004646773654,0.004,1080.0344801598,4,4,4,4,4,4,4,4,4,4,4,4,4,4,4,0,4
214.0,47,-0.485653,38.347965,155.47,0.0,15.48,22032076#5_1,0.0,8.0,214.0,47,10.0,164.11390870706,19.785493006588,29.828789806939,25.307754908124,0.004218878459,0.004,1084.0600028039,4,4,4,4,4,4,4,4,4,4,4,4,4,4,4,0,4
215.0,47,-0.485653,38.347965,155.47,0.0,15.48,22032076#5_1,0.0,8.0,215.0,47,13.0,164.47603157919,26.599534523541,29.794999597707,22.828634343004,0.004562064689,0.004,1092.4668365923,4,4,4,4,4,4,4,4,4,4,4,4,4,4,4,0,4
216.0,47,-0.485653,38.347965,155.47,0.0,15.48,22032076#5_1,0.0,8.0,216.0,47,13.0,164.64134446692,26.58413366438,29.779598738545,22.813233483842,0.004562064689,0.004,1103.3815441027,4,4,4,4,4,4,4,4,4,4,4,4,4,4,4,0,4
217.0,47,-0.485653,38.347965,155.47,0.0,15.48,22032076#5_1,0.0,8.0,217.0,47,13.0,164.77663363131,26.571541373307,29.767006447473,22.800641192769,0.004562064689,0.004,1114.1956533761,4,4,4,4,4,4,4,4,4,4,4,4,4,4,4,0,4
218.0,47,-0.485653,38.347965,155.47,0.0,15.48,22032076#5_1,0.0,8.0,218.0,47,13.0,164.78168504786,26.571071403544,29.76653647771,22.800171223006,0.004562064689,0.004,1124.6972143722,4,4,4,4,4,4,4,4,4,4,4,4,4,4,4,0,4
219.0,47,-0.485653,38.347965,155.47,0.0,15.48,22032076#5_1,0.0,8.0,219.0,47,13.0,164.78249578056,26.570995976568,29.766461050734,32.093257878104,0.004417116668,0.004,1132.7708662785,4,4,4,4,4,4,4,4,4,4,4,4,4,4,4,0,4
220.0,47,-0.485653,38.347965,155.47,0.0,15.48,22032076#5_1,0.0,8.0,220.0,47,13.0,164.78249578056,26.570995976568,29.766461050734,22.80009579603,0.013559749847,0.013,1131.6732632637,4,4,4,4,4,4,4,4,4,4,4,4,4,4,4,0,4
221.0,47,-0.485653,38.347965,155.47,0.0,15.48,22032076#5_1,0.0,8.0,221.0,47,13.0,164.78249578056,26.570995976568,29.766461050734005,22.80009579603,0.004559749847,0.004,1137.7631286639,4,4,4,4,4,4,4,4,4,4,4,4,4,4,4,0,4
222.0,47,-0.485653,38.347965,155.47,0.0,15.48,22032076#5_1,0.0,8.0,222.0,47,13.0,164.78249578056,26.570995976568,29.766461050734,22.80009579603,0.004580675567,0.004,1133.9642984423,4,4,4,4,4,4,4,4,4,4,4,4,4,4,4,0,4
223.0,47,-0.485653,38.347965,155.47,0.0,15.48,22032076#5_1,0.0,8.0,223.0,47,13.0,164.78249578056,26.570995976568,29.766461050734005,22.80009579603,0.010113210243,0.01,1128.1547651079,4,4,4,4,4,4,4,4,4,4,4,4,4,4,4,0,4
224.0,47,-0.485653,38.347965,155.47,0.0,15.48,22032076#5_1,0.0,8.0,224.0,47,13.0,164.78249578056,26.570995976568,29.766461050734,22.80009579603,0.004113210243,0.004,1138.550828162,4,4,4,4,4,4,4,4,4,4,4,4,4,4,4,0,4
225.0,47,-0.485645,38.347951,155.29,1.73,0.73,:237234921_4_1,0.0,0.0,225.0,47,13.0,164.78249578056,26.570995976568,29.766461050734005,22.80009579603,0.004113210243,0.004,1148.8243921952,4,4,4,4,4,4,4,4,4,4,4,4,4,4,4,0,4
226.0,47,-0.485625,38.347921,151.2,4.15,4.88,:237234921_4_1,0.0,0.0,226.0,47,11.0,166.54474782932,20.082734155919,46.213862603947,25.604996057455,0.004113210243,0.004,1159.0070357095,4,4,4,4,4,4,4,4,4,4,4,4,4,4,4,0,4
227.0,47,-0.485591,38.347896,132.74,4.43,9.31,:237234921_4_1,0.0,0.0,227.0,47,13.0,169.63152702461,27.877682949133,30.050334609357,24.106782768595,0.004113210243,0.004,1169.0999603507,4,4,4,4,4,4,4,4,4,4,4,4,4,4,4,0,4
228.0,47,-0.485585,38.347893,129.94,0.74,10.05,:237234921_4_1,0.0,8.0,228.0,47,13.0,173.67643340813,27.862445336187,29.388417222621,24.09154515565,0.004113210243,0.004,1178.1078590548,4,4,4,4,4,4,4,4,4,4,4,4,4,4,4,0,4
229.0,47,-0.485584,38.347892,129.71,0.14,0.01,89546437_1,0.0,10.0,229.0,47,12.0,179.39611958733,24.471228418252,32.107114116347,20.700328237714,0.004490578238,0.004,1178.1274154036,4,4,4,4,4,4,4,4,4,4,4,4,4,4,4,0,4
230.0,47,-0.485583,38.347891,129.62,0.06,0.07,89546437_1,0.0,10.0,230.0,47,12.0,181.15539677603,24.837454168387,31.970152819803,30.359716069923,0.004490578238,0.004,1188.0051652398,4,4,4,4,4,4,4,4,4,4,4,4,4,4,4,0,4
231.0,47,-0.485583,38.347891,129.6,0.02,0.09,89546437_1,0.0,10.0,231.0,47,12.0,183.52498996041,22.147802524595,35.062104349085,27.670064426132,0.004490578238,0.004,1194.2819731268,4,4,4,4,4,4,4,4,4,4,4,4,4,4,4,0,4
232.0,47,-0.485559,38.347879,124.23,2.44,2.34,:239587929_4_0,0.0,2.0,232.0,47,14.0,190.02772580972,39.133445809061,35.900641318582,35.362545628523,0.004044456121,0.004,1196.1406873672,4,4,4,4,4,4,4,4,4,4,4,4,4,4,4,0,4
233.0,47,-0.485491,38.347852,115.55,4.82,0.72,86299978#0_0,0.0,0.0,233.0,47,14.0,194.60297934038,30.911412444102,21.219691150457,27.140512263564,0.004054012978,0.004,1194.3628965801,4,4,4,4,4,4,4,4,4,4,4,4,4,4,4,0,4
234.0,47,-0.485426,38.347876,63.33,6.22,6.95,86299978#0_0,0.0,0.0,234.0,47,7.0,200.14985205103,11.501051003674,28.014423064355,16.641011967031,0.004993221207,0.004,1199.5435877931,4,4,4,4,4,4,4,4,4,4,4,4,4,4,4,0,4
235.0,47,-0.485338,38.347908,63.35,8.59,8.34,86299978#1_0,0.0,0.0,235.0,47,8.0,204.71692262238,15.202104883304,38.899099331703,16.914933234936,0.004760358761,0.004,1205.47032509145,4,4,4,4,4,4,4,4,4,4,4,4,4,4,4,0,4
236.0,47,-0.485233,38.347947,63.35,10.14,18.49,86299978#1_0,0.0,0.0,236.0,47,13.0,209.75682782778,27.781582264112,23.029609808799,24.010682083574,0.004760358761,0.004,1214.9812455897,4,4,4,4,4,4,4,4,4,4,4,4,4,4,4,0,4
237.0,47,-0.485104,38.347994,63.35,12.47,30.95,86299978#1_0,0.0,0.0,237.0,47,7.0,212.70474149629,12.130839027801,29.274362397197,17.270799991158,0.00417900106,0.004,1222.7951290728,4,4,4,4,4,4,4,4,4,4,4,4,4,4,4,0,4
238.0,47,-0.48496,38.348048,63.35,13.95,44.91,86299978#1_0,0.0,0.0,238.0,47,10.0,213.15692767026,19.631960200423,30.441677416042,25.154222101959004,0.004331786581,0.004,1230.6259357900333,4,4,4,4,4,4,4,4,4,4,4,4,4,4,4,0,4
239.0,47,-0.484815,38.348099,64.94,13.93,0.28,20490215#0_0,0.0,0.0,239.0,47,10.0,213.1968712559,19.629087661485,30.438804877104,25.151349563021,0.004331786581,0.004,1239.9276527909,4,4,4,4,4,4,4,4,4,4,4,4,4,4,4,0,4
240.0,47,-0.484715,38.348131,66.25,9.49,9.77,20490215#0_0,0.0,8.0,240.0,47,10.0,213.22162010277,19.627308120675,30.437025336294,25.149570022211,0.004331786581,0.004,1249.1211564085,4,4,4,4,4,4,4,4,4,4,4,4,4,4,4,0,4
241.0,47,-0.484662,38.348148,66.25,4.99,14.76,20490215#0_0,0.0,8.0,241.0,47,10.0,213.22834393891,19.626824685717,30.436541901336,25.149086587253,0.004331786581,0.004,1258.2536485293667,4,4,4,4,4,4,4,4,4,4,4,4,4,4,4,0,4
242.0,47,-0.484654,38.34815,66.25,0.78,15.54,20490215#0_0,0.0,8.0,242.0,47,10.0,213.22933655397,19.626753319294,30.436470534913,25.14901522083,0.004331786581,0.004,1267.32569680285,4,4,4,4,4,4,4,4,4,4,4,4,4,4,4,0,4
243.0,47,-0.484653,38.348151,66.25,0.09,15.63,20490215#0_0,0.0,8.0,243.0,47,10.0,213.22933655397,19.626753319294,30.436470534913,25.14901522083,0.00479102895,0.004,1272.4141336823,4,4,4,4,4,4,4,4,4,4,4,4,4,4,4,0,4
244.0,47,-0.484653,38.348151,66.25,0.03,15.66,20490215#0_0,0.0,8.0,244.0,47,10.0,213.22933655397,19.626753319294,30.436470534913,25.14901522083,0.00479102895,0.004,1281.3388853824,4,4,4,4,4,4,4,4,4,4,4,4,4,4,4,0,4
245.0,47,-0.484653,38.348151,66.25,0.0,15.66,20490215#0_0,0.0,8.0,245.0,47,10.0,213.22933655397,19.626753319294,30.436470534913,25.149015220830005,0.00479102895,0.004,1290.1907801824,4,4,4,4,4,4,4,4,4,4,4,4,4,4,4,0,4
246.0,47,-0.484653,38.348151,66.25,0.0,15.66,20490215#0_0,0.0,8.0,246.0,47,10.0,213.22939784259,19.626748912814,30.436466128433,25.14901081435,0.00479102895,0.004,1298.9707066026,4,4,4,4,4,4,4,4,4,4,4,4,4,4,4,0,4
247.0,47,-0.484653,38.348151,66.25,0.0,15.66,20490215#0_0,0.0,8.0,247.0,47,10.0,213.22939784259,19.626748912814,30.436466128433,25.14901081435,0.00479102895,0.004,1307.6795387742,4,4,4,4,4,4,4,4,4,4,4,4,4,4,4,0,4
248.0,47,-0.484653,38.348151,66.25,0.0,15.66,20490215#0_0,0.0,8.0,248.0,47,10.0,213.22939784259,19.626748912814,30.436466128433,25.149010814350003,0.00479102895,0.004,1316.3181367291,4,4,4,4,4,4,4,4,4,4,4,4,4,4,4,0,4
249.0,47,-0.484653,38.348151,66.25,0.0,15.66,20490215#0_0,0.0,8.0,249.0,47,10.0,213.22939784259,19.626748912814,30.436466128433,25.14901081435,0.00479102895,0.004,1319.5825650028,4,4,4,4,4,4,4,4,4,4,4,4,4,4,4,0,4
250.0,47,-0.484653,38.348151,66.25,0.0,15.66,20490215#0_0,0.0,8.0,250.0,47,10.0,213.22939784259,19.626748912814,30.436466128433,25.14901081435,0.004490343803,0.004,1320.0148976388,4,4,4,4,4,4,4,4,4,4,4,4,4,4,4,0,4
251.0,47,-0.484653,38.348151,66.25,0.0,15.66,20490215#0_0,0.0,8.0,251.0,47,10.0,213.22939784259,19.626748912814,30.436466128433,25.149010814350003,0.004304220834,0.004,1314.8590825425,4,4,4,4,4,4,4,4,4,4,4,4,4,4,4,0,4
252.0,47,-0.484653,38.348151,66.25,0.0,15.66,20490215#0_0,0.0,8.0,252.0,47,10.0,213.22939784259,19.626748912814,30.436466128433,25.14901081435,0.004304220834,0.004,1323.3319312058,4,4,4,4,4,4,4,4,4,4,4,4,4,4,4,0,4
253.0,47,-0.484653,38.348151,66.25,0.0,15.66,20490215#0_0,0.0,8.0,253.0,47,10.0,213.22939784259,19.626748912814,30.436466128433,25.14901081435,0.004982756737,0.004,1328.286748530725,4,4,4,4,4,4,4,4,4,4,4,4,4,4,4,0,4
254.0,47,-0.484653,38.348151,66.25,0.0,15.66,20490215#0_0,0.0,8.0,254.0,47,10.0,213.22939784259,19.626748912814,30.436466128433,25.14901081435,0.004982756737,0.004,1336.6401805403,4,4,4,4,4,4,4,4,4,4,4,4,4,4,4,0,4
255.0,47,-0.484653,38.348151,66.25,0.0,15.66,20490215#0_0,0.0,8.0,255.0,47,10.0,213.22939784259,19.626748912814,30.436466128433,25.14901081435,0.004982756737,0.004,1338.9258577564,4,4,4,4,4,4,4,4,4,4,4,4,4,4,4,0,4
256.0,47,-0.484653,38.348151,66.25,0.0,15.66,20490215#0_0,0.0,8.0,256.0,47,10.0,213.22939784259,19.626748912814,30.436466128433,25.14901081435,0.00479708983,0.004,1333.53190169045,4,4,4,4,4,4,4,4,4,4,4,4,4,4,4,0,4
257.0,47,-0.484653,38.348151,66.25,0.0,15.66,20490215#0_0,0.0,8.0,257.0,47,10.0,213.22939784259,19.626748912814,30.436466128433,25.14901081435,0.00479708983,0.004,1341.76734636725,4,4,4,4,4,4,4,4,4,4,4,4,4,4,4,0,4
258.0,47,-0.484653,38.348151,66.25,0.0,15.66,20490215#0_0,0.0,8.0,258.0,47,10.0,213.22939784259,19.626748912814,30.436466128433,25.14901081435,0.00479708983,0.004,1349.89824950385,4,4,4,4,4,4,4,4,4,4,4,4,4,4,4,0,4
259.0,47,-0.484653,38.348151,66.25,0.0,15.66,20490215#0_0,0.0,8.0,259.0,47,10.0,213.22939784259,19.626748912814,30.436466128433,25.14901081435,0.00479708983,0.004,1357.9666776068,4,4,4,4,4,4,4,4,4,4,4,4,4,4,4,0,4
260.0,47,-0.484653,38.348151,66.25,0.0,15.66,20490215#0_0,0.0,8.0,260.0,47,10.0,213.22939784259,19.626748912814,30.436466128433,25.14901081435,0.004615800278,0.004,1361.02463212246,4,4,4,4,4,4,4,4,4,4,4,4,4,4,4,0,4
261.0,47,-0.484653,38.348151,66.25,0.0,15.66,20490215#0_0,0.0,8.0,261.0,47,10.0,213.22939784259,19.626748912814,30.436466128433,25.14901081435,0.004615800278,0.004,1364.0092638468,4,4,4,4,4,4,4,4,4,4,4,4,4,4,4,0,4
262.0,47,-0.484653,38.348151,66.25,0.0,15.66,20490215#0_0,0.0,8.0,262.0,47,10.0,213.22939784259,19.626748912814,30.436466128433,25.149010814350003,0.004869439519,0.004,1356.2392543717,4,4,4,4,4,4,4,4,4,4,4,4,4,4,4,0,4
263.0,47,-0.484653,38.348151,66.25,0.0,15.66,20490215#0_0,0.0,8.0,263.0,47,10.0,213.22939784259,19.626748912814,30.436466128433,25.149010814350003,0.004827441865,0.004,1361.0659436488,4,4,4,4,4,4,4,4,4,4,4,4,4,4,4,0,4
264.0,47,-0.484653,38.348151,66.25,0.0,15.66,20490215#0_0,0.0,8.0,264.0,47,10.0,213.22939784259,19.626748912814,30.436466128433,25.14901081435,0.004172445597,0.004,1354.59705655,4,4,4,4,4,4,4,4,4,4,4,4,4,4,4,0,4
265.0,47,-0.484653,38.348151,66.25,0.0,15.66,20490215#0_0,0.0,8.0,265.0,47,10.0,213.22939784259,19.626748912814,30.436466128433,25.149010814350003,0.004410176382,0.004,1353.373440249,4,4,4,4,4,4,4,4,4,4,4,4,4,4,4,0,4
266.0,47,-0.484653,38.348151,66.25,0.0,15.66,20490215#0_0,0.0,8.0,266.0,47,10.0,213.22939784259,19.626748912814,30.436466128433,25.14901081435,0.004410176382,0.004,1361.22942789745,4,4,4,4,4,4,4,4,4,4,4,4,4,4,4,0,4
267.0,47,-0.484653,38.348151,66.25,0.0,15.66,20490215#0_0,0.0,8.0,267.0,47,10.0,213.22939784259,19.626748912814,30.436466128433,25.149010814350003,0.004410176382,0.004,1369.0787238296668,4,4,4,4,4,4,4,4,4,4,4,4,4,4,4,0,4
268.0,47,-0.484653,38.348151,66.25,0.0,15.66,20490215#0_0,0.0,8.0,268.0,47,10.0,213.22939784259,19.626748912814,30.436466128433,25.149010814350003,0.004410176382,0.004,1376.8434617104,4,4,4,4,4,4,4,4,4,4,4,4,4,4,6,0,4
269.0,47,-0.484653,38.348151,66.25,0.0,15.66,20490215#0_0,0.0,8.0,269.0,47,10.0,213.22939784259,19.626748912814,30.436466128433,25.14901081435,0.004410176382,0.004,1384.5248732575,4,4,4,4,4,4,4,4,4,4,4,4,6,4,6,0,4
270.0,47,-0.484635,38.348157,66.08,1.7,0.7,:4113864971_1_0,0.0,0.0,270.0,47,10.0,213.22939784259,19.626748912814,30.436466128433,25.149010814350003,0.004410176382,0.004,1392.2003853972335,4,4,4,4,4,4,4,4,4,4,6,4,6,4,4,0,4
271.0,47,-0.484594,38.348171,65.18,3.81,4.51,:4113864971_1_0,0.0,0.0,271.0,47,7.0,214.52330916123,12.396433990354,18.108283284521,17.536394953711,0.004936004962,0.004,1398.6073595182,4,4,4,4,4,4,4,4,6,4,6,4,4,4,6,0,4
272.0,47,-0.484536,38.348191,63.85,5.5,3.82,20490215#1_0,0.0,1.0,272.0,47,9.0,216.61615507314,17.021364568901,24.17711461548,22.543626470437,0.004936004962,0.004,1406.1493551376,4,4,4,4,4,4,6,4,6,4,4,4,6,4,6,0,4
273.0,47,-0.484454,38.348222,63.47,7.97,11.79,20490215#1_0,0.0,1.0,273.0,47,8.0,219.95688249452,13.945323300772,26.464199694829,16.040452590583,0.004936004962,0.004,1411.8442857352,4,4,4,4,6,4,6,4,4,4,6,4,6,4,6,0,4
274.0,47,-0.484354,38.348258,63.47,9.56,21.35,20490215#1_0,0.0,1.0,274.0,47,8.0,224.28946122227,-4.0968884118294,29.587758221874,16.040452590583,0.004936004962,0.004,1411.8442857352,4,4,6,4,6,4,4,4,6,4,6,4,6,4,6,0,4
275.0,47,-0.484231,38.348304,62.45,11.81,33.16,20490215#1_0,0.0,1.0,275.0,47,5.0,214.48083722956,8.0681192222363,30.054677053104,10.163248512048,0.004625714929,0.004,1.7563764100103,6,4,6,4,4,4,6,4,6,4,6,4,6,4,6,0,4
276.0,47,-0.484095,38.348358,61.95,13.28,46.44,20490215#1_0,0.0,1.0,276.0,47,14.0,204.58942186142,32.526470150599,20.0723874836,28.755569970061,0.004625714929,0.004,14.250103261618,6,6,4,4,6,4,6,4,6,4,6,4,6,4,6,1,6
277.0,47,-0.483948,38.348424,54.32,14.84,61.28,20490215#1_0,0.0,1.0,277.0,47,13.0,242.61194250178,26.100493254948,29.006020718149,31.622755156485,0.004625714929,0.004,8.4791707327652,4,6,6,6,6,4,6,4,6,4,6,4,6,4,6,2,6
278.0,47,-0.483857,38.348407,188.22,15.53,2.43,-364387181#0_0,0.0,0.0,278.0,47,13.0,185.8440393133,29.383868843514005,34.401427547894,25.612968662976,0.004976340504,0.004,9.9282361193547,6,4,6,6,6,6,6,4,6,4,6,4,6,4,6,2,6
279.0,47,-0.483902,38.348274,193.41,15.28,17.71,-364387181#0_0,0.0,0.0,279.0,47,13.0,177.13594721264,25.167767785611,31.779565185888,25.612968662976,0.004976340504,0.004,10.917917827924,6,6,6,4,6,6,6,6,6,4,6,4,6,4,6,0,6
280.0,47,-0.48395,38.348142,194.4,15.27,32.98,-364387181#0_0,0.0,0.0,280.0,47,12.0,168.67417901549,23.542865148621,30.657097071277,29.065127050158,0.004570751244,0.004,21.439974856335,6,6,6,6,6,4,6,6,6,6,6,4,6,4,6,0,6
281.0,47,-0.483995,38.348026,195.92,13.46,2.81,:242286744_0_0,0.0,0.0,281.0,47,7.0,171.49421331371,12.327307310704,17.944965942064,17.467268274061,0.004570751244,0.004,28.771414621282,6,6,6,6,6,6,6,4,6,6,6,6,6,4,6,0,6
282.0,47,-0.484026,38.347949,196.53,8.96,0.03,89815317#0_0,0.0,8.0,282.0,47,7.0,175.38998392525,32.077992494627,24.425505638622,17.467268274061,0.004570751244,0.004,28.771414621282,6,6,6,6,6,6,6,6,6,4,6,6,6,6,6,0,6
283.0,47,-0.484042,38.347911,196.44,4.46,4.49,89815317#0_0,0.0,8.0,283.0,47,12.0,179.82577248827,23.860759295313,32.879615757158,29.383021196849,0.00486860616,0.004,38.93010435504567,6,6,6,6,6,6,6,6,6,6,6,4,6,6,6,0,6
284.0,47,-0.484063,38.347969,342.91,6.88,6.77,:4573977054_0_0,0.0,0.0,284.0,47,14.0,184.81158059112,38.038578148556,23.842050903205,34.267677968019,0.00486860616,0.004,41.419345270673,6,6,6,6,6,6,6,6,6,6,6,6,6,4,6,0,6
285.0,47,-0.48409,38.348046,342.91,8.83,15.6,:4573977054_0_0,0.0,0.0,285.0,47,12.0,189.9395679261,22.375067812701,29.872197244237,27.897329714237,0.004871428062,0.004,47.210857620053,6,6,6,6,6,6,6,6,6,6,6,6,6,6,6,0,6
286.0,47,-0.484123,38.348139,342.91,10.79,26.38,:4573977054_0_0,0.0,0.0,286.0,47,7.0,194.66934432199,11.695916997579,25.372696785633,16.835877960936,0.004871428062,0.004,51.027274830189,6,6,6,6,6,6,6,6,6,6,6,6,6,6,6,0,6
287.0,47,-0.484163,38.348252,342.91,12.96,39.35,:4573977054_0_0,0.0,0.0,287.0,47,7.0,196.99689317212,22.780654440657,38.026432220165,16.835877960936,0.004871428062,0.004,51.02727483018899,6,6,6,6,6,6,6,6,6,6,6,6,6,6,6,0,6
288.0,47,-0.484124,38.34812,165.08,15.39,15.2,89815317#1_0,0.0,0.0,288.0,47,12.0,196.75481829039,25.306445316315,21.76774163865,21.535545135777,0.004582214726,0.004,58.461987207534,6,6,6,6,6,6,6,6,6,6,6,6,6,6,6,0,6
289.0,47,-0.484082,38.347982,165.08,15.71,30.91,89815317#1_0,0.0,0.0,289.0,47,12.0,196.96973018036,35.915274110688,26.624094826386,21.535545135777,0.004582214726,0.004,58.461987207534,6,6,6,6,6,6,6,6,6,6,6,6,6,6,6,0,6
290.0,47,-0.484041,38.347845,165.08,15.67,46.58,89815317#1_0,0.0,0.0,290.0,47,13.0,197.68332311052004,26.558259346587004,27.537073869513005,22.78735916605,0.004779594332,0.004,58.584366457741,6,6,6,6,6,6,6,6,6,6,6,6,6,6,6,0,6
291.0,47,-0.484001,38.347714,165.14,15.02,61.6,89815317#1_0,0.0,0.0,291.0,47,7.0,198.02271075698,12.440283391258,32.559813958942,17.580244354615,0.004075341546,0.004,65.682443786921,6,6,6,6,6,6,6,6,6,6,6,6,6,6,6,0,6
292.0,47,-0.483961,38.347581,165.14,15.17,76.77,89815317#1_0,0.0,0.0,292.0,47,12.0,197.60002568322,23.140274775552,41.276601309043,28.662536677088,0.004075341546,0.004,77.272929645092,6,6,6,6,6,6,6,6,6,6,6,6,6,6,6,0,6
293.0,47,-0.483891,38.347462,135.07,15.03,91.8,89815317#1_0,0.0,0.0,293.0,47,13.0,197.62377041414,26.376063189249,29.28285897128,22.605163008711,0.004075341546,0.004,88.784297128581,6,6,6,6,6,6,6,6,6,6,6,6,6,6,6,0,6
294.0,47,-0.483749,38.347391,118.87,14.71,106.51,89815317#1_0,0.0,0.0,294.0,47,11.0,198.13766269049,20.957719468747,23.548561084363,26.479981370284,0.004075341546,0.004,100.21735359246,6,6,6,6,6,6,6,6,6,6,6,6,6,6,6,0,6
295.0,47,-0.483594,38.34732,118.87,15.73,122.25,89815317#1_0,0.0,0.0,295.0,47,10.0,199.1778571311,19.684005394211,37.396907426934,25.206267295747,0.004075341546,0.004,108.1743249709,6,6,6,6,6,6,6,6,6,6,6,6,6,6,6,0,6
296.0,47,-0.48345,38.347242,127.14,15.28,137.53,89815317#1_0,0.0,0.0,296.0,47,10.0,200.6893018067,18.431853984458,28.401421730694995,23.954115885995,0.004377646995,0.004,109.79391891892,6,6,6,6,6,6,6,6,6,6,6,6,6,6,6,0,6
297.0,47,-0.483318,38.347152,129.39,15.26,152.79,89815317#1_0,0.0,0.0,297.0,47,9.0,202.56745517502,17.223238648924,11.467036192269,22.745500550461,0.004377646995,0.004,121.0404040404,6,6,6,6,6,6,6,6,6,6,6,6,6,6,6,0,6
298.0,47,-0.483165,38.347091,106.54,15.13,6.17,:242286689_4_0,0.0,0.0,298.0,47,11.0,205.07987736832,21.684501009685,31.096099045623,27.206762911221,0.004377646995,0.004,132.21140939597,6,6,6,6,6,6,6,6,6,6,6,6,6,6,6,0,6
299.0,47,-0.482996,38.347115,71.62,15.11,0.38,89815317#3_0,0.0,1.0,299.0,47,11.0,207.74759270045,20.813487829666,23.178886891943005,26.335749731203,0.004377646995,0.004,143.30769230769,6,6,6,6,6,6,6,6,6,6,6,6,6,6,6,0,6
300.0,47,-0.482834,38.347161,68.84,15.07,15.44,89815317#3_0,0.0,1.0,300.0,47,9.0,208.12459393328,16.472253421027,29.854488822268,21.994515322563,0.004377646995,0.004,154.33,6,6,6,6,6,6,6,6,6,6,6,6,6,6,6,0,6
301.0,47,-0.482681,38.347212,55.9,15.61,0.91,:242287314_2_0,0.0,1.0,301.0,47,14.0,204.43550293818,35.409840013483,33.763911430244,31.638939832946,0.004089491462,0.004,155.6511627907,6,6,6,6,6,6,6,6,6,6,6,6,6,6,6,0,6
302.0,47,-0.482684,38.347088,173.01,15.05,1.08,:241746050_2_0,0.0,0.0,302.0,47,13.0,200.85803011806,26.460361957204,27.238659384327,22.689461776666,0.004089491462,0.004,166.55960264901,6,6,6,6,6,6,6,6,6,6,6,6,6,6,6,0,6
303.0,47,-0.482675,38.346983,174.6,11.64,7.56,22529899#4_0,0.0,10.0,303.0,47,6.0,197.66560582657,9.1318983381085,22.763652692916,11.22702762792,0.004089491462,0.004,177.39603960396,6,6,6,6,6,6,6,6,6,6,6,6,6,6,6,0,6
304.0,47,-0.482669,38.346919,174.6,7.14,14.7,22529899#4_0,0.0,10.0,304.0,47,12.0,195.03979306653,22.901962576812,31.10271769852,28.424224478348,0.004089491462,0.004,184.50899031812,6,6,6,6,6,6,6,6,6,6,6,6,6,6,6,0,6
305.0,47,-0.482649,38.34684,160.62,9.06,5.16,:241746062_7_0,0.0,2.0,305.0,47,10.0,194.35059790945,17.489605647445,26.329997255777,23.011867548981,0.004359108554,0.004,189.24532343652496,6,6,6,6,6,6,6,6,6,6,6,6,6,6,6,0,6
306.0,47,-0.482535,38.346813,94.34,10.78,5.45,22560721#2_0,0.0,0.0,306.0,47,12.0,194.36488672244,24.18014901996,28.106525016707,29.702410921496995,0.004359108554,0.004,199.93703319713333,6,6,6,6,6,6,6,6,6,6,6,6,6,6,6,0,6
307.0,47,-0.482444,38.346805,94.34,7.99,13.44,22560721#2_0,0.0,8.0,307.0,47,11.0,193.66033101765,22.050065623196,21.729492315996,27.572327524733,0.004789318468,0.004,208.7262967997933,6,6,6,6,6,6,6,6,6,6,6,6,6,6,6,0,6
308.0,47,-0.482395,38.346801,94.41,4.33,2.31,:4573977056_2_0,0.0,8.0,308.0,47,11.0,190.78888762579,12.633645792133,38.454310879471,27.572327524733,0.004789318468,0.004,209.43001739062,6,6,6,6,6,6,6,6,6,6,6,6,6,6,6,0,6
309.0,47,-0.482317,38.346805,83.12,6.93,0.12,22560727#0_0,0.0,0.0,309.0,47,11.0,184.23924517157,32.308623152076,11.326900563891,27.572327524733,0.004789318468,0.004,209.43001739062,6,6,6,6,6,6,6,6,6,6,6,6,6,6,6,0,6
310.0,47,-0.482223,38.346789,100.65,8.41,8.54,22560727#0_0,0.0,0.0,310.0,47,10.0,176.78715621093,18.992179320372,42.377708843563,24.514441221908,0.004019660884,0.004,210.56672430256,6,6,6,6,6,6,6,6,6,6,6,6,6,6,6,0,6
311.0,47,-0.482101,38.346768,100.65,10.84,19.38,22560727#0_0,0.0,0.0,311.0,47,13.0,169.0809880412,26.019209956849995,31.490683211929,31.541471858387,0.004819989283,0.004,217.23023491390003,6,6,6,6,6,6,6,6,6,6,6,6,6,6,6,0,6
312.0,47,-0.481963,38.346743,102.01,12.4,0.3,:241784458_0_0,0.0,0.0,312.0,47,13.0,161.73873304487,21.530903752816,25.564885846675,31.541471858387,0.004819989283,0.004,217.2302349139,6,6,6,6,6,6,6,6,6,6,6,6,6,6,6,0,6
313.0,47,-0.481815,38.346698,109.21,13.94,9.22,22560727#1_0,0.0,0.0,313.0,47,11.0,164.07691260776,21.996108976674,36.753285479509,27.51837087821,0.004496382246,0.004,225.51901290104,6,6,6,6,6,6,6,6,6,6,6,6,6,6,6,0,6
314.0,47,-0.481653,38.346648,110.73,15.22,4.68,:241784461_0_0,0.0,0.0,314.0,47,5.0,172.69211906908,7.556539311452,52.70857326941,9.6516686012636,0.004496382246,0.004,235.78812603902,6,6,6,6,6,6,6,6,6,6,6,6,6,6,6,0,6
315.0,47,-0.481498,38.346595,112.04,14.7,13.65,22560727#2_0,0.0,1.0,315.0,47,14.0,181.43391413376,35.474738232947,34.499393384484,31.70383805241,0.004564627199,0.004,244.47344108655,6,6,6,6,6,6,6,6,6,6,6,6,6,6,6,0,6
316.0,47,-0.481353,38.346534,126.17,14.71,3.48,:241784446_0_0,0.0,1.0,316.0,47,14.0,188.81855587224,29.824915404416,35.430901108215,35.347177305952,0.00429180154,0.004,252.50481970047,6,6,6,6,6,6,6,6,6,6,6,6,6,6,6,0,6
317.0,47,-0.481275,38.346415,129.8,15.46,1.37,40062529#0_0,0.0,0.0,317.0,47,13.0,196.68512586933,28.497187341521,26.966853250074,24.726287160983,0.004586651989,0.004,258.80604924952,6,6,6,6,6,6,6,6,6,6,6,6,6,6,6,0,6
318.0,47,-0.481124,38.346358,113.79,14.69,16.06,40062529#0_0,0.0,0.0,318.0,47,14.0,196.32149493061,29.4424375839,18.422654392289,34.964699485436,0.004586651989,0.004,268.84131346738,6,6,6,6,6,6,6,6,6,6,6,6,6,6,6,0,6
319.0,47,-0.480969,38.346301,113.79,14.92,30.98,40062529#0_0,0.0,0.0,319.0,47,14.0,195.09838391802,27.829503788332,34.620729984002,34.964699485436,0.004586651989,0.004,269.8413696408,6,6,6,6,6,6,6,6,6,6,6,6,6,6,6,0,6
320.0,47,-0.480814,38.346243,113.79,15.05,46.03,40062529#0_0,0.0,0.0,320.0,47,12.0,194.63253518574,24.955882829947,34.521433678967,21.184982649409,0.004483332039,0.004,273.74192250267004,6,6,6,6,6,6,6,6,6,6,6,6,6,6,6,0,6
321.0,47,-0.480655,38.346185,112.45,15.3,5.4,:241784469_0_0,0.0,0.0,321.0,47,14.0,193.11385294535,31.778481724784,25.488510265671,28.007581544247,0.004483332039,0.004,278.40031454489,6,6,6,6,6,6,6,6,6,6,6,6,6,6,6,0,6
322.0,47,-0.480497,38.346133,110.94,14.98,13.84,40062529#1_0,0.0,2.0,322.0,47,14.0,193.07659853792,23.483075893455,31.320009501911,28.007581544247,0.004483332039,0.004,278.40031454489,6,6,6,6,6,6,6,6,6,6,6,6,6,6,6,0,6
323.0,47,-0.480353,38.346086,110.94,13.58,27.42,40062529#1_0,0.0,2.0,323.0,47,7.0,193.93008717898,11.959872834634,31.227239922222,17.099833797991,0.004301751125,0.004,278.13880624278,6,6,6,6,6,6,6,6,6,6,6,6,6,6,6,0,6
324.0,47,-0.480254,38.346054,110.94,9.41,36.83,40062529#1_0,0.0,10.0,324.0,47,10.0,195.31309450681,18.546716199898,19.347411712501,24.068978101435,0.004301751125,0.004,286.17089281909,6,6,6,6,6,6,6,6,6,6,6,6,6,6,6,0,6
325.0,47,-0.480202,38.346037,109.85,4.91,1.98,:241784452_1_0,0.0,10.0,325.0,47,10.0,197.86933183737,17.92840172074,36.454862674461,24.068978101435,0.004301751125,0.004,286.17089281909,6,6,6,6,6,6,6,6,6,6,6,6,6,6,6,0,6
326.0,47,-0.480132,38.346044,76.47,6.34,1.99,425212516#2_0,0.0,0.0,326.0,47,12.0,201.2972823932,23.005894787348,22.082110423176,28.528156688884,0.004661097459,0.004,288.49215478765,6,6,6,6,6,6,6,6,6,6,6,6,6,6,6,0,6
327.0,47,-0.480049,38.346074,63.7,8.03,10.02,425212516#2_0,0.0,0.0,327.0,47,3.0,205.28512660278,0.62916950917008,15.919213627865,3.8349859263507,0.004661097459,0.004,295.65244005081,6,6,6,6,6,6,6,6,6,6,6,6,6,6,6,0,6
328.0,47,-0.479943,38.346112,64.23,10.19,2.76,425212516#3_0,0.0,0.0,328.0,47,3.0,209.96641997922,23.681344072841,39.680724617932,3.8349859263507,0.004661097459,0.004,295.65244005081,6,6,6,6,6,6,6,6,6,6,6,6,6,6,6,0,6
329.0,47,-0.47982,38.346155,64.43,11.73,14.49,425212516#3_0,0.0,0.0,329.0,47,11.0,215.42623227015,21.230356008107,26.705969643472,26.752617909644,0.004080098913,0.004,294.90862453962,6,6,6,6,6,6,6,6,6,6,6,6,6,6,6,0,6
330.0,47,-0.479675,38.346207,63.57,13.93,4.87,86299995#0_0,0.0,0.0,330.0,47,7.0,221.01163957865,13.304827593062,37.274766403079,15.399956882873,0.004117919335,0.004,297.80584707945,6,6,6,6,6,6,6,6,6,6,6,6,6,6,6,0,6
331.0,47,-0.479512,38.346267,63.56,15.72,20.59,86299995#0_0,0.0,0.0,331.0,47,3.0,228.79721264056,3.1761466157772,8.3319093378543,5.615004906274,0.004964359128,0.004,300.60726910179,6,6,6,6,6,6,6,6,6,6,6,6,6,6,6,0,6
332.0,47,-0.479356,38.346324,63.48,15.03,3.34,:241784477_0_0,0.0,0.0,332.0,47,9.0,238.55652733584,15.867982882646,29.939836509703,21.390244784183,0.004167259401,0.004,305.72448380247,6,6,6,6,6,6,6,6,6,6,6,6,6,6,7,0,6
333.0,47,-0.479191,38.346384,63.99,15.88,2.02,:241784482_0_0,0.0,0.0,333.0,47,8.0,244.75930655339,14.986217358206,29.072616608671,16.609403782048,0.004167259401,0.004,315.16689439781,6,6,6,6,6,6,6,6,6,6,6,6,7,6,6,0,6
334.0,47,-0.47903,38.346438,65.57,15.36,12.41,86299995#2_0,0.0,0.0,334.0,47,9.0,251.48926797756,16.283741081565,25.00206836773,21.806002983101,0.004375530465,0.004,324.6238914474033,6,6,6,6,6,6,6,6,6,6,7,6,6,6,7,0,6
335.0,47,-0.478871,38.346483,74.52,14.84,1.57,86299995#3_0,0.0,0.0,335.0,47,7.0,258.0702304448,12.967229993460998,29.379492063109,15.062359283273002,0.004423833481,0.004,331.55442735553,6,6,6,6,6,6,6,6,7,6,6,6,7,6,7,0,6
336.0,47,-0.478697,38.346511,76.63,15.47,17.04,86299995#3_0,0.0,0.0,336.0,47,9.0,264.95193197398,16.97390246916,17.505817289929,22.297969601728,0.004629756265,0.004,331.23719732005,6,6,6,6,6,6,7,6,6,6,7,6,7,6,7,0,6
337.0,47,-0.478568,38.346531,78.67,11.54,4.3,:241784485_0_0,0.0,8.0,337.0,47,11.0,271.83857087546,21.477779704148,28.531532418261,27.000041605685,0.004247776148,0.004,332.04748039248,6,6,6,6,7,6,6,6,7,6,7,6,7,6,7,0,6
338.0,47,-0.478479,38.346539,82.1,7.85,7.29,86299995#4_0,0.0,8.0,338.0,47,11.0,278.68511546233,12.594127178139,29.887179879283,27.000041605685,0.004075957328,0.004,331.60677097239,6,6,7,6,6,6,7,6,7,6,7,6,7,6,7,0,6
339.0,47,-0.47844,38.346542,82.1,3.41,10.7,86299995#4_0,0.0,8.0,339.0,47,14.0,247.87307347237,43.610706156854,22.087391558256,27.822522424492,0.00460434437,0.004,0.20359387447995,7,6,6,6,7,6,7,6,7,6,7,6,7,6,7,1,7
340.0,47,-0.478384,38.346547,82.6,4.91,3.6,:241784486_0_0,0.0,0.0,340.0,47,6.0,293.19926770504,10.064724686587,13.220931251126,12.159853976399,0.004066520398,0.004,0.81177903139467,6,7,7,6,7,6,7,6,7,6,7,6,7,6,7,2,7
341.0,47,-0.478301,38.346553,82.98,7.28,0.8,:4506968218_0_0,0.0,0.0,341.0,47,10.0,244.88524182777,17.489336038619,30.513085935695,17.068603526502,0.004574698235,0.004,0.60719838080432,7,6,7,7,7,6,7,6,7,6,7,6,7,6,7,2,7
342.0,47,-0.478196,38.346554,90.72,9.19,0.55,86299995#6_0,0.0,0.0,342.0,47,10.0,244.0521489896,21.877278419688,32.693775193786,17.068603526502,0.004574698235,0.004,0.60719838080432,7,7,7,6,7,7,7,6,7,6,7,6,7,6,7,0,7
343.0,47,-0.478068,38.346547,91.95,11.24,11.79,86299995#6_0,0.0,0.0,343.0,47,13.0,243.71236110904,27.917158947391,20.688819655113,24.146258766853,0.00439782585,0.004,6.4374116240762,7,7,7,7,7,6,7,7,7,6,7,6,7,6,7,0,7
344.0,47,-0.477924,38.346546,88.39,12.64,24.42,86299995#6_0,0.0,0.0,344.0,47,13.0,240.54121226893,27.60729437,42.540142474171,23.836394189463004,0.00439782585,0.004,16.447913487115,7,7,7,7,7,7,7,6,7,7,7,6,7,6,7,0,7
345.0,47,-0.477754,38.346546,88.39,14.82,39.24,86299995#6_0,0.0,0.0,345.0,47,12.0,233.37455351941,23.872876776244,31.073694892858,29.39513867778,0.00439782585,0.004,26.400382614241,7,7,7,7,7,7,7,7,7,6,7,7,7,6,7,0,7
346.0,47,-0.477574,38.346544,89.34,15.75,54.99,86299995#6_0,0.0,0.0,346.0,47,6.0,226.01423456022,10.510482024935,41.196504190756,12.605611314747,0.00439782585,0.004,36.097983958378,7,7,7,7,7,7,7,7,7,7,7,6,7,7,7,0,7
347.0,47,-0.477397,38.346555,72.56,15.88,70.87,86299995#6_0,0.0,0.0,347.0,47,10.0,219.71370423716,19.80179477238,27.612598681473,25.324056673916,0.004434542973,0.004,40.61537052075275,7,7,7,7,7,7,7,7,7,7,7,7,7,6,7,0,7
283.0,141,-0.493515,38.338484,169.45,6.01,6.01,:5146840532_0_0,0.0,8.0,283.0,141,1.0,438.89347517557,-7.7791810930258,17.845949466952,-5.5969268281369,0.9939995524,0.01,0.24365783377592,5,-1,5,-1,5,-1,5,-1,5,-1,5,-1,5,-1,5,0,5
284.0,141,-0.493512,38.33847,169.45,1.64,7.65,:5146840532_0_0,0.0,8.0,284.0,141,14.0,439.85116405857,36.325602487724,7.9778538503546,38.811185704928,1.2949995524,0.004,0.72999136000564,5,5,5,-1,5,-1,5,-1,5,-1,5,-1,5,-1,5,0,5
285.0,141,-0.493512,38.338469,169.45,0.01,7.65,:5146840532_0_0,0.0,8.0,285.0,141,14.0,440.09049054084,13.546225748378,16.74890729574,38.811185704928,0.724666105973,0.004,1.2123767856202,5,5,5,5,5,-1,5,-1,5,-1,5,-1,5,-1,5,0,5
286.0,141,-0.493512,38.338469,169.45,0.0,7.66,:5146840532_0_0,0.0,8.0,286.0,141,10.0,440.14761649063,17.489530110809,16.746917436845,19.975113328014,0.004997945563,0.004,6.1281394024968,5,5,5,5,5,5,5,-1,5,-1,5,-1,5,-1,5,0,5
287.0,141,-0.493512,38.338469,169.45,0.0,7.66,:5146840532_0_0,0.0,8.0,287.0,141,10.0,440.15013490628,17.489442393191,16.746829719227,19.975025610396,0.004997945563,0.004,18.112083565115,5,5,5,5,5,5,5,5,5,-1,5,-1,5,-1,5,0,5
288.0,141,-0.493512,38.338469,169.45,0.0,7.66,:5146840532_0_0,0.0,8.0,288.0,141,10.0,440.15032503767,17.489435770845,16.746823096881,18.935061259045,0.004839068126,0.004,29.709055428431,5,5,5,5,5,5,5,5,5,5,5,-1,5,-1,5,0,5
289.0,141,-0.493512,38.338469,169.45,0.0,7.66,:5146840532_0_0,0.0,8.0,289.0,141,10.0,440.15035280196,17.489434803805,16.74682212984,19.975018021009,0.004839068126,0.004,41.544258857481,5,5,5,5,5,5,5,5,5,5,5,5,5,-1,5,0,5
290.0,141,-0.493512,38.338469,169.45,0.0,7.66,:5146840532_0_0,0.0,8.0,290.0,141,10.0,440.15035280196,17.489434803805,16.74682212984,18.935060292005,0.004839068126,0.004,53.297838223681,5,5,5,5,5,5,5,5,5,5,5,5,5,5,5,0,5
291.0,141,-0.493512,38.338469,169.45,0.0,7.66,:5146840532_0_0,0.0,8.0,291.0,141,10.0,440.15035280196,17.489434803805,16.74682212984,19.975018021009,0.004884420771,0.004,61.651179413867,5,5,5,5,5,5,5,5,5,5,5,5,5,5,5,0,5
292.0,141,-0.493512,38.338469,169.45,0.0,7.66,:5146840532_0_0,0.0,8.0,292.0,141,10.0,440.15035280196,17.489434803805,16.74682212984,19.975018021009,0.004884420771,0.004,69.087068634443,5,5,5,5,5,5,5,5,5,5,5,5,5,5,5,0,5
293.0,141,-0.493512,38.338469,169.45,0.0,7.66,:5146840532_0_0,0.0,8.0,293.0,141,10.0,440.15035280196,17.489434803805,16.74682212984,19.975018021009,0.004138865295,0.004,72.677530222458,5,5,5,5,5,5,5,5,5,5,5,5,5,5,5,0,5
294.0,141,-0.493512,38.338469,169.45,0.0,7.66,:5146840532_0_0,0.0,8.0,294.0,141,10.0,440.15035280196,17.489434803805,16.74682212984,18.935060292005,0.004141241087,0.004,74.164778873038,5,5,5,5,5,5,5,5,5,5,5,5,5,5,5,0,5
295.0,141,-0.493512,38.338469,169.45,0.0,7.66,:5146840532_0_0,0.0,8.0,295.0,141,10.0,440.15035280196,17.489434803805,16.74682212984,19.975018021009,0.004196563546,0.004,81.57313707162,5,5,5,5,5,5,5,5,5,5,5,5,5,5,5,0,5
296.0,141,-0.493512,38.338469,169.45,0.0,7.66,:5146840532_0_0,0.0,8.0,296.0,141,10.0,440.15035280196,17.489434803805,16.74682212984,19.975018021009,0.004196563546,0.004,92.93420817233032,5,5,5,5,5,5,5,5,5,5,5,5,5,5,5,0,5
297.0,141,-0.493512,38.338469,169.45,0.0,7.66,:5146840532_0_0,0.0,8.0,297.0,141,10.0,440.15035280196,17.489434803805,16.74682212984,19.975018021009,0.004196563546,0.004,104.23767568609668,5,5,5,5,5,5,5,5,5,5,5,5,5,5,5,0,5
298.0,141,-0.493512,38.338469,169.45,0.0,7.66,:5146840532_0_0,0.0,8.0,298.0,141,10.0,440.15035280196,17.489434803805,16.74682212984,19.975018021009,0.004196563546,0.004,115.4839298538825,5,5,5,5,5,5,5,5,5,5,5,5,5,5,5,0,5
299.0,141,-0.493512,38.338469,169.45,0.0,7.66,:5146840532_0_0,0.0,8.0,299.0,141,10.0,440.15035280196,17.489434803805,16.74682212984,19.975018021009,0.004196563546,0.004,126.61778097899332,5,5,5,5,5,5,5,5,5,5,5,5,5,5,5,0,5
300.0,141,-0.493512,38.338469,169.45,0.0,7.66,:5146840532_0_0,0.0,8.0,300.0,141,10.0,440.15035280196,17.489434803805,16.74682212984,19.975018021009,0.004196563546,0.004,137.69593098493,5,5,5,5,5,5,5,5,5,5,5,5,5,5,5,0,5
301.0,141,-0.493512,38.338469,169.45,0.0,7.66,:5146840532_0_0,0.0,8.0,301.0,141,10.0,440.15035280196,17.489434803805,16.74682212984,19.975018021009,0.004196563546,0.004,148.7187510046075,5,5,5,5,5,5,5,5,5,5,5,5,5,5,5,0,5
302.0,141,-0.493512,38.338469,169.45,0.0,7.66,:5146840532_0_0,0.0,8.0,302.0,141,10.0,440.15035280196,17.489434803805,16.74682212984,19.975018021009,0.00412822378,0.004,151.71212577775,5,5,5,5,5,5,5,5,5,5,5,5,5,5,5,0,5
303.0,141,-0.493512,38.338469,169.45,0.0,7.66,:5146840532_0_0,0.0,8.0,303.0,141,10.0,440.15035280196,17.489434803805,16.74682212984,19.975018021009,0.00412822378,0.004,159.33966097663,5,5,5,5,5,5,5,5,5,5,5,5,5,5,5,0,5
304.0,141,-0.493512,38.338469,169.45,0.0,7.66,:5146840532_0_0,0.0,8.0,304.0,141,10.0,440.15035280196,17.489434803805,16.74682212984,19.975018021009,0.004186853304,0.004,167.51153817054,5,5,5,5,5,5,5,5,5,5,5,5,5,5,5,0,5
305.0,141,-0.493512,38.338469,169.45,0.0,7.66,:5146840532_0_0,0.0,8.0,305.0,141,10.0,440.15035280196,17.489434803805,16.74682212984,19.975018021009,0.004247097342,0.004,176.38572391332332,5,5,5,5,5,5,5,5,5,5,5,5,5,5,5,0,5
306.0,141,-0.493512,38.338469,169.45,0.0,7.66,:5146840532_0_0,0.0,8.0,306.0,141,10.0,440.15035280196,17.489434803805,16.74682212984,19.975018021009,0.004706619767,0.004,182.15989165211,5,5,5,5,5,5,5,5,5,5,5,5,5,5,5,0,5
307.0,141,-0.493512,38.338469,169.45,0.0,7.66,:5146840532_0_0,0.0,8.0,307.0,141,10.0,440.15035280196,17.489434803805,16.74682212984,19.975018021009,0.004447311946,0.004,191.27146221575,5,5,5,5,5,5,5,5,5,5,5,5,5,5,5,0,5
308.0,141,-0.493512,38.338469,169.45,0.0,7.66,:5146840532_0_0,0.0,8.0,308.0,141,10.0,440.15035280196,17.489434803805,16.74682212984,19.975018021009,0.004447311946,0.004,201.85199014263,5,5,5,5,5,5,5,5,5,5,5,5,5,5,5,0,5
309.0,141,-0.493512,38.338469,169.45,0.0,7.66,:5146840532_0_0,0.0,8.0,309.0,141,10.0,440.15035280196,17.489434803805,16.74682212984,18.935060292005,0.004447311946,0.004,212.3640341367,5,5,5,5,5,5,5,5,5,5,5,5,5,5,5,0,5
310.0,141,-0.493512,38.338469,169.45,0.0,7.66,:5146840532_0_0,0.0,8.0,310.0,141,10.0,440.15035280196,17.489434803805,16.74682212984,18.935060292005,0.004447311946,0.004,222.80825696064,5,5,5,5,5,5,5,5,5,5,5,5,5,5,5,0,5
311.0,141,-0.493512,38.338469,169.45,0.0,7.66,:5146840532_0_0,0.0,8.0,311.0,141,10.0,440.15035280196,17.489434803805,16.74682212984,19.975018021009,0.0041374459,0.004,231.4838107531567,5,5,5,5,5,5,5,5,5,5,5,5,5,5,5,0,5
312.0,141,-0.493512,38.338469,169.45,0.0,7.66,:5146840532_0_0,0.0,8.0,312.0,141,10.0,440.15035280196,17.489434803805,16.74682212984,19.975018021009,0.0041374459,0.004,237.61260899845,5,5,5,5,5,5,5,5,5,5,5,5,5,5,5,0,5
313.0,141,-0.493512,38.338469,169.45,0.0,7.66,:5146840532_0_0,0.0,8.0,313.0,141,10.0,440.15035280196,17.489434803805,16.74682212984,19.975018021009,0.004519559873,0.004,241.83144355094,5,5,5,5,5,5,5,5,5,5,5,5,5,5,5,0,5
314.0,141,-0.493512,38.338469,169.45,0.0,7.66,:5146840532_0_0,0.0,8.0,314.0,141,10.0,440.15035280196,17.489434803805,16.74682212984,19.975018021009,0.004519559873,0.004,252.0485734031,5,5,5,5,5,5,5,5,5,5,5,5,5,5,5,0,5
315.0,141,-0.493508,38.338452,169.39,1.9,0.9,:224830518_3_0,0.0,0.0,315.0,141,10.0,440.15035280196,17.489434803805,16.74682212984,19.975018021009,0.004519559873,0.004,262.20083238359,5,5,5,5,5,5,5,5,5,5,5,5,5,5,5,0,5
316.0,141,-0.493499,38.338415,167.54,4.14,5.04,:224830518_3_0,0.0,0.0,316.0,141,4.0,440.39023150568,5.0640029704789,1.2556353673239,8.5267706272682,0.00477614494,0.004,270.11297825881,5,5,5,5,5,5,5,5,5,5,5,5,5,5,5,0,5
317.0,141,-0.493475,38.338361,158.17,6.14,11.18,:224830518_3_0,0.0,0.0,317.0,141,5.0,440.92346351434,6.630950016163699,17.215779339232,8.596554368866,0.00477614494,0.004,280.14448405312,5,5,5,5,5,5,5,5,5,5,5,5,5,5,5,0,5
318.0,141,-0.493423,38.338297,141.91,8.67,8.47,:224830525_2_0,0.0,0.0,318.0,141,1.0,441.20798550893,-13.127254582022,23.260454319888,-11.16165022932,0.00477614494,0.01,281.14415465641,5,5,5,5,5,5,5,5,5,5,5,5,5,5,5,0,5
319.0,141,-0.49339,38.3382,166.54,11.27,7.23,125867449#0_1,0.0,0.0,319.0,141,2.0,440.7633424021199,-0.50990652397934,12.310401593670996,1.8213750194415,0.004884885959,0.004,283.59782383615,5,5,5,5,5,5,5,5,5,5,5,5,5,5,5,0,5
320.0,141,-0.49336,38.338088,166.55,12.66,9.36,:5146841658_7_1,0.0,0.0,320.0,141,2.0,439.60805188949,14.077635884149,14.461725792665,1.8213750194415,0.004884885959,0.004,283.59782383615,5,5,5,5,5,5,5,5,5,5,5,5,5,5,5,0,5
321.0,141,-0.493331,38.33798,166.53,12.29,4.32,125867449#1_1,0.0,0.0,321.0,141,7.0,441.68490615043,11.754515597775,24.094961082197,13.720119950477,0.004838776125,0.004,284.93113969339,5,5,5,5,5,5,5,5,5,5,5,5,5,5,5,0,5
322.0,141,-0.493302,38.337871,166.52,12.32,16.64,125867449#1_1,0.0,0.0,322.0,141,9.0,444.02078910695,15.650061485356,22.21637963434,18.13564470256,0.004089531673,0.004,287.40624600975605,5,5,5,5,5,5,5,5,5,5,5,5,5,5,5,0,5
323.0,141,-0.493275,38.33777,166.52,11.5,28.14,125867449#1_1,0.0,0.0,323.0,141,12.0,446.68704532411,25.611254100769,21.186088109883,28.096837317973,0.004089531673,0.004,290.11477988885,5,5,5,5,5,5,5,5,5,5,5,5,5,5,5,0,5
324.0,141,-0.493249,38.337658,170.51,12.62,0.95,:1397134182_1_1,0.0,0.0,324.0,141,4.0,449.78627682045,5.6315648258332,38.608374337502,9.0943324826224,0.004517243345,0.004,296.50408888473004,5,5,5,5,5,5,5,5,5,5,5,5,5,5,5,0,5
325.0,141,-0.493251,38.337547,185.32,12.44,13.39,:1397134182_1_1,0.0,0.0,325.0,141,3.0,453.23858196985,1.0866062630683,1.3129876916741,4.5381420153735,0.004517243345,0.004,306.2073622340075,5,5,5,5,5,5,5,5,5,5,5,5,5,5,5,0,5
326.0,141,-0.493272,38.337439,185.97,12.14,4.68,125867449#2_1,0.0,0.0,326.0,141,2.0,457.00539776971,-9.4808522290305,13.481061087351,-7.216593634015833,0.010517243345,0.01,315.79722326178,5,5,5,5,5,5,5,5,5,5,5,5,5,5,5,0,5
327.0,141,-0.49323,38.337333,158.15,12.37,6.47,:1396885400_1_1,0.0,0.0,327.0,141,6.0,462.92013646798,11.054255932093,28.694701520843,13.019860284796,0.004184074854,0.004,317.57366320586,5,5,5,5,5,5,5,5,5,5,5,5,5,5,5,0,5
328.0,141,-0.493115,38.33726,98.39,11.58,6.32,:1396885399_1_0,0.0,0.0,328.0,141,7.0,470.5810942498,10.332690700851,16.540508741986,12.298295053554,0.004184074854,0.004,327.12388908368,5,5,5,5,5,5,5,5,5,5,5,5,5,5,5,0,5
329.0,141,-0.49297,38.337268,84.23,12.6,12.26,135394078_0,0.0,0.0,329.0,141,13.0,477.9659929253,27.301132291023,9.5051050018954,29.786715508227,0.004184074854,0.004,332.25683717108,5,5,5,5,5,5,5,5,5,5,5,5,5,5,5,0,5
330.0,141,-0.492828,38.33728,79.42,11.98,1.29,135394066_0,0.0,0.0,330.0,141,4.0,474.98619636444,5.7436226375475,21.951858280105,9.2063902943368,0.004720715248,0.004,337.68045191436,5,5,5,5,5,5,5,5,5,5,5,5,5,5,5,0,5
331.0,141,-0.49269,38.337305,71.54,11.7,12.99,135394066_0,0.0,0.0,331.0,141,2.0,464.24258150902,-12.686034134199,9.7059053826726,-9.8951677690615,0.004720715248,0.004,337.68045191436,5,5,5,5,5,5,5,5,5,5,5,5,5,5,5,0,5
332.0,141,-0.492559,38.337347,62.55,11.65,24.64,135394066_0,0.0,0.0,332.0,141,5.0,454.67915981853,8.7653883273051,16.667180718214,10.730992680007,0.00451333299,0.004,344.93556887937,5,5,5,5,5,5,5,5,5,5,5,5,5,5,5,0,5
333.0,141,-0.492466,38.337424,41.6,11.46,5.82,:1396885404_0_0,0.0,0.0,333.0,141,3.0,444.22393633874,2.3272844566266,20.359847691786,5.778820208931701,0.00451333299,0.004,354.2602173812734,5,5,5,5,5,5,5,5,5,5,5,5,5,5,5,0,5
334.0,141,-0.49236,38.337504,48.41,13.0,0.33,135394073_0,0.0,0.0,334.0,141,3.0,432.63032980928,-2.3328685739749,20.606592313797,3.2189598027741,0.00451333299,0.004,363.5290288843033,5,5,5,5,5,5,5,5,5,5,5,5,5,5,5,0,5
335.0,141,-0.492227,38.337586,50.04,14.75,15.08,135394073_0,0.0,0.0,335.0,141,2.0,420.62416861224,-3.0165384573102,31.399127568526,-0.68525691388941,0.01051333299,0.01,368.56594569389,5,5,5,5,5,5,5,5,5,5,5,5,5,5,5,0,5
336.0,141,-0.49208,38.337674,54.66,16.3,4.58,:1486936367_1_0,0.0,0.0,336.0,141,10.0,407.66804384222,17.705550254541,21.754411376975,20.191133471746,0.004047960554,0.004,372.11268024822,5,5,5,5,5,5,5,5,5,5,5,5,5,5,5,0,5
337.0,141,-0.491891,38.337732,74.1,18.14,13.0,135394070#0_0,0.0,0.0,337.0,141,7.0,392.4874726098399,11.379901586344,20.49765417603,13.345505939047,0.004374771642,0.004,379.19512875447,5,5,5,5,5,5,5,5,5,5,5,5,5,5,5,0,5
338.0,141,-0.491662,38.337774,78.49,20.7,33.71,135394070#0_0,0.0,0.0,338.0,141,3.0,375.56446101588,0.066018655775281,13.175778978955,3.9914487959985,0.004031806985,0.004,381.20832400101,5,5,5,5,5,5,5,5,5,5,5,5,5,5,5,0,5
339.0,141,-0.491406,38.337807,79.11,22.8,56.5,135394070#0_0,0.0,0.0,339.0,141,3.0,357.52942612009,2.0276345769547,9.5839736837025,5.479170329259799,0.004881681433,0.004,386.66199692447,5,5,5,5,5,5,5,5,5,5,5,5,5,5,5,0,5
340.0,141,-0.491122,38.337845,78.63,25.36,3.26,:2567888426_1_0,0.0,0.0,340.0,141,7.0,338.59718390266,11.438033865709,25.608725430775,13.403638218412,0.004881681433,0.004,395.641966457075,5,5,5,5,5,5,5,5,5,5,5,5,5,5,5,0,5
341.0,141,-0.490851,38.337912,65.47,24.78,21.87,135394070#1_0,0.0,0.0,341.0,141,6.0,319.50270500045,10.949521317394,6.4157264614288,12.915125670097,0.004881681433,0.004,404.6289819523033,5,5,5,5,5,5,5,5,5,5,5,5,5,5,5,0,5
342.0,141,-0.490596,38.338021,54.57,25.04,5.15,135394070#2_0,0.0,0.0,342.0,141,4.0,299.7328986645,3.0710442942565,25.740043273113,7.5132009796301,0.00459949127,0.004,410.78153874944,5,5,5,5,5,5,5,5,5,5,5,5,5,5,5,0,5
343.0,141,-0.490362,38.338145,54.57,24.65,29.8,135394070#2_0,0.0,0.0,343.0,141,12.0,279.50807644616,25.78623534534,40.510499711312,28.271818562544,0.00459949127,0.004,419.64244064001,5,5,5,5,5,5,5,5,5,5,5,5,5,5,5,0,5
344.0,141,-0.490122,38.338263,58.12,24.88,11.94,89664233#0_0,0.0,0.0,344.0,141,12.0,258.07462453005,25.596809256112,35.317291161058,28.082392473316,0.004515637538,0.004,428.0995524361275,5,5,5,5,5,5,5,5,5,5,5,5,5,5,5,0,5
345.0,141,-0.489881,38.338374,58.12,24.46,36.4,89664233#0_0,0.0,0.0,345.0,141,10.0,235.21610432044,19.467061535469,13.684596991567,21.952644752673,0.004515637538,0.004,436.8588619043725,5,5,5,5,5,5,5,5,5,5,5,5,5,5,5,0,5
346.0,141,-0.489636,38.338487,58.12,24.75,61.15,89664233#0_0,0.0,0.0,346.0,141,7.0,212.51046084129,10.112384814074,19.920049503105,12.077989166776,0.004515637538,0.004,445.5675385015175,5,5,5,5,5,5,5,5,5,5,5,5,5,5,5,0,5
347.0,141,-0.489384,38.338598,59.44,25.29,18.79,89664233#1_0,0.0,0.0,347.0,141,7.0,191.29914797982,11.547381146855,16.817312154751,15.498741023437,0.004515637538,0.004,454.22601998456,5,5,5,5,5,5,5,5,5,5,5,5,5,5,5,0,5
348.0,141,-0.489135,38.338716,55.02,25.32,2.6,89664233#2_0,0.0,0.0,348.0,141,13.0,170.41565673717,28.324521131102,18.58845458431,29.770146619302,0.004515637538,0.004,457.2877920702,5,5,5,5,5,5,5,5,5,5,5,5,5,5,5,0,5
349.0,141,-0.488935,38.338818,55.27,20.84,23.44,89664233#2_0,0.0,8.0,349.0,141,13.0,150.55840939464,29.014015895376,45.62276051673499,29.770146619302,0.004515637538,0.004,457.28779207020006,5,5,5,5,5,5,5,5,5,5,5,5,5,5,5,0,5
350.0,141,-0.488779,38.338899,55.27,16.34,39.78,89664233#2_0,0.0,8.0,350.0,141,13.0,131.84095807841,28.145752785745,47.756645485398,29.770146619302,0.004515637538,0.004,457.2877920702,5,5,5,5,5,5,5,5,5,5,5,5,5,5,5,0,5
351.0,141,-0.488664,38.338958,55.2,11.98,0.49,:219236438_2_0,0.0,8.0,351.0,141,13.0,114.13053328511,38.200951301274,45.842505516848,29.770146619302,0.004515637538,0.004,457.2877920702,5,5,5,5,5,5,5,5,5,5,5,5,5,5,5,0,5
352.0,141,-0.488593,38.338996,54.6,7.48,7.97,:219236438_2_0,0.0,8.0,352.0,141,14.0,101.29046140501002,32.243132991304,31.559723182913,34.728716208509,0.004026202689,0.004,458.89311556633,5,5,5,5,5,5,5,5,5,5,5,5,5,5,5,0,5
353.0,141,-0.488565,38.339011,54.26,2.98,1.57,20490166#0_0,0.0,8.0,353.0,141,14.0,92.492019788207,34.260968252357,37.589293146744,36.746551469561,0.004026202689,0.004,467.36657818622,5,5,5,5,5,5,5,5,5,5,5,5,5,5,5,0,5
354.0,141,-0.488559,38.339014,54.12,0.66,2.24,20490166#0_0,0.0,8.0,354.0,141,14.0,87.298167658335,39.483301639562,48.694651950966,41.968884856767,0.004026202689,0.004,475.79216773024,5,5,5,5,5,5,5,5,5,5,5,5,5,5,5,0,5
355.0,141,-0.488556,38.339016,54.06,0.28,2.52,20490166#0_0,0.0,8.0,355.0,141,14.0,84.608676897569,39.366251687384,30.84511222085,41.851834904589,0.004488957518,0.004,483.00408172463,5,5,5,5,5,5,5,5,5,5,5,5,5,5,5,0,5
356.0,141,-0.488556,38.339016,54.04,0.05,2.57,20490166#0_0,0.0,8.0,356.0,141,14.0,83.894684733987,32.93543028108,45.676418460543,35.421013498284,0.004488957518,0.004,491.33841015514,5,5,5,5,5,5,5,5,5,5,5,5,5,5,5,0,5
357.0,141,-0.488556,38.339016,54.04,0.01,2.58,20490166#0_0,0.0,8.0,357.0,141,14.0,83.870032884412,32.939935728174,45.680923907637,35.425518945379,0.004488957518,0.004,496.6478520176,5,5,5,5,5,5,5,5,5,5,5,5,5,5,5,0,5
358.0,141,-0.488556,38.339016,54.04,0.0,2.58,20490166#0_0,0.0,8.0,358.0,141,14.0,83.856248315061,32.94245561536,45.683443794823,35.428038832564,0.004714592651,0.004,498.88357256778,5,5,5,5,5,5,5,5,5,5,5,5,5,5,5,0,5
359.0,141,-0.488556,38.339016,54.04,0.0,2.58,20490166#0_0,0.0,8.0,359.0,141,14.0,83.850732608866,32.943464029661,45.684452209124,35.429047246866,0.004947218828,0.004,502.42205279769,5,5,5,5,5,5,5,5,5,5,5,5,5,5,5,0,5
360.0,141,-0.488536,38.339027,53.42,2.04,1.04,:2567888464_0_0,0.0,0.0,360.0,141,14.0,83.849836018276,32.943627955968,45.684616135431,35.429211173172,0.004947218828,0.004,510.60992852639,5,5,5,5,5,5,5,5,5,5,5,5,5,5,5,0,5
361.0,141,-0.488501,38.339047,52.72,3.7,4.74,:2567888464_0_0,0.0,0.0,361.0,141,13.0,83.208392020459,30.463127232834,46.638610456007,32.948710450039,0.004947218828,0.004,518.75244118307,5,5,5,5,5,5,5,5,5,5,5,5,5,5,5,0,5
362.0,141,-0.488447,38.339079,51.36,5.98,0.68,20490166#2_0,0.0,0.0,362.0,141,14.0,81.927922624762,40.52430826232,57.098642902409,43.009891479525,0.004947218828,0.004,526.84996671206,5,5,5,5,5,5,5,5,5,5,5,5,5,5,5,0,5
363.0,141,-0.488376,38.339125,48.81,8.01,8.69,20490166#2_0,0.0,0.0,363.0,141,14.0,79.939920127722,47.088516330024,45.039088386936,49.574099547228,0.004947218828,0.004,534.90287691498,5,5,5,5,5,5,5,5,5,5,5,5,5,5,5,0,5
364.0,141,-0.488283,38.339185,48.81,10.54,19.23,20490166#2_0,0.0,0.0,364.0,141,14.0,77.673003204368,35.327937883414,23.178886629747,34.27624427274,0.004420513259,0.004,534.37528331277,5,5,5,5,5,5,5,5,5,5,5,5,5,5,5,0,5
365.0,141,-0.48817,38.339258,49.49,12.58,2.46,:1675125802_0_0,0.0,0.0,365.0,141,14.0,75.685316466995,35.647191353776,42.453316482767,38.132774570981,0.004420513259,0.004,542.36336189065,5,5,5,5,5,5,5,5,5,5,5,5,5,5,5,0,5
366.0,141,-0.488058,38.339352,38.72,14.2,8.48,20490166#3_0,0.0,0.0,366.0,141,14.0,74.865090086014,32.415559008473,36.819135895135,39.008384801113,0.004420513259,0.004,550.30778940811,5,5,5,5,5,5,5,5,5,5,5,5,5,5,5,0,5
367.0,141,-0.487941,38.339461,38.72,15.82,24.3,20490166#3_0,0.0,0.0,367.0,141,12.0,75.187217461369,23.804373386291,58.104075693118,26.289956603496005,0.004420513259,0.004,558.20892268874,5,5,5,5,5,5,5,5,5,5,5,5,5,5,5,0,5
368.0,141,-0.487812,38.339581,38.72,17.46,41.76,20490166#3_0,0.0,0.0,368.0,141,12.0,77.303358677902,25.602185201445,30.826458352472,28.08776841865,0.004420513259,0.004,566.06711467757,5,5,5,5,5,5,5,5,5,5,5,5,5,5,5,0,5
369.0,141,-0.487666,38.339716,38.72,19.65,61.41,20490166#3_0,0.0,0.0,369.0,141,13.0,83.52551880012,26.956257395975,50.143575419152,29.441840613179,0.004420513259,0.004,573.88271449361,5,5,5,5,5,5,5,5,5,5,5,5,5,5,5,0,5
370.0,141,-0.487533,38.339875,31.55,21.12,82.52,20490166#3_0,0.0,0.0,370.0,141,14.0,94.503394246146,51.912631388759,44.482352014208,54.398214605964,0.004420513259,0.004,581.65606748163,5,5,5,5,5,5,5,5,5,5,5,5,5,5,5,0,5
371.0,141,-0.487388,38.34005,31.55,23.2,105.73,20490166#3_0,0.0,0.0,371.0,141,14.0,107.5670964933,42.64718381606,39.312868499834,45.132767033265,0.004420513259,0.004,587.69017495691,5,5,5,5,5,5,5,5,5,5,5,5,5,5,5,0,5
372.0,141,-0.487231,38.34024,31.55,25.13,130.86,20490166#3_0,0.0,0.0,372.0,141,14.0,124.14240963971,30.926799816569,32.579711172804,45.132767033265,0.004420513259,0.004,587.69017495691,5,5,5,5,5,5,5,5,5,5,5,5,5,5,5,0,5
373.0,141,-0.487076,38.340426,31.78,24.67,5.11,:21323868_0_0,0.0,0.0,373.0,141,6.0,142.43589581338,10.9611032596,29.556831031098,12.926707612302,0.004385534262,0.004,588.6415489918,5,5,5,5,5,5,5,5,5,5,5,5,5,5,2,0,5
374.0,141,-0.486923,38.340609,31.98,24.33,22.01,20490166#4_0,0.0,1.0,374.0,141,6.0,162.82882508597,16.099951123931,24.105482684266,12.926707612302,0.004385534262,0.004,588.6415489918,5,5,5,5,5,5,5,5,5,5,5,5,2,5,2,0,5
375.0,141,-0.486767,38.340794,31.98,24.66,46.67,20490166#4_0,0.0,1.0,375.0,141,9.0,184.00956846317,16.499931531016,14.909187741215,18.98551474822,0.004053893313,0.004,589.451857323905,5,5,5,5,5,5,5,5,5,5,2,5,2,5,2,0,5
376.0,141,-0.48661,38.34098,31.98,24.86,71.52,20490166#4_0,0.0,1.0,376.0,141,8.0,205.02928601905,13.36093123926,22.218578141158,15.326535591963,0.004053893313,0.004,597.0597993091101,5,5,5,5,5,5,5,5,2,5,2,5,2,5,2,0,5
377.0,141,-0.486444,38.341153,40.62,24.22,95.74,20490166#4_0,0.0,1.0,377.0,141,12.0,226.59299683891,23.788627526615,28.072100159318,26.274210743819,0.004053893313,0.004,604.5896427861151,5,5,5,5,5,5,2,5,2,5,2,5,2,5,2,0,5
378.0,141,-0.486254,38.341318,40.62,24.77,120.51,20490166#4_0,0.0,1.0,378.0,141,12.0,248.96492744175,16.400957161949,7.6190501248538,26.274210743819,0.004053893313,0.004,605.00470766089,5,5,5,5,2,5,2,5,2,5,2,5,2,5,2,1,2
379.0,141,-0.486071,38.341476,40.77,23.73,144.24,20490166#4_0,0.0,1.0,379.0,141,13.0,271.9584512358,26.696165083874,32.805886300635,29.181748301078,0.004497532749,0.004,604.3957784059,5,5,2,5,2,5,2,5,2,5,2,5,2,5,2,2,2
380.0,141,-0.485895,38.341552,104.0,19.76,2.45,20929389#1_0,0.0,0.0,380.0,141,13.0,262.21617812872,26.794394934424,21.134752508443,30.258308231258,0.004640970256,0.004,1.86122650128055,2,5,2,5,2,5,2,5,2,5,2,5,2,5,2,2,2
381.0,141,-0.48571,38.34158,59.52,17.07,4.08,:224831013_1_0,0.0,0.0,381.0,141,10.0,245.1762126441,17.887456773715,9.0510417975796,20.373039990919,0.004640970256,0.004,4.8984292422816,2,2,2,5,2,5,2,5,2,5,2,5,2,5,2,0,2
382.0,141,-0.485628,38.341671,25.65,12.57,3.35,:224831021_1_0,0.0,8.0,382.0,141,10.0,243.89276723914,14.859893297019,10.348376683402,20.373039990919,0.004640970256,0.004,4.8984292422816,2,2,2,2,2,5,2,5,2,5,2,5,2,5,2,0,2
383.0,141,-0.485621,38.341751,2.2,8.99,3.85,20929389#4_0,0.0,8.0,383.0,141,10.0,234.12099976338,25.169287972059,26.929620842387,20.373039990919,0.004640970256,0.004,4.8984292422816,2,2,2,2,2,2,2,5,2,5,2,5,2,5,2,0,2
384.0,141,-0.485634,38.34179,343.6,4.49,8.34,20929389#4_0,0.0,8.0,384.0,141,11.0,224.94440651167,21.284929333469,23.135625993144,23.770512550674,0.004586803477,0.004,6.2967859014573,2,2,2,2,2,2,2,2,2,5,2,5,2,5,2,0,2
385.0,141,-0.485666,38.341834,328.51,5.67,5.25,:224831033_1_0,0.0,0.0,385.0,141,11.0,219.3456941317,19.951161166888,23.511692796972,22.436744384093,0.004376968087,0.004,11.479462524078,2,2,2,2,2,2,2,2,2,2,2,5,2,5,2,0,2
386.0,141,-0.485731,38.341882,309.48,7.82,4.69,:224831039_3_0,0.0,0.0,386.0,141,11.0,213.35003483297,22.252325610562,23.665624895502,22.436744384093,0.004376968087,0.004,11.479462524078,2,2,2,2,2,2,2,2,2,2,2,2,2,5,2,0,2
387.0,141,-0.485834,38.341895,273.33,9.15,5.33,280216938#1_0,0.0,1.0,387.0,141,12.0,207.95705012577,23.545897253896,30.594860000083,26.031480471101,0.004899916225,0.004,17.874352597758502,2,2,2,2,2,2,2,2,2,2,2,2,2,2,2,0,2
388.0,141,-0.485936,38.341934,317.93,10.97,2.92,20929392#0_0,0.0,0.0,388.0,141,13.0,207.20802762788,26.337611303019,28.573246549648,28.823194520223,0.004899916225,0.004,26.72019685481075,2,2,2,2,2,2,2,2,2,2,2,2,2,2,2,0,2
389.0,141,-0.486022,38.342025,322.99,12.62,0.03,:224831057_0_0,0.0,0.0,389.0,141,12.0,203.52646505208,23.474591392607,49.334298191739,25.960174609811,0.004899916225,0.004,35.5205603743165,2,2,2,2,2,2,2,2,2,2,2,2,2,2,2,0,2
390.0,141,-0.486155,38.342101,290.13,14.69,10.02,20929392#2_0,0.0,0.0,390.0,141,13.0,194.37818837088,26.305553145557,35.53248519878,28.791136362761,0.004899916225,0.004,44.27579301438225,2,2,2,2,2,2,2,2,2,2,2,2,2,2,2,0,2
391.0,141,-0.486331,38.342062,234.45,16.64,3.26,:224831074_0_0,0.0,0.0,391.0,141,10.0,190.02188341035,17.232478187806,34.912618382376,19.71806140501,0.004899916225,0.004,52.98624105394175,2,2,2,2,2,2,2,2,2,2,2,2,2,2,5,0,2
392.0,141,-0.486465,38.341929,214.94,18.91,12.44,20929395#0_0,0.0,1.0,392.0,141,11.0,201.54665051441,21.293648575096,31.982938588492,23.7792317923,0.00408983438,0.004,58.836170603871,2,2,2,2,2,2,2,2,2,2,2,2,5,2,5,0,2
393.0,141,-0.486592,38.341777,211.95,20.24,32.69,20929395#0_0,0.0,1.0,393.0,141,11.0,219.12651088303,20.231170539733,34.860653647678,22.716753756938,0.004691471901,0.004,60.403094462541,2,2,2,2,2,2,2,2,2,2,5,2,5,2,5,0,2
394.0,141,-0.486716,38.341629,211.95,19.61,52.3,20929395#0_0,0.0,1.0,394.0,141,11.0,237.65052341956,12.417040206506,25.121268958622,22.716753756938,0.004691471901,0.004,60.403094462541,2,2,2,2,2,2,2,2,5,2,5,2,5,2,5,0,2
395.0,141,-0.486845,38.341476,211.95,20.36,72.66,20929395#0_0,0.0,1.0,395.0,141,13.0,256.24698169333,28.376222698329,33.915873174542,30.861805915534,0.00499591529,0.004,65.3769699418975,2,2,2,2,2,2,5,2,5,2,5,2,5,2,2,0,2
396.0,141,-0.486985,38.34134,234.48,20.0,3.97,:219237152_0_0,0.0,1.0,396.0,141,13.0,275.25453778969,29.419191414612,25.293449133389,31.904774631816,0.00499591529,0.004,73.9668408627775,2,2,2,2,5,2,5,2,5,2,5,2,2,2,2,1,5
397.0,141,-0.487174,38.341402,327.53,19.8,3.99,20490187#2_0,0.0,0.0,397.0,141,7.0,292.91922693682,11.729418007893,20.512066663586,16.200756748977,0.004544887991,0.004,76.125944584383,2,2,5,2,5,2,5,2,5,2,2,2,2,2,2,2,5
398.0,141,-0.487288,38.341557,328.37,19.89,23.88,20490187#2_0,0.0,0.0,398.0,141,12.0,227.57516903092,22.823993833683,26.676496844443,25.309577050888,0.004802325682,0.004,8.1482412060301,5,2,5,2,5,2,5,2,2,2,2,2,2,2,2,2,5
399.0,141,-0.487402,38.341713,328.37,20.02,43.9,20490187#2_0,0.0,0.0,399.0,141,5.0,235.38300081918,6.0310485173629,22.66825156686,7.9966528700653,0.004555799721,0.004,10.038276887883,5,5,5,2,5,2,2,2,2,2,2,2,2,2,2,0,5
400.0,141,-0.487514,38.341865,328.37,19.44,63.34,20490187#2_0,0.0,0.0,400.0,141,8.0,244.13777558767,13.937396555151002,25.541713423975,15.903000907854,0.004055144126,0.004,15.532339030192,5,5,5,5,2,2,2,2,2,2,2,2,2,2,2,1,2
401.0,141,-0.487628,38.342021,328.58,20.0,4.43,:243895531_1_0,0.0,0.0,401.0,141,8.0,253.81274780534,28.380154782594,27.001023047103,15.903000907854,0.004055144126,0.004,15.532339030192,5,5,2,5,2,5,2,2,2,2,2,2,2,2,2,2,2
402.0,141,-0.487741,38.342174,328.36,19.66,2.71,:243895530_1_0,0.0,0.0,402.0,141,13.0,264.64377496034,24.348070715386,24.791042270391,29.834776718115,0.004973782984,0.004,0.8601582192481,2,5,2,5,2,5,2,5,2,2,2,2,2,2,2,2,2
403.0,141,-0.487851,38.342327,329.01,19.54,16.03,20490187#6_0,0.0,0.0,403.0,141,13.0,259.34768212239,12.491695572958,37.206390107149,29.834776718115,0.004973782984,0.004,0.8601582192481,2,2,2,5,2,5,2,5,2,5,2,2,2,2,2,0,2
404.0,141,-0.487962,38.342482,329.01,19.75,35.78,20490187#6_0,0.0,0.0,404.0,141,13.0,255.25792618536,13.350969955227,23.993049519091,29.834776718115,0.004973782984,0.004,0.8601582192481,2,2,2,2,2,5,2,5,2,5,2,5,2,2,2,0,2
405.0,141,-0.488073,38.342637,328.8,19.68,4.08,:243895033_1_0,0.0,0.0,405.0,141,7.0,252.1551402679,11.397842725064,28.212594634084,13.363447077767,0.004754659898,0.004,4.2593223603313,2,2,2,2,2,2,2,5,2,5,2,5,2,5,2,0,2
406.0,141,-0.488184,38.342789,328.59,19.49,12.78,20490187#8_0,0.0,0.0,406.0,141,8.0,250.47666146891,13.477508776669,34.22290291183,15.443113129371,0.004754659898,0.004,12.746493790549,2,2,2,2,2,2,2,2,2,5,2,5,2,5,2,0,2
407.0,141,-0.488293,38.342939,328.59,19.21,31.99,20490187#8_0,0.0,0.0,407.0,141,11.0,250.22506823027,22.120612068309,39.186371632417,23.566237556509,0.004754659898,0.004,20.012092790043,2,2,2,2,2,2,2,2,2,2,2,5,2,5,2,0,2
408.0,141,-0.488409,38.343097,328.25,20.25,2.57,:430767614_0_0,0.0,0.0,408.0,141,12.0,251.50152769713,25.474700342465,33.637154053255,27.960283559669,0.004805757176,0.004,22.851493503945,2,2,2,2,2,2,2,2,2,2,2,2,2,5,2,0,2
409.0,141,-0.488547,38.343236,319.03,19.77,6.41,:243896893_1_0,0.0,0.0,409.0,141,13.0,254.21971209098,27.178329215491,28.902938719988,29.663912432696,0.004375465117,0.004,27.79428007226125,2,2,2,2,2,2,2,2,2,2,2,2,2,2,1,0,2
410.0,141,-0.488659,38.343392,329.02,19.93,19.21,44579148_0,0.0,0.0,410.0,141,4.0,258.20398454995,4.6788644204091,22.211762178585,8.1416320771984,0.004414218333,0.004,30.124537192864,2,2,2,2,2,2,2,2,2,2,2,2,1,2,1,0,2
411.0,141,-0.488769,38.343546,329.02,19.56,38.77,44579148_0,0.0,0.0,411.0,141,13.0,266.11314700173,27.827141227457,39.192122966844,30.312724444662,0.004414218333,0.004,38.445442556898,2,2,2,2,2,2,2,2,2,2,1,2,1,2,1,0,2
412.0,141,-0.488876,38.343708,332.79,20.29,5.62,:243896897_2_0,0.0,0.0,412.0,141,5.0,272.58571005087,8.6587873703129,27.08245488369,10.624391723015,0.004329055031,0.004,44.549624990898,2,2,2,2,2,2,2,2,1,2,1,2,1,2,1,0,2
413.0,141,-0.488972,38.343865,331.64,19.41,8.84,20490186#1_0,0.0,0.0,413.0,141,11.0,279.99318002064,20.871436711099,22.773473280068,23.357019928303,0.004329055031,0.004,48.677543698029,2,2,2,2,2,2,1,2,1,2,1,2,1,2,1,0,2
414.0,141,-0.489077,38.344025,330.49,19.93,2.39,20490186#2_0,0.0,0.0,414.0,141,7.0,288.01004400754,12.043209362711002,34.265729888263,15.994569239293,0.00408562161,0.004,50.27846420611067,2,2,2,2,1,2,1,2,1,2,1,2,1,2,1,1,1
415.0,141,-0.489187,38.344186,330.01,20.3,22.69,20490186#2_0,0.0,0.0,415.0,141,9.0,296.14087742028,15.811193487912,30.761407650482,18.296776705117,0.00408562161,0.004,54.270280181721,2,2,1,2,1,2,1,2,1,2,1,2,1,2,1,2,1
416.0,141,-0.489294,38.344346,330.42,20.14,5.79,:243892510_3_0,0.0,0.0,416.0,141,9.0,273.58424470942,7.8840992838973,22.353599212268,18.296776705117,0.00408562161,0.004,54.270280181721,1,2,1,2,1,2,1,2,1,2,1,2,1,2,1,2,1
417.0,141,-0.48941,38.344503,327.89,20.14,13.62,20490186#4_0,0.0,0.0,417.0,141,12.0,255.04500671654,23.824802299072,25.505752944918,26.310385516277005,0.00408562161,0.004,54.270280181721,1,1,1,2,1,2,1,2,1,2,1,2,1,2,1,0,1
418.0,141,-0.489526,38.344657,327.89,19.9,33.52,20490186#4_0,0.0,0.0,418.0,141,3.0,236.69800302859,-1.9970298209893,20.72163412367,2.288318933273,0.00408562161,0.004,54.270280181721,1,1,1,1,1,2,1,2,1,2,1,2,1,2,1,0,1
419.0,141,-0.489638,38.344807,328.15,19.32,9.02,44883809#0_0,0.0,0.0,419.0,141,8.0,218.43100491277,13.093927528255,35.6404052062,15.059531880957,0.00408562161,0.004,54.270280181721,1,1,1,1,1,1,1,2,1,2,1,2,1,2,1,0,1
420.0,141,-0.489755,38.344966,328.15,20.34,29.36,44883809#0_0,0.0,0.0,420.0,141,12.0,200.10437736634,23.590414192629,30.869099009376,26.075997409834,0.00408562161,0.004,54.270280181721,1,1,1,1,1,1,1,1,1,2,1,2,1,2,1,0,1
421.0,141,-0.489867,38.345117,328.15,19.42,48.78,44883809#0_0,0.0,0.0,421.0,141,12.0,182.10022998386,22.761298744146,39.047709487253,24.206924232346,0.00408562161,0.004,54.270280181721,1,1,1,1,1,1,1,1,1,1,1,2,1,2,1,0,1
422.0,141,-0.48998,38.345269,328.22,19.61,1.34,:239587547_2_0,0.0,0.0,422.0,141,14.0,163.93020323779,34.507694753793,31.556085632329,36.993277970998,0.00408562161,0.004,54.270280181721,1,1,1,1,1,1,1,1,1,1,1,1,1,2,1,0,1
423.0,141,-0.490083,38.34541,328.41,18.04,13.75,44883809#2_0,0.0,0.0,423.0,141,12.0,146.10023328809,24.95026483812,46.033284456951,27.435848055324,0.00408562161,0.004,54.270280181721,1,1,1,1,1,1,1,1,1,1,1,1,1,1,1,0,1
424.0,141,-0.490165,38.345521,328.41,14.29,28.04,44883809#2_0,0.0,8.0,424.0,141,14.0,128.05502637777,32.747418527201,35.201703605817,35.233001744405,0.00408562161,0.004,54.270280181721,1,1,1,1,1,1,1,1,1,1,1,1,1,1,1,0,1
425.0,141,-0.490227,38.345606,328.36,10.86,3.93,:5420062153_0_0,0.0,8.0,425.0,141,14.0,110.42791158197,46.640646128357,19.532426043557,49.126229345562,0.00408562161,0.004,54.270280181721,1,1,1,1,1,1,1,1,1,1,1,1,1,1,1,0,1
426.0,141,-0.490275,38.345683,336.47,9.56,7.63,44883809#3_0,0.0,9.0,426.0,141,13.0,93.639303339488,29.336336537945,45.431354444367,31.82191975515,0.00408562161,0.004,54.270280181721,1,1,1,1,1,1,1,1,1,1,1,1,1,1,1,0,1
427.0,141,-0.490297,38.345727,336.47,5.22,12.85,44883809#3_0,0.0,9.0,427.0,141,14.0,78.51004301168,39.351193698118,45.11135250535,41.836776915323,0.00408562161,0.004,54.270280181721,1,1,1,1,1,1,1,1,1,1,1,1,1,1,1,0,1
428.0,141,-0.490312,38.345794,355.34,7.76,4.73,:219237141_0_0,0.0,1.0,428.0,141,13.0,67.747988078967,29.378719681972,57.501443715134,31.864302899176,0.00408562161,0.004,54.270280181721,1,1,1,1,1,1,1,1,1,1,1,1,1,1,1,0,1
429.0,141,-0.490259,38.34588,23.67,10.34,8.7,44579149_0,0.0,0.0,429.0,141,14.0,60.525070119299,35.588754374191,46.023604331902,38.074337591396,0.00408562161,0.004,54.270280181721,1,1,1,1,1,1,1,1,1,1,1,1,1,1,1,0,1
430.0,141,-0.490225,38.34599,9.74,12.36,2.65,:219237907_0_0,0.0,0.0,430.0,141,14.0,51.069090283144,48.378633511151,48.728561321007,50.864216728356,0.00408562161,0.004,54.270280181721,1,1,1,1,1,1,1,1,1,1,1,1,1,1,1,0,1
431.0,141,-0.490136,38.346091,33.4,14.19,4.2,20490210#0_0,0.0,0.0,431.0,141,14.0,41.102773237105,48.80653852918599,63.431898614836,51.292121746391,0.00408562161,0.004,54.270280181721,1,1,1,1,1,1,1,1,1,1,1,1,1,1,1,0,1
432.0,141,-0.490003,38.346179,53.94,16.13,1.04,20490210#1_0,0.0,0.0,432.0,141,15.0,30.063877555714,58.496261242008,65.299388243454,60.981844459213,0.00408562161,0.004,54.270280181721,1,1,1,1,1,1,1,1,1,1,1,1,1,1,1,0,1
433.0,141,-0.489811,38.346246,64.49,18.32,14.88,20490210#2_0,0.0,0.0,433.0,141,14.0,27.218818194132,48.063170460649,61.148522930274,50.548753677854,0.00408562161,0.004,54.270280181721,1,1,1,1,1,1,1,1,1,1,1,1,1,1,1,0,1
434.0,141,-0.489614,38.346347,64.49,20.36,0.01,:239587815_3_1,0.0,0.0,434.0,141,14.0,37.523622001417,51.895479565409,50.342687469107,54.381062782614,0.00408562161,0.004,54.270280181721,1,1,1,1,1,1,1,1,1,1,1,1,1,1,1,0,1
435.0,141,-0.489378,38.346435,62.88,22.79,12.17,20490210#3_1,0.0,0.0,435.0,141,14.0,54.62761194181101,45.35268382070999,42.449281783996,47.83826703791501,0.00408562161,0.004,54.270280181721,1,1,1,1,1,1,1,1,1,1,1,1,1,1,1,0,1
436.0,141,-0.489129,38.346529,62.88,24.17,36.34,20490210#3_1,0.0,0.0,436.0,141,14.0,73.811488741029,33.330930333587,46.452212396141,35.816513550792,0.00408562161,0.004,54.270280181721,1,1,1,1,1,1,1,1,1,1,1,1,1,1,1,0,1
437.0,141,-0.488871,38.346626,62.88,24.98,61.31,20490210#3_1,0.0,0.0,437.0,141,14.0,96.92917336919,38.137380306826,40.495764212686,40.622963524031,0.00408562161,0.004,54.270280181721,1,1,1,1,1,1,1,1,1,1,1,1,1,1,1,0,1
438.0,141,-0.488616,38.346719,63.71,24.59,5.79,:239587786_2_1,0.0,0.0,438.0,141,14.0,119.57998850737,41.169431769567,39.370184269939,43.655014986772,0.00408562161,0.004,54.270280181721,1,1,1,1,1,1,1,1,1,1,1,1,1,1,4,0,1
439.0,141,-0.488365,38.346813,62.98,24.29,23.56,20490210#5_1,0.0,0.0,439.0,141,14.0,143.3669068541,36.296071653173,29.888340572034,38.781654870378,0.00408562161,0.004,54.270280181721,1,1,1,1,1,1,1,1,1,1,1,1,4,1,4,0,1
440.0,141,-0.488107,38.346909,62.98,24.97,48.53,20490210#5_1,0.0,0.0,440.0,141,9.0,166.95959586681,15.161212755216,37.906789371363,17.646795972421,0.00408562161,0.004,54.270280181721,1,1,1,1,1,1,1,1,1,1,4,1,4,1,4,0,1
441.0,141,-0.487849,38.347006,62.98,24.95,73.48,20490210#5_1,0.0,0.0,441.0,141,14.0,190.8129489577,33.330530393768,30.730104301036004,35.816113610972,0.00408562161,0.004,54.270280181721,1,1,1,1,1,1,1,1,4,1,4,1,4,1,4,0,1
442.0,141,-0.487592,38.347101,63.49,24.85,17.9,20490210#6_1,0.0,0.0,442.0,141,11.0,214.66909689831,20.252886168488,23.058673383131,22.738469385692,0.00408562161,0.004,54.270280181721,1,1,1,1,1,1,4,1,4,1,4,1,4,1,4,0,1
443.0,141,-0.487332,38.347196,63.45,25.01,0.63,:239587794_1_1,0.0,0.0,443.0,141,9.0,237.75913528033,15.812642037457,32.857633165724,17.258267525658,0.00408562161,0.004,54.270280181721,1,1,1,1,4,1,4,1,4,1,4,1,4,1,4,1,4
444.0,141,-0.487072,38.347292,63.2,25.17,19.61,20490210#7_1,0.0,0.0,444.0,141,6.0,260.84903927261,9.0693909950017,22.822297155977,13.020750871583,0.00408562161,0.004,54.270280181721,1,1,4,1,4,1,4,1,4,1,4,1,4,1,4,2,4
445.0,141,-0.48681,38.34739,63.11,25.35,3.25,:237215391_1_1,0.0,0.0,445.0,141,7.0,228.31860971584,12.867448190861,43.200212729401,14.833052543563,0.004301048709,0.004,7.7529483676111,4,1,4,1,4,1,4,1,4,1,4,1,4,1,4,2,4
446.0,141,-0.486555,38.347486,62.76,24.69,21.72,20490210#8_1,0.0,0.0,446.0,141,9.0,214.63503532587,17.134398316583,36.283099838467,19.619981533787,0.004301048709,0.004,15.471129526987,4,4,4,1,4,1,4,1,4,1,4,1,4,1,4,0,4
447.0,141,-0.486316,38.347577,62.14,23.26,5.35,20490210#9_1,0.0,0.0,447.0,141,13.0,202.1399954295,27.208841258571,24.969622802481,29.694424475775,0.004301048709,0.004,23.154776819272,4,4,4,4,4,1,4,1,4,1,4,1,4,1,4,0,4
448.0,141,-0.486119,38.347654,62.14,19.21,24.56,20490210#9_1,0.0,8.0,448.0,141,7.0,191.67933705084,9.8825875318861,33.707360181121,14.35392627297,0.004301048709,0.004,30.80412150217,4,4,4,4,4,4,4,1,4,1,4,1,4,1,4,0,4
449.0,141,-0.485956,38.347715,63.54,15.81,8.74,89830321#0_1,0.0,8.0,449.0,141,13.0,183.72970379871,28.613758465179,38.795986407658,31.099341682383,0.004301048709,0.004,38.419392773145,4,4,4,4,4,4,4,4,4,1,4,1,4,1,4,0,4
450.0,141,-0.485838,38.347758,63.54,11.31,20.05,89830321#0_1,0.0,8.0,450.0,141,12.0,179.15214357109002,25.32171752483,16.928953422093,27.807300742035,0.004301048709,0.004,46.00081779231599,4,4,4,4,4,4,4,4,4,4,4,1,4,1,4,0,4
451.0,141,-0.485762,38.347786,63.54,7.37,27.41,89830321#0_1,0.0,8.0,451.0,141,13.0,177.3484067763,27.548607492466,24.920672308343,30.03419070967,0.004301048709,0.004,53.548621705041,4,4,4,4,4,4,4,4,4,4,4,4,4,1,4,0,4
452.0,141,-0.485699,38.347809,63.54,6.01,33.42,89830321#0_1,0.0,8.0,452.0,141,13.0,176.97694222191,27.88820396076,11.80060090304,30.373787177964,0.004301048709,0.004,61.063027664206,4,4,4,4,4,4,4,4,4,4,4,4,4,4,4,0,4
453.0,141,-0.485627,38.347835,63.72,7.0,2.23,89830321#1_1,0.0,0.0,453.0,141,10.0,177.20674739245,18.345659214214,42.472597670151,20.831242431419,0.004301048709,0.004,68.544256852218,4,4,4,4,4,4,4,4,4,4,4,4,4,4,4,0,4
454.0,141,-0.485555,38.347861,63.63,6.94,6.6,:239587929_1_1,0.0,0.0,454.0,141,12.0,177.89259724034,23.523681767867,39.221226999541,24.969307256067,0.004301048709,0.004,75.992528502705,4,4,4,4,4,4,4,4,4,4,4,4,4,4,4,0,4
455.0,141,-0.485464,38.347894,63.34,8.68,4.83,86299978#0_1,0.0,0.0,455.0,141,12.0,179.03977012263,24.699128179043,38.023284662268,26.144753667244,0.004301048709,0.004,83.408059921933,4,4,4,4,4,4,4,4,4,4,4,4,4,4,4,0,4
456.0,141,-0.485357,38.347934,63.35,10.46,8.08,86299978#1_1,0.0,2.0,456.0,141,12.0,180.97493763255,25.463250207708,31.805150262889,26.908875695908005,0.004301048709,0.004,90.791066509939,4,4,4,4,4,4,4,4,4,4,4,4,4,4,4,0,4
457.0,141,-0.485229,38.347981,63.35,12.38,20.46,86299978#1_1,0.0,2.0,457.0,141,9.0,183.93593870982,16.752067136689,33.101179347038,19.237650353893,0.004434386024,0.004,93.649682706694,4,4,4,4,4,4,4,4,4,4,4,4,4,4,4,0,4
458.0,141,-0.485097,38.34803,63.35,12.71,33.18,86299978#1_1,0.0,2.0,458.0,141,10.0,188.22717045108,17.496813617236,29.474587258027,19.98239683444,0.004885723955,0.004,95.994496254395,4,4,4,4,4,4,4,4,4,4,4,4,4,4,4,0,4
459.0,141,-0.48501,38.348062,63.35,8.41,41.58,86299978#1_1,0.0,10.0,459.0,141,10.0,192.18060734265,17.72149445221,36.289914771227,20.207077669415,0.004699449835,0.004,97.4882008688475,4,4,4,4,4,4,4,4,4,4,4,4,4,4,4,0,4
460.0,141,-0.484954,38.348083,63.35,5.42,47.0,86299978#1_1,0.0,10.0,460.0,141,9.0,195.12256505323,15.669274350738998,27.749654207604,17.946866022143,0.004699449835,0.004,104.761820427,4,4,4,4,4,4,4,4,4,4,4,4,4,4,4,0,4
461.0,141,-0.484893,38.348108,59.47,6.09,2.52,:219237916_4_0,0.0,2.0,461.0,141,13.0,198.65295528738,28.903352148749,17.064680445524,31.388935365953,0.004699449835,0.004,109.35166209316,4,4,4,4,4,4,4,4,4,4,4,4,4,4,4,0,4
462.0,141,-0.484877,38.348175,356.78,7.95,3.85,:219237896_3_0,0.0,0.0,462.0,141,13.0,198.50278748031,28.499593163646,34.281298480404,29.945218651847,0.004472244906,0.004,110.07309634562,4,4,4,4,4,4,4,4,4,4,4,4,4,4,4,0,4
463.0,141,-0.484877,38.348267,359.33,10.19,3.67,22147925#0_0,0.0,0.0,463.0,141,14.0,195.17623458109,31.596498756105,23.579528955459995,34.08208197331,0.004472244906,0.004,115.27015666299,4,4,4,4,4,4,4,4,4,4,4,4,4,4,4,0,4
464.0,141,-0.484874,38.348376,359.35,12.11,15.78,22147925#0_0,0.0,0.0,464.0,141,12.0,191.05992511381,23.940758470837995,20.151194049867,26.426341688042,0.004591515565,0.004,120.94992538458,4,4,4,4,4,4,4,4,4,4,4,4,4,4,4,0,4
465.0,141,-0.484872,38.348485,359.34,12.07,2.39,22147925#1_0,0.0,0.0,465.0,141,14.0,185.97688145148,35.505153879387,35.920009188155,37.990737096591,0.004126855226,0.004,126.79813607743,4,4,4,4,4,4,4,4,4,4,4,4,4,4,4,0,4
466.0,141,-0.48487,38.34859,359.4,11.7,0.53,:238180736_3_0,0.0,0.0,466.0,141,7.0,180.57895227354,12.839975982676,22.727876859864,14.805580335379,0.004126855226,0.004,133.92954707323,4,4,4,4,4,4,4,4,4,4,4,4,4,4,4,0,4
467.0,141,-0.484867,38.348694,0.07,11.55,2.45,22147925#2_0,0.0,0.0,467.0,141,11.0,175.84421908098,21.22851269909,43.479045791716,23.714095916295,0.004269693601,0.004,138.59130319337,4,4,4,4,4,4,4,4,4,4,4,4,4,4,4,0,4
468.0,141,-0.484862,38.348802,0.51,11.98,14.42,22147925#2_0,0.0,0.0,468.0,141,9.0,171.35236464372,16.203322638766,30.121241961128,17.648948126966,0.004269693601,0.004,145.66697792089,4,4,4,4,4,4,4,4,4,4,4,4,4,4,4,0,4
469.0,141,-0.484857,38.348912,0.51,12.23,26.66,22147925#2_0,0.0,0.0,469.0,141,14.0,167.82194877058,34.673267856464,25.141816290466995,37.158851073669,0.004269693601,0.004,152.71247913109,4,4,4,4,4,4,4,4,4,4,4,4,4,4,4,0,4
470.0,141,-0.484852,38.349017,0.51,11.65,38.31,22147925#2_0,0.0,0.0,470.0,141,13.0,165.00665566309,29.775185159848,38.013356316002,32.260768377052,0.004269693601,0.004,159.72799942128,4,4,4,4,4,4,4,4,4,4,4,4,4,4,4,0,4
471.0,141,-0.484847,38.349121,0.51,11.63,49.94,22147925#2_0,0.0,0.0,471.0,141,10.0,163.00703456655,18.925499994393,22.986957857961,21.411083211597,0.004269693601,0.004,166.71372975314,4,4,4,4,4,4,4,4,4,4,4,4,4,4,4,0,4
472.0,141,-0.484842,38.349234,0.51,12.5,62.43,22147925#2_0,0.0,0.0,472.0,141,13.0,161.92247277394,26.55538888096,8.38922920064,29.040972098164,0.004050498272,0.004,173.08731273557,4,4,4,4,4,4,4,4,4,4,4,4,4,4,4,0,4
473.0,141,-0.484837,38.349343,0.51,12.09,74.52,22147925#2_0,0.0,0.0,473.0,141,14.0,161.62326747604,38.565161691917,39.775341697901,41.050744909121,0.00440092838,0.004,174.653905716895,4,4,4,4,4,4,4,4,4,4,4,4,4,4,4,0,4
474.0,141,-0.484832,38.349454,0.51,12.31,86.84,22147925#2_0,0.0,0.0,474.0,141,9.0,162.09841000214,15.536011590913,33.554343606968,16.981637079113,0.00440092838,0.004,181.5754983422733,4,4,4,4,4,4,4,4,4,4,4,4,4,4,4,0,4
475.0,141,-0.484827,38.349565,0.51,12.39,99.23,22147925#2_0,0.0,0.0,475.0,141,13.0,163.31120741266,29.172655373885004,30.36851296574,30.618280862086,0.00440092838,0.004,183.73465399139,4,4,4,4,4,4,4,4,4,4,4,4,4,4,4,0,4
476.0,141,-0.484824,38.349672,359.52,11.89,0.33,22147925#3_0,0.0,0.0,476.0,141,12.0,165.44923605337,24.751647862388,20.327723934423,27.237231079592,0.004854604737,0.004,189.02679854453,4,4,4,4,4,4,4,4,4,4,4,4,4,4,4,0,4
477.0,141,-0.484823,38.349784,358.67,12.36,12.69,22147925#3_0,0.0,0.0,477.0,141,12.0,168.32136023738,22.824702922154,37.000004361947,25.310286139359,0.004854604737,0.004,195.86327767948,4,4,4,4,4,4,4,4,4,4,4,4,4,4,4,0,4
478.0,141,-0.484822,38.349895,358.67,12.36,25.05,22147925#3_0,0.0,0.0,478.0,141,10.0,171.70297112493003,19.529352347051,32.840214950807,20.974977835251,0.004854604737,0.004,202.67115205985,4,4,4,4,4,4,4,4,4,4,4,4,4,4,4,0,4
479.0,141,-0.484822,38.350005,358.67,12.27,37.32,22147925#3_0,0.0,0.0,479.0,141,12.0,175.79243419966,25.049776773592,33.603698250454,26.495402261792,0.004854604737,0.004,209.45060084009,4,4,4,4,4,4,4,4,4,4,4,4,4,4,4,0,4
480.0,141,-0.484821,38.350116,358.67,12.26,49.58,22147925#3_0,0.0,0.0,480.0,141,10.0,180.17253564059,17.401520899955,18.579892315502,19.88710411716,0.004854604737,0.004,216.20180168168,4,4,4,4,4,4,4,4,4,4,4,4,4,4,4,0,4
481.0,141,-0.484821,38.350226,358.67,12.17,61.75,22147925#3_0,0.0,0.0,481.0,141,12.0,185.24710195545,24.290758433427,33.266327328643,26.776341650632,0.004854604737,0.004,222.92493076866,4,4,4,4,4,4,4,4,4,4,4,4,4,4,4,0,4
482.0,141,-0.48482,38.350335,358.67,12.13,73.88,22147925#3_0,0.0,0.0,482.0,141,8.0,191.11822093844,13.141694914431,42.041014751863,17.093054791013,0.004854604737,0.004,229.62016282293,4,4,4,4,4,4,4,4,4,4,4,4,4,4,4,0,4
483.0,141,-0.48482,38.350443,358.7,11.98,4.61,22147925#4_0,0.0,0.0,483.0,141,13.0,197.39346703906,27.583864062441,20.92870696937,30.069447279645,0.004318156036,0.004,232.78860469054,4,4,4,4,4,4,4,4,4,4,4,4,4,4,4,0,4
484.0,141,-0.484819,38.350556,358.71,12.57,17.18,22147925#4_0,0.0,0.0,484.0,141,10.0,204.42912484194,18.547112575739,20.298376402453,19.99273806394,0.004579940118,0.004,236.37021043606,4,4,4,4,4,4,4,4,4,4,4,4,4,4,4,0,4
485.0,141,-0.484817,38.35067,359.58,12.71,9.42,:239520880_3_0,0.0,0.0,485.0,141,12.0,211.16586626823,22.945993834027,26.56365601298,24.391619322227,0.004579940118,0.004,242.99631954969,4,4,4,4,4,4,4,4,4,4,4,4,4,4,4,0,4
486.0,141,-0.484812,38.350778,0.45,12.01,11.88,22147925#5_0,0.0,0.0,486.0,141,13.0,218.49942707152,26.771206357667,28.676344152384,28.216831845867,0.004579940118,0.004,247.75022389673,4,4,4,4,4,4,4,4,4,4,4,4,4,4,4,0,4
487.0,141,-0.484807,38.350887,0.45,12.02,23.9,22147925#5_0,0.0,0.0,487.0,141,11.0,226.56050958034,21.784043778281,26.418373353116,24.269626995485,0.004354404486,0.004,249.15450395125492,4,4,4,4,4,4,4,4,4,4,4,4,4,4,4,0,4
488.0,141,-0.484802,38.351001,0.45,12.72,36.62,22147925#5_0,0.0,0.0,488.0,141,9.0,234.51438605847,15.680440860784,33.226537123003,17.126066348984,0.004975376314,0.004,249.882681014325,4,4,4,4,4,4,4,4,4,4,4,4,4,4,4,0,4
489.0,141,-0.484799,38.351075,0.45,8.22,44.85,22147925#5_0,0.0,8.0,489.0,141,9.0,242.74441871195,15.433922391347,20.60412157245,15.70774831115,0.004649628899,0.004,255.049140371105,4,4,4,4,4,4,4,4,4,4,4,4,4,4,4,0,4
490.0,141,-0.484797,38.351118,0.02,4.8,49.65,22147925#5_0,0.0,8.0,490.0,141,11.0,251.09394809632,19.844986688255,30.418734828886,22.33056990546,0.004649628899,0.004,261.11396869719,4,4,4,4,4,4,4,4,4,4,4,4,4,4,4,0,4
491.0,141,-0.484786,38.351175,9.43,6.44,5.13,:227304794_1_0,0.0,0.0,491.0,141,11.0,260.58223115221,14.594631825433,19.129834764674,22.33056990546,0.004649628899,0.004,261.11396869719,4,4,4,4,4,4,4,4,4,4,4,4,4,4,4,0,4
492.0,141,-0.484818,38.351255,323.69,9.0,4.21,44579151#0_1,0.0,0.0,492.0,141,11.0,267.09482373747,18.565250552401,20.954031853817,22.33056990546,0.004649628899,0.004,261.11396869719,4,4,4,4,4,4,4,4,4,4,4,4,4,4,4,0,4
493.0,141,-0.484822,38.351357,356.55,11.3,15.51,44579151#0_1,0.0,0.0,493.0,141,8.0,275.95007080736,14.382824134104002,26.606555165192,16.348428486807,0.004610202884,0.004,261.644406763474,4,4,4,4,4,4,4,4,4,4,4,4,4,4,4,0,4
494.0,141,-0.484826,38.351467,356.55,12.27,27.78,44579151#0_1,0.0,0.0,494.0,141,8.0,283.16950384373,12.897993535603,28.872637098645,16.348428486807,0.004610202884,0.004,262.1099897782,4,4,4,4,4,4,4,4,4,4,4,4,4,4,4,0,4
495.0,141,-0.484831,38.35158,356.55,12.55,40.33,44579151#0_1,0.0,0.0,495.0,141,8.0,291.97371539714,11.422196324497,14.851815688549,16.348428486807,0.004610202884,0.004,262.1099897782,4,4,4,4,4,4,4,4,4,4,4,4,4,4,4,0,4
496.0,141,-0.484837,38.351682,355.22,11.47,1.72,44579151#1_1,0.0,0.0,496.0,141,8.0,301.88092507773,11.006161880389,30.316770695279,16.348428486807,0.004610202884,0.004,262.1099897782,4,4,4,4,4,4,4,4,4,4,4,4,4,4,4,0,4
497.0,141,-0.484851,38.351793,352.54,12.6,14.32,44579151#1_1,0.0,0.0,497.0,141,12.0,311.63193287999,23.334153758019,10.088086547853,25.819736975223,0.004571704579,0.004,264.33909190781,4,4,4,4,4,4,4,4,4,4,4,4,4,4,4,0,4
498.0,141,-0.484873,38.351901,348.21,12.32,26.64,44579151#1_1,0.0,0.0,498.0,141,10.0,321.44859305509,17.880141334526,25.559497546993,20.365724551731,0.004571704579,0.004,270.73602705232,4,4,4,4,4,4,4,4,4,4,4,4,4,4,4,0,4
499.0,141,-0.484935,38.351997,330.68,12.22,0.81,44579152_1,0.0,0.0,499.0,141,12.0,330.22464649075,25.875663214258,30.925934052338004,28.361246431463,0.004571704579,0.004,277.10732307544,4,4,4,4,4,4,4,4,4,4,4,4,4,4,4,0,4
500.0,141,-0.485005,38.352092,328.63,12.27,13.09,44579152_1,0.0,0.0,500.0,141,7.0,338.77468520693,11.385358686942,14.773447467256,13.350963039644,0.004571704579,0.004,281.67886688092,4,4,4,4,4,4,4,4,4,4,4,4,4,4,4,0,4
501.0,141,-0.485073,38.352186,328.66,11.91,25.0,44579152_1,0.0,0.0,501.0,141,8.0,345.70893816308,13.923839761619,27.684589456813,15.889444114321,0.004654843903,0.004,284.40290061617,4,4,4,4,4,4,4,4,4,4,4,4,4,4,4,0,4
502.0,141,-0.485144,38.352285,328.83,12.63,37.63,44579152_1,0.0,0.0,502.0,141,11.0,351.865699052,20.162414995611,25.076224261201,22.647998212815,0.004654843903,0.004,290.70890861898,4,4,4,4,4,4,4,4,4,4,4,4,4,4,4,0,4
503.0,141,-0.485212,38.352379,328.83,12.08,49.71,44579152_1,0.0,0.0,503.0,141,10.0,358.73741686983,18.994780390811,22.651444037547,21.480363608016,0.004654843903,0.004,296.98984288177,4,4,4,4,4,4,4,4,4,4,4,4,4,4,4,0,4
504.0,141,-0.485286,38.352466,320.24,11.96,8.54,:227303627_3_1,0.0,0.0,504.0,141,7.0,365.56069321083,9.8379144902912,27.422673115711,14.309253231375,0.004654843903,0.004,303.24585265388,4,4,4,4,4,4,4,4,4,4,4,4,4,4,4,0,4
505.0,141,-0.485389,38.35253,306.71,11.84,2.82,33183644_1,0.0,2.0,505.0,141,4.0,372.44026486489,5.7712674123141,19.795667824786,9.2340350691034,0.004654843903,0.004,309.47708600249,4,4,4,4,4,4,4,4,4,4,4,4,4,4,4,0,4
506.0,141,-0.4855,38.352571,280.06,11.62,1.15,:227303660_0_1,0.0,0.0,506.0,141,9.0,379.98894962913,15.437236311478,24.918735491013,17.922819528682,0.004654843903,0.004,315.68368982425,4,4,4,4,4,4,4,4,4,4,4,4,4,4,4,0,4
507.0,141,-0.485592,38.352545,250.66,8.36,9.52,:227303660_0_1,0.0,8.0,507.0,141,5.0,384.83600336769,7.0759893859002,29.49567653902,11.027349262482,0.004654843903,0.004,321.86580985686,4,4,4,4,4,4,4,4,4,4,4,4,4,4,4,0,4
508.0,141,-0.485639,38.352529,244.56,4.53,3.22,22273127_1,0.0,10.0,508.0,141,6.0,388.49607479507,10.71938538842,24.293696378066,14.670745265002,0.004654843903,0.004,328.0235906905,4,4,4,4,4,4,4,4,4,4,4,4,4,4,4,0,4
509.0,141,-0.48565,38.352525,243.82,1.07,4.29,22273127_1,0.0,10.0,509.0,141,11.0,384.97856818368,22.113023201937,18.069535472495,23.558648690137,0.004654843903,0.004,333.42241838401,4,4,4,4,4,4,4,4,4,4,4,4,4,4,4,0,4
510.0,141,-0.485655,38.352523,243.42,0.56,4.85,22273127_1,0.0,10.0,510.0,141,2.0,381.08289484458,-8.8690806645396,13.929369885989,-6.5377991211187,0.010120067772,0.01,335.46207408018,4,4,4,4,4,4,4,4,4,4,4,4,4,4,4,0,4
511.0,141,-0.485657,38.352522,243.31,0.23,5.08,22273127_1,0.0,10.0,511.0,141,2.0,379.62013306133,6.9638896955361,18.160549083796,-6.5377991211187,0.010120067772,0.01,335.46207408018,4,4,4,4,4,4,4,4,4,4,4,4,4,4,4,0,4
512.0,141,-0.485658,38.352522,243.31,0.04,5.12,22273127_1,0.0,10.0,512.0,141,6.0,379.43164558828,10.909625105658,18.168162860069,14.276447237399,0.004028923082,0.004,337.72859288542,4,4,4,4,4,4,4,4,4,4,4,4,4,4,4,0,4
513.0,141,-0.485658,38.352522,243.31,0.02,5.15,22273127_1,0.0,10.0,513.0,141,6.0,379.41117232038,10.910452331997,18.168990086407,14.861812208579,0.004028923082,0.004,343.31102277003,4,4,4,4,4,4,4,4,4,4,4,4,4,4,4,0,4
514.0,141,-0.485658,38.352522,243.31,0.01,5.16,22273127_1,0.0,10.0,514.0,141,6.0,379.40703975617,10.910619314466,18.169157068876,14.861812208579002,0.004028923082,0.004,343.31102277003,4,4,4,4,4,4,4,4,4,4,4,4,4,4,4,0,4
515.0,141,-0.485658,38.352522,243.31,0.0,5.16,22273127_1,0.0,10.0,515.0,141,6.0,379.40600585583,10.910661091047,18.169198845457,14.862020967629,0.004666992597,0.004,348.48958525489,4,4,4,4,4,4,4,4,4,4,4,4,4,4,4,0,4
516.0,141,-0.485658,38.352522,243.31,0.0,5.16,22273127_1,0.0,10.0,516.0,141,6.0,379.40539411661,10.910685809511998,18.169223563922,14.277507941252004,0.004666992597,0.004,354.50036919249004,4,4,4,4,4,4,4,4,4,4,4,4,4,4,4,0,4
517.0,141,-0.485658,38.352522,243.31,0.0,5.16,22273127_1,0.0,10.0,517.0,141,6.0,379.40526277723,10.910691116529,18.16922887094,12.876295469232,0.004666992597,0.004,360.4879001762099,4,4,4,4,4,4,4,4,4,4,4,4,4,4,4,0,4
518.0,141,-0.485658,38.352522,243.31,0.0,5.16,22273127_1,0.0,10.0,518.0,141,6.0,379.40526277723,10.910691116529,18.16922887094,12.876295469232,0.004666992597,0.004,366.45231287802,4,4,4,4,4,4,4,4,4,4,4,4,4,4,4,0,4
519.0,141,-0.485658,38.352522,243.31,0.0,5.16,22273127_1,0.0,10.0,519.0,141,6.0,379.40526277723,10.910691116529,18.16922887094,12.876295469232,0.004666992597,0.004,368.83163480847,4,4,4,4,4,4,4,4,4,4,4,4,4,4,4,0,4
520.0,141,-0.485658,38.352522,243.31,0.0,5.16,22273127_1,0.0,10.0,520.0,141,6.0,379.40526277723,10.910691116529,18.16922887094,12.876295469232,0.004666992597,0.004,368.83163480847,4,4,4,4,4,4,4,4,4,4,4,4,4,4,4,0,4
521.0,141,-0.485658,38.352522,243.31,0.0,5.16,22273127_1,0.0,10.0,521.0,141,6.0,379.40519727363,10.910693763328,18.169231517738,13.735936192473,0.004405188634,0.004,368.31396966946,4,4,4,4,4,4,4,4,4,4,4,4,4,4,4,0,4
522.0,141,-0.485658,38.352522,243.31,0.0,5.16,22273127_1,0.0,10.0,522.0,141,6.0,379.40519727363,10.910693763328,18.169231517738,12.87629811603,0.004405188634,0.004,374.21766192267,4,4,4,4,4,4,4,4,4,4,4,4,4,4,4,0,4
523.0,141,-0.485658,38.352522,243.31,0.0,5.16,22273127_1,0.0,10.0,523.0,141,6.0,379.40519727363,10.910693763328,18.169231517738,12.87629811603,0.004405188634,0.004,374.45333915672,4,4,4,4,4,4,4,4,4,4,4,4,4,4,4,0,4
524.0,141,-0.485658,38.352522,243.31,0.0,5.16,22273127_1,0.0,10.0,524.0,141,6.0,379.40519727363,10.910693763328,18.169231517738,12.87629811603,0.004159592822,0.004,374.897660456,4,4,4,4,4,4,4,4,4,4,4,4,4,4,4,0,4
525.0,141,-0.485658,38.352522,243.31,0.0,5.16,22273127_1,0.0,10.0,525.0,141,6.0,379.40519727363,10.910693763328,18.169231517738,12.87629811603,0.004159592822,0.004,380.7550986588301,4,4,4,4,4,4,4,4,4,4,4,4,4,4,4,0,4
526.0,141,-0.485658,38.352522,243.31,0.0,5.16,22273127_1,0.0,10.0,526.0,141,6.0,379.40519727363,10.910693763328,18.169231517738,14.277515895068,0.004846719215,0.004,383.493664238864,4,4,4,4,4,4,4,4,4,4,4,4,4,4,4,0,4
527.0,141,-0.485658,38.352522,243.31,0.0,5.16,22273127_1,0.0,10.0,527.0,141,6.0,379.40519727363,10.910693763328,18.169231517738,12.87629811603,0.004846719215,0.004,389.3048064426533,4,4,4,4,4,4,4,4,4,4,4,4,4,4,4,0,4
528.0,141,-0.485658,38.352522,243.31,0.0,5.16,22273127_1,0.0,10.0,528.0,141,6.0,379.40519727363,10.910693763328,18.169231517738,12.87629811603,0.004846719215,0.004,394.71590607739,4,4,4,4,4,4,4,4,4,4,4,4,4,4,4,0,4
529.0,141,-0.485658,38.352522,243.31,0.0,5.16,22273127_1,0.0,10.0,529.0,141,6.0,379.40519727363,10.910693763328,18.169231517738,12.87629811603,0.004128226629,0.004,395.86956521739,4,4,4,4,4,4,4,4,4,4,4,4,4,4,4,0,4
530.0,141,-0.485658,38.352522,243.31,0.0,5.16,22273127_1,0.0,10.0,530.0,141,6.0,379.40519727363,10.910693763328,18.169231517738,12.87629811603,0.004128226629,0.004,401.6320754717,4,4,4,4,4,4,4,4,4,4,4,4,4,4,4,0,4
531.0,141,-0.485658,38.352522,243.31,0.0,5.16,22273127_1,0.0,10.0,531.0,141,6.0,379.40519727363,10.910693763328,18.169231517738,12.87629811603,0.004164174671,0.004,406.98918251122,4,4,4,4,4,4,4,4,4,4,4,4,4,4,4,0,4
532.0,141,-0.485658,38.352522,243.31,0.0,5.16,22273127_1,0.0,10.0,532.0,141,6.0,379.40519727363,10.910693763328,18.169231517738,12.87629811603,0.004533921951,0.004,409.1092355939025,4,4,4,4,4,4,4,4,4,4,4,4,4,4,4,0,4
533.0,141,-0.485658,38.352522,243.31,0.0,5.16,22273127_1,0.0,10.0,533.0,141,6.0,379.40519727363,10.910693763328,18.169231517738,12.87629811603,0.004364779154,0.004,413.87830916152,4,4,4,4,4,4,4,4,4,4,4,4,4,4,4,0,4
534.0,141,-0.485658,38.352522,243.31,0.0,5.16,22273127_1,0.0,10.0,534.0,141,6.0,379.40519727363,10.910693763328,18.169231517738,12.87629811603,0.004364779154,0.004,419.56403677971,4,4,4,4,4,4,4,4,4,4,4,4,4,4,4,0,4
535.0,141,-0.485658,38.352522,243.31,0.0,5.16,22273127_1,0.0,10.0,535.0,141,6.0,379.40519727363,10.910693763328,18.169231517738,12.87629811603,0.004364779154,0.004,425.22850894409,4,4,4,4,4,4,4,4,4,4,4,4,4,4,4,0,4
536.0,141,-0.485658,38.352522,243.31,0.0,5.16,22273127_1,0.0,10.0,536.0,141,6.0,379.40519727363,10.910693763328,18.169231517738,12.87629811603,0.004364779154,0.004,430.87184462397,4,4,4,4,4,4,4,4,4,4,4,4,4,4,4,0,4
537.0,141,-0.485658,38.352522,243.31,0.0,5.16,22273127_1,0.0,10.0,537.0,141,6.0,379.40519727363,10.910693763328,18.169231517738,12.87629811603,0.004364779154,0.004,436.49416190246,4,4,4,4,4,4,4,4,4,4,4,4,4,4,-1,0,4
538.0,141,-0.485658,38.352522,243.31,0.0,5.16,22273127_1,0.0,10.0,538.0,141,6.0,379.40519727363,10.910693763328,18.169231517738,12.87629811603,0.004364779154,0.004,442.09557798472,4,4,4,4,4,4,4,4,4,4,4,4,-1,4,-1,0,4
539.0,141,-0.485658,38.352522,243.31,0.0,5.16,22273127_1,0.0,10.0,539.0,141,6.0,379.40519727363,10.910693763328,18.169231517738,12.87629811603,0.004266880031,0.004,444.4122530393,4,4,4,4,4,4,4,4,4,4,-1,4,-1,4,-1,0,4
540.0,141,-0.485681,38.352512,242.09,2.3,1.3,:234299134_2_0,0.0,2.0,540.0,141,6.0,379.40519727363,10.910693763328,18.169231517738,12.87629811603,0.004266880031,0.004,444.4122530393,4,4,4,4,4,4,4,4,-1,4,-1,4,-1,4,-1,0,4
541.0,141,-0.485716,38.352486,227.53,4.31,5.61,:234299134_2_0,0.0,2.0,541.0,141,6.0,378.16207789546,11.117647931285,21.260849405827,12.87629811603,0.004266880031,0.004,444.4122530393,4,4,4,4,4,4,-1,4,-1,4,-1,4,-1,4,-1,0,4
542.0,141,-0.485696,38.352441,154.13,5.62,2.99,140544928#2_1,0.0,0.0,542.0,141,5.0,375.17482177496,7.7650581179031,27.418286152936,11.716417994485,0.004447907126,0.004,445.2944532769,4,4,4,4,-1,4,-1,4,-1,4,-1,4,-1,4,-1,0,4
1021.0,510,-0.483011,38.351244,279.41,13.5,18.6,249563063#2_0,0.0,0.0,1021.0,510,11.0,311.67049036642,22.399569944349,22.293241560553,31.315278307880003,0.0,0.0,0.0,6,-1,6,-1,6,-1,6,-1,6,-1,6,-1,6,-1,6,0,6
1022.0,510,-0.483155,38.351266,279.41,12.81,31.41,249563063#2_0,0.0,0.0,1022.0,510,6.0,317.20517030345,10.034350506528,14.081547768967,15.481613627954,0.0,0.0,0.0,6,6,6,-1,6,-1,6,-1,6,-1,6,-1,6,-1,6,0,6
1023.0,510,-0.483278,38.351278,273.43,10.83,3.77,249563063#3_0,0.0,10.0,1023.0,510,13.0,323.02585309131,29.322678123368,32.112343435734,24.307790735735,0.0,0.0,0.0,6,6,6,6,6,-1,6,-1,6,-1,6,-1,6,-1,6,0,6
1024.0,510,-0.48336,38.351284,273.36,7.16,10.93,249563063#3_0,0.0,10.0,1024.0,510,13.0,328.81231980421,10.766621257835,23.89723597477,24.307790735735,0.0,0.0,0.0,6,6,6,6,6,6,6,-1,6,-1,6,-1,6,-1,4,0,6
1025.0,510,-0.483444,38.351289,273.36,7.38,18.31,249563063#3_0,0.0,2.0,1025.0,510,13.0,332.32598832388,11.721975198891,19.061240663121,24.307790735735,0.0,0.0,0.0,6,6,6,6,6,6,6,6,6,-1,6,-1,4,-1,4,0,6
1026.0,510,-0.483488,38.351291,272.02,3.9,1.23,:245173315_1_0,0.0,10.0,1026.0,510,5.0,336.09014978618,6.5380941882776,13.010404497616,11.985357309704,0.0,0.0,0.0,6,6,6,6,6,6,6,6,6,6,4,-1,4,-1,4,0,6
1027.0,510,-0.483532,38.35126,221.76,5.64,1.38,22802649#1_0,0.0,0.0,1027.0,510,6.0,335.28744284523,9.551929372999,20.395502119226,14.999192494424998,0.0,0.0,0.0,6,6,6,6,6,6,6,6,4,6,4,6,4,-1,4,0,6
1028.0,510,-0.483563,38.351198,199.45,7.36,8.74,22802649#1_0,0.0,0.0,1028.0,510,5.0,326.84008329691,5.8111589788405,26.363861198777,11.258422100265998,0.0,0.0,0.0,6,6,6,6,6,6,4,6,4,6,4,6,4,6,4,0,6
1029.0,510,-0.483601,38.35112,199.45,9.3,18.04,22802649#1_0,0.0,0.0,1029.0,510,2.0,317.57230663823,-6.4969336356086,15.354824305932,-2.8756625176507,0.0,0.0,0.0,6,6,6,6,4,6,4,6,4,6,4,6,4,6,4,1,4
1030.0,510,-0.483649,38.35102,199.45,11.85,29.89,22802649#1_0,0.0,0.0,1030.0,510,11.0,306.90398900509,20.786434573563,19.307627903849,22.765252452884,0.0,0.0,0.0,6,6,4,6,4,6,4,6,4,6,4,6,4,6,4,2,4
1031.0,510,-0.483677,38.350898,183.47,13.91,43.79,22802649#1_0,0.0,0.0,1031.0,510,11.0,315.51351097999,19.461419546241,29.191905593074,22.765252452884,0.0,0.0,0.0,4,6,4,6,4,6,4,6,4,6,4,6,4,6,6,2,4
1032.0,510,-0.483691,38.35077,183.47,14.26,58.05,22802649#1_0,0.0,0.0,1032.0,510,11.0,307.61227750746,14.775173392624,17.995887192107,22.765252452884,0.0,0.0,0.0,4,4,4,6,4,6,4,6,4,6,4,6,6,6,6,0,4
1033.0,510,-0.483707,38.350664,186.11,11.8,69.85,22802649#1_0,0.0,8.0,1033.0,510,9.0,302.57021685318,15.537288002275,23.470954137740005,17.516105881595,0.0,0.0,0.0,4,4,4,4,4,6,4,6,4,6,6,6,6,6,4,0,4
1034.0,510,-0.483724,38.350565,186.11,11.12,80.98,22802649#1_0,0.0,0.0,1034.0,510,9.0,297.31678663649,18.546633689671,7.3287443330888,17.516105881595,0.0,0.0,0.0,4,4,4,4,4,4,4,6,6,6,6,6,4,6,6,0,4
1035.0,510,-0.483734,38.350502,186.11,7.05,88.02,22802649#1_0,0.0,8.0,1035.0,510,12.0,294.76015487106,23.65262714121,31.837331499971,25.631445020531,0.0,0.0,0.0,4,4,4,4,4,4,6,4,6,6,4,6,6,6,6,0,4
1036.0,510,-0.483749,38.350424,186.85,8.73,5.79,:245173326_0_0,0.0,0.0,1036.0,510,12.0,290.87101032297,26.785683905015,17.687384159612,21.770796517382,0.0,0.0,0.0,4,4,4,4,6,4,6,4,4,4,6,6,6,6,6,0,4
1037.0,510,-0.483767,38.350333,187.61,10.28,9.55,22802649#2_0,0.0,1.0,1037.0,510,6.0,285.61846651874,9.4254504617733,34.253568445899,14.872713583199,0.0,0.0,0.0,4,4,6,4,6,4,4,4,6,4,6,4,6,6,4,0,4
1038.0,510,-0.48379,38.350224,187.61,12.26,21.81,22802649#2_0,0.0,1.0,1038.0,510,5.0,252.16548924732,5.8633587829441,41.126024600732,11.31062190437,0.0,0.0,0.0,6,4,6,4,4,4,6,4,6,4,6,4,4,4,4,0,4
1039.0,510,-0.483815,38.350098,187.61,14.16,35.97,22802649#2_0,0.0,1.0,1039.0,510,12.0,244.18004530135,25.599486721969,28.740683244171,20.584599334336,0.0,0.0,0.0,6,6,4,4,6,4,6,4,6,4,4,4,4,4,6,0,4
1040.0,510,-0.48384,38.349976,187.61,13.75,49.71,22802649#2_0,0.0,1.0,1040.0,510,5.0,265.50462649554,7.9978400560106,17.018299538386,13.445103177437,0.0,0.0,0.0,4,6,6,6,6,4,6,4,4,4,4,4,6,4,6,0,4
1041.0,510,-0.483862,38.349869,187.61,11.98,61.69,22802649#2_0,0.0,9.0,1041.0,510,5.0,227.818265863,7.958256717006,35.236660310721,13.405519838432,0.0,0.0,0.0,6,4,6,6,6,6,4,4,4,4,6,4,6,4,6,0,4
1042.0,510,-0.483878,38.349793,187.61,8.54,70.23,22802649#2_0,0.0,9.0,1042.0,510,11.0,222.75431522717,20.198189102913,29.44481194124,22.177006982234,0.0,0.0,0.0,6,6,6,4,4,6,4,6,6,4,6,4,6,4,4,0,4
1043.0,510,-0.483894,38.349714,187.61,8.97,79.2,22802649#2_0,0.0,1.0,1043.0,510,13.0,218.12981305825,27.279120570626,23.856159269726,29.257938449947,0.0,0.0,0.0,6,6,4,6,4,4,6,6,6,6,6,4,4,4,4,0,4
1044.0,510,-0.483903,38.34967,187.61,4.87,84.07,22802649#2_0,0.0,9.0,1044.0,510,12.0,249.29782128389,25.950540760716,14.520660656086,20.935653373083,0.0,0.0,0.0,4,6,4,6,6,6,6,4,6,6,4,6,4,4,4,0,4
1045.0,510,-0.483941,38.34963,226.39,6.75,1.55,:5186082432_3_0,0.0,0.0,1045.0,510,8.0,245.05369573677,14.614732896491,20.209704406271,20.061996017917,0.0,0.0,0.0,4,4,6,6,6,6,6,6,4,4,4,6,4,6,4,0,4
1046.0,510,-0.484035,38.349631,269.4,8.22,6.32,22802672#2_0,0.0,0.0,1046.0,510,7.0,223.71892128761,13.102627422907,27.681316452736,18.549890544333,0.0,0.0,0.0,6,4,6,4,6,6,4,6,4,6,4,4,4,6,4,0,4
1047.0,510,-0.48415,38.349633,269.4,10.03,16.34,22802672#2_0,0.0,0.0,1047.0,510,5.0,232.98722359175,8.104620255938,11.688168628417,13.551883377364,0.0,0.0,0.0,6,6,6,4,4,4,4,6,4,6,4,6,4,4,4,0,4
1048.0,510,-0.484289,38.349634,269.36,12.17,3.59,:245163900_1_0,0.0,0.0,1048.0,510,10.0,243.63959905024,18.247012948394,37.50380423926,20.225830827715,0.0,0.0,0.0,6,6,4,6,4,4,4,4,4,6,4,6,4,6,4,0,4
1049.0,510,-0.484447,38.349637,269.4,13.86,8.44,22802672#4_0,0.0,0.0,1049.0,510,8.0,200.12005681819,13.926185365669,33.339038128067,19.373448487095,0.0,0.0,0.0,4,6,4,6,4,6,4,4,4,4,4,6,4,6,4,0,4
1050.0,510,-0.484576,38.349638,269.4,11.21,19.65,22802672#4_0,0.0,8.0,1050.0,510,14.0,189.52088236858,33.495584536069,27.859450614343,28.480697148436,0.0,0.0,0.0,4,4,4,6,4,6,4,6,4,4,4,4,4,6,4,0,4
1051.0,510,-0.484654,38.349639,269.4,6.88,26.53,22802672#4_0,0.0,8.0,1051.0,510,12.0,180.73893251951003,24.376261825991,29.250711005727,26.355079705312004,0.0,0.0,0.0,4,4,4,4,4,6,4,6,4,6,4,4,4,4,4,0,4
1052.0,510,-0.484689,38.34964,269.4,3.02,29.55,22802672#4_0,0.0,8.0,1052.0,510,10.0,176.19557043115,17.730627268444,37.273199580022,19.709445147765,0.0,0.0,0.0,4,4,4,4,4,4,4,6,4,6,4,6,4,4,4,0,4
1053.0,510,-0.484696,38.34964,269.4,0.65,30.2,22802672#4_0,0.0,8.0,1053.0,510,13.0,169.10295255189,27.178140512133,21.217399634397,29.156958391454,0.0,0.0,0.0,4,4,4,4,4,4,4,4,4,6,4,6,4,6,4,0,4
1054.0,510,-0.48473,38.34964,269.4,2.92,33.11,22802672#4_0,0.0,0.0,1054.0,510,14.0,160.48623518801,32.864430098458,33.841349710645,27.849542710826,0.0,0.0,0.0,4,4,4,4,4,4,4,4,4,4,4,6,4,6,4,0,4
1055.0,510,-0.484764,38.349641,269.4,3.0,36.11,22802672#4_0,0.0,0.0,1055.0,510,14.0,149.89254573881,33.115926128354,38.986457805963,28.101038740721,0.0,0.0,0.0,4,4,4,4,4,4,4,4,4,4,4,4,4,6,4,0,4
1056.0,510,-0.484818,38.349636,262.47,4.84,2.68,:238180706_1_0,0.0,0.0,1056.0,510,10.0,138.04100753157,18.136355051301,41.552088740725,20.115172930621,0.0,0.0,0.0,4,4,4,4,4,4,4,4,4,4,4,4,4,4,4,0,4
1057.0,510,-0.484891,38.349628,265.1,6.57,2.78,22147927#0_0,0.0,2.0,1057.0,510,10.0,124.66750316491,25.360965236917,39.649879789684,20.115172930621,0.0,0.0,0.0,4,4,4,4,4,4,4,4,4,4,4,4,4,4,4,0,4
1058.0,510,-0.484985,38.34963,269.72,8.21,10.99,22147927#0_0,0.0,2.0,1058.0,510,13.0,115.60272221524,27.458453464093,47.869858139029,29.437271343414,0.0,0.0,0.0,4,4,4,4,4,4,4,4,4,4,4,4,4,4,4,0,4
1059.0,510,-0.485094,38.349631,269.72,9.54,20.53,22147927#0_0,0.0,2.0,1059.0,510,14.0,108.32285460912,32.436250412936,30.589205597971,27.421363025303,0.0,0.0,0.0,4,4,4,4,4,4,4,4,4,4,4,4,4,4,4,0,4
1060.0,510,-0.485221,38.349634,269.72,11.07,31.6,22147927#0_0,0.0,2.0,1060.0,510,14.0,103.42121640969,36.059013536472,36.440077819558,31.044126148839,0.0,0.0,0.0,4,4,4,4,4,4,4,4,4,4,4,4,4,4,4,0,4
1061.0,510,-0.485376,38.349636,269.72,13.55,45.15,22147927#0_0,0.0,2.0,1061.0,510,10.0,97.000145177741,19.470701611656,46.673092087715,21.449519490976,0.0,0.0,0.0,4,4,4,4,4,4,4,4,4,4,4,4,4,4,4,0,4
1062.0,510,-0.48549,38.349638,269.72,9.95,55.1,22147927#0_0,0.0,10.0,1062.0,510,13.0,91.590727720535,28.732225262676,31.066475385247,23.717337875043,0.0,0.0,0.0,4,4,4,4,4,4,4,4,4,4,4,4,4,4,4,0,4
1063.0,510,-0.485553,38.34964,269.72,5.56,60.66,22147927#0_0,0.0,10.0,1063.0,510,14.0,85.966909676453,38.758934284797,45.059023491555,33.744046897164,0.0,0.0,0.0,4,4,4,4,4,4,4,4,4,4,4,4,4,4,4,0,4
1064.0,510,-0.485575,38.34964,269.72,1.9,62.56,22147927#0_0,0.0,10.0,1064.0,510,14.0,80.351402784736,40.283098783464,34.002627431857,35.268211395831,0.0,0.0,0.0,4,4,4,4,4,4,4,4,4,4,4,4,4,4,4,0,4
1065.0,510,-0.485581,38.34964,269.72,0.49,63.05,22147927#0_0,0.0,10.0,1065.0,510,14.0,72.676239808345,39.309740964554,33.426145261676,34.294853576921,0.0,0.0,0.0,4,4,4,4,4,4,4,4,4,4,4,4,4,4,4,0,4
1066.0,510,-0.4856,38.34964,269.72,1.66,64.71,22147927#0_0,0.0,2.0,1066.0,510,13.0,70.600486487374,31.136915800835,41.983174670239,26.122028413202,0.0,0.0,0.0,4,4,4,4,4,4,4,4,4,4,4,4,4,4,4,0,4
1067.0,510,-0.485624,38.349641,269.72,2.17,66.88,22147927#0_0,0.0,2.0,1067.0,510,14.0,71.381213623598,38.638807837581,39.965313815257,33.623920449948,0.0,0.0,0.0,4,4,4,4,4,4,4,4,4,4,4,4,4,4,4,0,4
1068.0,510,-0.485671,38.349641,269.53,4.12,0.1,:237234895_4_0,0.0,2.0,1068.0,510,14.0,75.230682934433,31.309838422439,45.387576715775,33.623920449948,0.0,0.0,0.0,4,4,4,4,4,4,4,4,4,4,4,4,4,4,4,0,4
1069.0,510,-0.485717,38.349613,226.63,5.51,5.61,:237234895_4_0,0.0,2.0,1069.0,510,14.0,81.436913402294,43.14185536403,49.766181716286006,33.623920449948,0.0,0.0,0.0,4,4,4,4,4,4,4,4,4,4,4,4,4,4,4,0,4
1070.0,510,-0.485736,38.349545,190.56,7.78,7.08,22032076#2_1,0.0,0.0,1070.0,510,14.0,90.268553892668,33.043708179305,53.354476178631,28.028820791672,0.0,0.0,0.0,4,4,4,4,4,4,4,4,4,4,4,4,4,4,4,0,4
1071.0,510,-0.48576,38.349459,190.56,9.72,16.8,22032076#2_1,0.0,0.0,1071.0,510,14.0,104.0998164575,34.056410323748,50.230278551689,28.028820791672,0.0,0.0,0.0,4,4,4,4,4,4,4,4,4,4,4,4,4,4,4,0,4
1072.0,510,-0.485788,38.349357,190.56,11.58,28.38,22032076#2_1,0.0,0.0,1072.0,510,14.0,118.35357195027,36.97287820989,40.771327819125,31.957990822258,0.0,0.0,0.0,4,4,4,4,4,4,4,4,4,4,4,4,4,4,4,0,4
1073.0,510,-0.485856,38.349247,190.57,13.25,41.64,22032076#2_0,0.0,0.0,1073.0,510,10.0,131.19590126099,18.409866449735,31.067546414452,20.388684329056,0.0,0.0,0.0,4,4,4,4,4,4,4,4,4,4,4,4,4,4,4,0,4
1074.0,510,-0.48589,38.349123,190.57,14.01,55.65,22032076#2_0,0.0,0.0,1074.0,510,13.0,140.07770332214,29.503739773627,24.228266862416,31.482557652948,0.0,0.0,0.0,4,4,4,4,4,4,4,4,4,4,4,4,4,4,4,0,4
1075.0,510,-0.485923,38.349001,190.57,13.94,69.58,22032076#2_0,0.0,0.0,1075.0,510,14.0,145.54999765393,42.510621218511,19.759312474942,37.495733830878,0.0,0.0,0.0,4,4,4,4,4,4,4,4,4,4,4,4,4,4,4,0,4
1076.0,510,-0.485957,38.348874,189.66,14.34,1.73,22032076#3_0,0.0,0.0,1076.0,510,14.0,147.38661229558,36.998223463205,34.133935892675,31.983336075573,0.0,0.0,0.0,4,4,4,4,4,4,4,4,4,4,4,4,4,4,4,0,4
1077.0,510,-0.485985,38.348756,189.21,13.3,15.03,22032076#3_0,0.0,0.0,1077.0,510,14.0,147.75695508838,36.885355061442,34.095462559335,31.870467673809,0.0,0.0,0.0,4,4,4,4,4,4,4,4,4,4,4,4,4,4,4,0,4
1078.0,510,-0.486014,38.348638,189.21,13.29,28.33,22032076#3_0,0.0,0.0,1078.0,510,14.0,147.87831098573,36.872768888839,34.082876386732,31.857881501206,0.0,0.0,0.0,4,4,4,4,4,4,4,4,4,4,4,4,4,4,4,0,4
1079.0,510,-0.485989,38.348515,155.75,13.36,3.45,22032076#4_0,0.0,0.0,1079.0,510,14.0,147.94456631042,36.865901714875,34.076009212768,31.851014327243,0.0,0.0,0.0,4,4,4,4,4,4,4,4,4,4,4,4,4,4,4,0,4
1080.0,510,-0.48593,38.348405,155.49,13.24,16.7,22032076#4_0,0.0,0.0,1080.0,510,14.0,147.96503195819,36.863781130994,34.073888628887,31.848893743361,0.0,0.0,0.0,4,4,4,4,4,4,4,4,4,4,4,4,4,4,4,0,4
1081.0,510,-0.485871,38.348295,155.49,13.21,29.91,22032076#4_0,0.0,0.0,1081.0,510,10.0,149.73373256811,17.889525828605,43.88072579783,19.868343707926,0.0,0.0,0.0,4,4,4,4,4,4,4,4,4,4,4,4,4,4,4,0,4
1082.0,510,-0.48581,38.348181,155.49,13.84,43.75,22032076#4_0,0.0,0.0,1082.0,510,11.0,153.487543285,21.252188660825,19.349694074085,23.231006540146,0.0,0.0,0.0,4,4,4,4,4,4,4,4,4,4,4,4,4,4,4,0,4
1083.0,510,-0.485764,38.348096,155.49,10.2,53.95,22032076#4_0,0.0,8.0,1083.0,510,14.0,158.89843093108,32.198577939172,41.266303358317,27.183690551539,0.0,0.0,0.0,4,4,4,4,4,4,4,4,4,4,4,4,4,4,4,0,4
1084.0,510,-0.485735,38.348041,155.47,6.73,4.95,22032076#5_0,0.0,9.0,1084.0,510,14.0,163.28876631621,38.097820391533,30.838859231238,33.0829330039,0.0,0.0,0.0,4,4,4,4,4,4,4,4,4,4,4,4,4,4,4,0,4
1085.0,510,-0.485725,38.348022,155.47,2.23,7.18,22032076#5_0,0.0,9.0,1085.0,510,10.0,163.75442183496,19.519056255107,30.795202727457,21.497874134428,0.0,0.0,0.0,4,4,4,4,4,4,4,4,4,4,4,4,4,4,4,0,4
1086.0,510,-0.485721,38.348016,155.47,0.72,7.89,22032076#5_0,0.0,9.0,1086.0,510,10.0,163.98700914904,19.497297013064,30.773443485415,21.476114892385,0.0,0.0,0.0,4,4,4,4,4,4,4,4,4,4,4,4,4,4,4,0,4
1087.0,510,-0.485721,38.348016,155.47,0.05,7.94,22032076#5_0,0.0,9.0,1087.0,510,13.0,164.20999277226,28.440125429438,33.711099919189,23.425238041806,0.0,0.0,0.0,4,4,4,4,4,4,4,4,4,4,4,4,4,4,4,0,4
1088.0,510,-0.485721,38.348016,155.47,0.03,7.97,22032076#5_0,0.0,9.0,1088.0,510,13.0,164.21175765048,28.439960661828,33.710935151579,23.425073274195,0.0,0.0,0.0,4,4,4,4,4,4,4,4,4,4,4,4,4,4,4,0,4
1089.0,510,-0.485721,38.348016,155.47,0.0,7.98,22032076#5_0,0.0,9.0,1089.0,510,13.0,164.21252083478,28.439889412104,33.710863901855,23.425002024471,0.0,0.0,0.0,4,4,4,4,4,4,4,4,4,4,4,4,4,4,4,0,4
1090.0,510,-0.485721,38.348016,155.47,0.0,7.98,22032076#5_0,0.0,9.0,1090.0,510,13.0,164.2127612214,28.439866970044005,33.710841459795,23.424979582411,0.0,0.0,0.0,4,4,4,4,4,4,4,4,4,4,4,4,4,4,4,0,4
1091.0,510,-0.485721,38.348016,155.47,0.0,7.98,22032076#5_0,0.0,9.0,1091.0,510,13.0,164.2127612214,28.439866970044005,33.710841459795,23.424979582411,0.0,0.0,0.0,4,4,4,4,4,4,4,4,4,4,4,4,4,4,4,0,4
1092.0,510,-0.485721,38.348016,155.47,0.0,7.98,22032076#5_0,0.0,9.0,1092.0,510,13.0,164.2127612214,28.439866970044005,33.710841459795,23.424979582411,0.0,0.0,0.0,4,4,4,4,4,4,4,4,4,4,4,4,4,4,4,0,4
1093.0,510,-0.485721,38.348016,155.47,0.0,7.98,22032076#5_0,0.0,9.0,1093.0,510,13.0,164.2127612214,28.439866970044005,33.710841459795,23.424979582411,0.0,0.0,0.0,4,4,4,4,4,4,4,4,4,4,4,4,4,4,4,0,4
1094.0,510,-0.485721,38.348016,155.47,0.0,7.98,22032076#5_0,0.0,9.0,1094.0,510,13.0,164.2127612214,28.439866970044,33.710841459795,23.424979582411,0.0,0.0,0.0,4,4,4,4,4,4,4,4,4,4,4,4,4,4,4,0,4
1095.0,510,-0.485721,38.348016,155.47,0.0,7.98,22032076#5_0,0.0,9.0,1095.0,510,13.0,164.2127612214,28.439866970044,33.710841459795,23.424979582411,0.0,0.0,0.0,4,4,4,4,4,4,4,4,4,4,4,4,4,4,4,0,4
1096.0,510,-0.485721,38.348016,155.47,0.0,7.98,22032076#5_0,0.0,9.0,1096.0,510,13.0,164.2127612214,28.439866970044005,33.710841459795,23.424979582411,0.0,0.0,0.0,4,4,4,4,4,4,4,4,4,4,4,4,4,4,4,0,4
1097.0,510,-0.485721,38.348016,155.47,0.0,7.98,22032076#5_0,0.0,9.0,1097.0,510,13.0,164.2127612214,28.439866970044,33.710841459795,23.424979582411,0.0,0.0,0.0,4,4,4,4,4,4,4,4,4,4,4,4,4,4,4,0,4
1098.0,510,-0.485721,38.348016,155.47,0.0,7.98,22032076#5_0,0.0,9.0,1098.0,510,13.0,164.2127612214,28.439866970044,33.710841459795,23.424979582411,0.0,0.0,0.0,4,4,4,4,4,4,4,4,4,4,4,4,4,4,4,0,4
1099.0,510,-0.485721,38.348016,155.47,0.0,7.98,22032076#5_0,0.0,9.0,1099.0,510,13.0,164.2127612214,28.439866970044,33.710841459795,23.424979582411,0.0,0.0,0.0,4,4,4,4,4,4,4,4,4,4,4,4,4,4,4,0,4
1100.0,510,-0.485721,38.348016,155.47,0.0,7.98,22032076#5_0,0.0,9.0,1100.0,510,13.0,164.2127612214,28.439866970044,33.710841459795,23.424979582411,0.0,0.0,0.0,4,4,4,4,4,4,4,4,4,4,4,4,4,4,4,0,4
1101.0,510,-0.485721,38.348016,155.47,0.0,7.98,22032076#5_0,0.0,9.0,1101.0,510,13.0,164.2127612214,28.439866970044,33.710841459795,23.424979582411,0.0,0.0,0.0,4,4,4,4,4,4,4,4,4,4,4,4,4,4,4,0,4
1102.0,510,-0.485721,38.348016,155.47,0.0,7.98,22032076#5_0,0.0,9.0,1102.0,510,13.0,164.2127612214,28.439866970044005,33.710841459795,23.424979582411,0.0,0.0,0.0,4,4,4,4,4,4,4,4,4,4,4,4,4,4,4,0,4
1103.0,510,-0.485721,38.348016,155.47,0.0,7.98,22032076#5_0,0.0,9.0,1103.0,510,13.0,164.2127612214,28.439866970044,33.710841459795,23.424979582411,0.0,0.0,0.0,4,4,4,4,4,4,4,4,4,4,4,4,4,4,4,0,4
1104.0,510,-0.485721,38.348016,155.47,0.0,7.98,22032076#5_0,0.0,9.0,1104.0,510,13.0,164.2127612214,28.439866970044,33.710841459795,23.424979582411,0.0,0.0,0.0,4,4,4,4,4,4,4,4,4,4,4,4,4,4,4,0,4
1105.0,510,-0.485721,38.348016,155.47,0.0,7.98,22032076#5_0,0.0,9.0,1105.0,510,13.0,164.2127612214,28.439866970044005,33.710841459795,23.424979582411,0.0,0.0,0.0,4,4,4,4,4,4,4,4,4,4,4,4,4,4,4,0,4
1106.0,510,-0.485721,38.348016,155.47,0.0,7.98,22032076#5_0,0.0,9.0,1106.0,510,13.0,164.2127612214,28.439866970044,33.710841459795,23.424979582411,0.0,0.0,0.0,4,4,4,4,4,4,4,4,4,4,4,4,4,4,4,0,4
1107.0,510,-0.485721,38.348016,155.47,0.0,7.98,22032076#5_0,0.0,9.0,1107.0,510,13.0,164.2127612214,28.439866970044,33.710841459795,23.424979582411,0.0,0.0,0.0,4,4,4,4,4,4,4,4,4,4,4,4,4,4,4,0,4
1108.0,510,-0.485721,38.348016,155.47,0.0,7.98,22032076#5_0,0.0,9.0,1108.0,510,13.0,164.2127612214,28.439866970044005,33.710841459795,23.424979582411,0.0,0.0,0.0,4,4,4,4,4,4,4,4,4,4,4,4,4,4,4,0,4
1109.0,510,-0.485721,38.348016,155.47,0.0,7.98,22032076#5_0,0.0,9.0,1109.0,510,13.0,164.2127612214,28.439866970044,33.710841459795,23.424979582411,0.0,0.0,0.0,4,4,4,4,4,4,4,4,4,4,4,4,4,4,4,0,4
1110.0,510,-0.485721,38.348016,155.47,0.0,7.98,22032076#5_0,0.0,9.0,1110.0,510,13.0,164.2127612214,28.439866970044,33.710841459795,23.424979582411,0.0,0.0,0.0,4,4,4,4,4,4,4,4,4,4,4,4,4,4,4,0,4
1111.0,510,-0.485721,38.348016,155.47,0.0,7.98,22032076#5_0,0.0,9.0,1111.0,510,13.0,164.2127612214,28.439866970044005,33.710841459795,23.424979582411,0.0,0.0,0.0,4,4,4,4,4,4,4,4,4,4,4,4,4,4,4,0,4
1112.0,510,-0.485721,38.348016,155.47,0.0,7.98,22032076#5_0,0.0,9.0,1112.0,510,13.0,164.2127612214,28.439866970044,33.710841459795,23.424979582411,0.0,0.0,0.0,4,4,4,4,4,4,4,4,4,4,4,4,4,4,4,0,4
1113.0,510,-0.485721,38.348016,155.47,0.0,7.98,22032076#5_0,0.0,9.0,1113.0,510,13.0,164.2127612214,28.439866970044,33.710841459795,23.424979582411,0.0,0.0,0.0,4,4,4,4,4,4,4,4,4,4,4,4,4,4,4,0,4
1114.0,510,-0.485721,38.348016,155.47,0.0,7.98,22032076#5_0,0.0,9.0,1114.0,510,13.0,164.2127612214,28.439866970044005,33.710841459795,23.424979582411,0.0,0.0,0.0,4,4,4,4,4,4,4,4,4,4,4,4,4,4,4,0,4
1115.0,510,-0.485721,38.348016,155.47,0.0,7.98,22032076#5_0,0.0,9.0,1115.0,510,13.0,164.2127612214,28.439866970044,33.710841459795,30.418684849365,0.0,0.0,0.0,4,4,4,4,4,4,4,4,4,4,4,4,4,4,4,0,4
1116.0,510,-0.485721,38.348016,155.47,0.0,7.98,22032076#5_0,0.0,9.0,1116.0,510,13.0,164.2127612214,28.439866970044,33.710841459795,30.418684849365,0.0,0.0,0.0,4,4,4,4,4,4,4,4,4,4,4,4,4,4,4,0,4
1117.0,510,-0.485721,38.348016,155.47,0.0,7.98,22032076#5_0,0.0,9.0,1117.0,510,13.0,164.2127612214,28.439866970044005,33.710841459795,23.424979582411,0.0,0.0,0.0,4,4,4,4,4,4,4,4,4,4,4,4,4,4,4,0,4
1118.0,510,-0.485721,38.348016,155.47,0.0,7.98,22032076#5_0,0.0,9.0,1118.0,510,13.0,164.2127612214,28.439866970044005,33.710841459795,23.424979582411,0.0,0.0,0.0,4,4,4,4,4,4,4,4,4,4,4,4,4,4,4,0,4
1119.0,510,-0.485721,38.348016,155.47,0.0,7.98,22032076#5_0,0.0,9.0,1119.0,510,13.0,164.2127612214,28.439866970044,33.710841459795,23.424979582411,0.0,0.0,0.0,4,4,4,4,4,4,4,4,4,4,4,4,4,4,4,0,4
1120.0,510,-0.485721,38.348016,155.47,0.0,7.98,22032076#5_0,0.0,9.0,1120.0,510,13.0,164.2127612214,28.439866970044005,33.710841459795,23.424979582411,0.0,0.0,0.0,4,4,4,4,4,4,4,4,4,4,4,4,4,4,4,0,4
1121.0,510,-0.485721,38.348016,155.47,0.0,7.98,22032076#5_0,0.0,9.0,1121.0,510,13.0,164.2127612214,28.439866970044,33.710841459795,23.424979582411,0.0,0.0,0.0,4,4,4,4,4,4,4,4,4,4,4,4,4,4,4,0,4
1122.0,510,-0.485721,38.348016,155.47,0.0,7.98,22032076#5_0,0.0,9.0,1122.0,510,13.0,164.2127612214,28.439866970044,33.710841459795,23.424979582411,0.0,0.0,0.0,4,4,4,4,4,4,4,4,4,4,4,4,4,4,4,0,4
1123.0,510,-0.485721,38.348016,155.47,0.0,7.98,22032076#5_0,0.0,9.0,1123.0,510,13.0,164.2127612214,28.439866970044005,33.710841459795,23.424979582411,0.0,0.0,0.0,4,4,4,4,4,4,4,4,4,4,4,4,4,4,4,0,4
1124.0,510,-0.485721,38.348016,155.47,0.0,7.98,22032076#5_0,0.0,9.0,1124.0,510,13.0,164.2127612214,28.439866970044,33.710841459795,23.424979582411,0.0,0.0,0.0,4,4,4,4,4,4,4,4,4,4,4,4,4,4,4,0,4
1125.0,510,-0.485721,38.348016,155.47,0.0,7.98,22032076#5_0,0.0,9.0,1125.0,510,13.0,164.2127612214,28.439866970044005,33.710841459795,23.424979582411,0.0,0.0,0.0,4,4,4,4,4,4,4,4,4,4,4,4,4,4,4,0,4
1126.0,510,-0.485712,38.347998,155.47,2.08,10.06,22032076#5_0,0.0,1.0,1126.0,510,13.0,166.4940718091,29.783495500532,41.971801888031,23.424979582411,0.0,0.0,0.0,4,4,4,4,4,4,4,4,4,4,4,4,4,4,4,0,4
1127.0,510,-0.485699,38.347975,155.47,2.77,12.83,22032076#5_0,0.0,1.0,1127.0,510,13.0,168.05861728993,23.913275763103,38.332430179496,23.424979582411,0.0,0.0,0.0,4,4,4,4,4,4,4,4,4,4,4,4,4,4,4,0,4
1128.0,510,-0.485681,38.347939,156.54,4.37,0.72,:237234921_3_0,0.0,1.0,1128.0,510,14.0,167.58029418722,32.234974326936,29.365174033909,27.220086939303,0.0,0.0,0.0,4,4,4,4,4,4,4,4,4,4,4,4,4,4,4,0,4
1129.0,510,-0.485714,38.347901,219.8,5.78,1.33,44579181_0,0.0,0.0,1129.0,510,14.0,167.28599717085,32.782568130464,37.890378291598,27.767680742831,0.0,0.0,0.0,4,4,4,4,4,4,4,4,4,4,4,4,4,4,4,0,4
1130.0,510,-0.485796,38.34787,243.12,7.93,9.26,44579181_0,0.0,0.0,1130.0,510,14.0,167.49485477527,14.081398535457,42.458152945633,27.767680742831,0.0,0.0,0.0,4,4,4,4,4,4,4,4,4,4,4,4,4,4,4,0,4
1131.0,510,-0.485901,38.347831,243.12,10.23,19.49,44579181_0,0.0,0.0,1131.0,510,14.0,168.5337799292,32.553611014966,25.230926940359,27.538723627333,0.0,0.0,0.0,4,4,4,4,4,4,4,4,4,4,4,4,4,4,4,0,4
1132.0,510,-0.486029,38.347783,243.12,12.38,31.87,44579181_0,0.0,0.0,1132.0,510,12.0,170.90045199428,23.408922090633,38.845532186942,25.387739969954,0.0,0.0,0.0,4,4,4,4,4,4,4,4,4,4,4,4,4,4,1,0,4
1133.0,510,-0.486171,38.347731,243.16,13.69,1.41,89546442#0_0,0.0,0.0,1133.0,510,12.0,174.96919937846,23.61578934635,31.159502888051,25.594607225671,0.0,0.0,0.0,4,4,4,4,4,4,4,4,4,4,4,4,1,4,1,0,4
1134.0,510,-0.486335,38.34767,243.1,15.82,17.24,89546442#0_0,0.0,0.0,1134.0,510,8.0,180.79062433827,13.634213932856,30.216622731118,19.081477054282,0.0,0.0,0.0,4,4,4,4,4,4,4,4,4,4,1,4,1,4,1,0,4
1135.0,510,-0.486519,38.347602,243.7,17.82,8.63,89546442#1_0,0.0,0.0,1135.0,510,9.0,188.99862392881,15.688109447257,32.759277475228,19.0601060987,0.0,0.0,0.0,4,4,4,4,4,4,4,4,1,4,1,4,1,4,1,0,4
1136.0,510,-0.486718,38.34753,243.7,19.17,27.8,89546442#1_0,0.0,0.0,1136.0,510,6.0,200.38693535984,10.379303252971,24.465738696607,14.921037217545,0.0,0.0,0.0,4,4,4,4,4,4,1,4,1,4,1,4,1,4,1,0,4
1137.0,510,-0.486942,38.347447,242.8,21.62,7.15,89546442#2_0,0.0,0.0,1137.0,510,5.0,214.40812422601,7.6547634306004,33.154075408922,13.102026552026,0.0,0.0,0.0,4,4,4,4,1,4,1,4,1,4,1,4,1,4,1,1,1
1138.0,510,-0.48719,38.347353,242.8,24.0,31.16,89546442#2_0,0.0,0.0,1138.0,510,13.0,231.64235513363,29.982810693497,29.801044608656,24.967923305864,0.0,0.0,0.0,4,4,1,4,1,4,1,4,1,4,1,4,1,4,1,2,1
1139.0,510,-0.487419,38.347267,242.92,22.23,4.1,89546442#3_0,0.0,0.0,1139.0,510,8.0,240.00164269501,14.29992573879,27.580593155415,19.747188860216,0.0,0.0,0.0,1,4,1,4,1,4,1,4,1,4,1,4,1,4,1,2,1
1140.0,510,-0.487637,38.347185,242.94,21.07,25.17,89546442#3_0,0.0,0.0,1140.0,510,14.0,210.64961888067,33.83579315697,45.043993018356,35.814611036291,0.0,0.0,0.0,1,1,1,4,1,4,1,4,1,4,1,4,1,4,1,0,1
1141.0,510,-0.487857,38.347103,243.26,21.37,3.24,:237215272_0_0,0.0,0.0,1141.0,510,6.0,181.33435730874,9.109457942748,30.957467196951,13.651191907323,0.0,0.0,0.0,1,1,1,1,1,4,1,4,1,4,1,4,1,4,1,0,1
1142.0,510,-0.488071,38.347026,243.95,20.59,17.56,89546442#4_0,0.0,0.0,1142.0,510,14.0,151.7644011089,32.822397003303,46.051990482083,27.807509615671,0.0,0.0,0.0,1,1,1,1,1,1,1,4,1,4,1,4,1,4,1,0,1
1143.0,510,-0.488275,38.346954,244.49,19.42,0.36,89546442#5_0,0.0,0.0,1143.0,510,14.0,122.70972330184,38.188890582014,38.150604154333,33.174003194381,0.0,0.0,0.0,1,1,1,1,1,1,1,1,1,4,1,4,1,4,1,0,1
1144.0,510,-0.488484,38.346872,241.83,20.47,20.83,89546442#5_0,0.0,0.0,1144.0,510,14.0,93.188079227025,47.769939490595,47.665636685842,42.755052102962,0.0,0.0,0.0,1,1,1,1,1,1,1,1,1,1,1,4,1,4,1,0,1
1145.0,510,-0.488709,38.346784,242.6,21.99,4.7,:238093809_1_0,0.0,0.0,1145.0,510,14.0,63.034971654963,36.774649121385,56.722762760285,31.759761733752,0.0,0.0,0.0,1,1,1,1,1,1,1,1,1,1,1,1,1,4,1,0,1
1146.0,510,-0.488957,38.346692,243.39,23.95,11.6,89546442#7_0,0.0,0.0,1146.0,510,15.0,34.21391577148,60.729694017533,45.371721647269,55.7148066299,0.0,0.0,0.0,1,1,1,1,1,1,1,1,1,1,1,1,1,1,1,0,1
1147.0,510,-0.489225,38.346593,243.39,25.92,37.52,89546442#7_0,0.0,0.0,1147.0,510,15.0,6.8415592246549,66.7411953103,89.85402848240601,61.726307922667,0.0,0.0,0.0,1,1,1,1,1,1,1,1,1,1,1,1,1,1,1,0,1
1148.0,510,-0.489502,38.346491,243.39,26.7,0.48,:1522928619_0_0,0.0,0.0,1148.0,510,15.0,21.936169351479,76.981345489297,67.208953308773,71.966458101664,0.0,0.0,0.0,1,1,1,1,1,1,1,1,1,1,1,1,1,1,1,0,1
1149.0,510,-0.489781,38.346388,243.05,26.99,9.3,89546442#9_0,0.0,0.0,1149.0,510,15.0,46.28849825758001,49.99704172152101,51.05621583284701,44.982154333888,0.0,0.0,0.0,1,1,1,1,1,1,1,1,1,1,1,1,1,1,1,0,1
1150.0,510,-0.490063,38.346283,243.05,27.22,36.52,89546442#9_0,0.0,0.0,1150.0,510,13.0,62.894017085704,28.344274124931,60.890263076786,30.323092004251,0.0,0.0,0.0,1,1,1,1,1,1,1,1,1,1,1,1,1,1,1,0,1
1151.0,510,-0.490355,38.346259,272.41,27.55,7.85,:219237901_0_0,0.0,0.0,1151.0,510,12.0,72.254888721275,25.322287869057,52.401521221976,27.301105748378,0.0,0.0,0.0,1,1,1,1,1,1,1,1,1,1,1,1,1,1,1,0,1
1152.0,510,-0.490607,38.346354,286.43,24.2,20.7,44579182#0_0,0.0,0.0,1152.0,510,14.0,77.568898357479,39.079826395855,45.04285221465,34.064939008222,0.0,0.0,0.0,1,1,1,1,1,1,1,1,1,1,1,1,1,1,1,0,1
1153.0,510,-0.490841,38.346328,249.73,20.13,3.73,44579182#1_0,0.0,0.0,1153.0,510,14.0,80.009281344053,38.604740907338,49.822682917151006,33.589853519706,0.0,0.0,0.0,1,1,1,1,1,1,1,1,1,1,1,1,1,1,1,0,1
1154.0,510,-0.491014,38.346236,228.03,17.62,4.29,:219237425_1_0,0.0,0.0,1154.0,510,14.0,81.55138109766,43.466340361715,34.540712155637,33.589853519706,0.0,0.0,0.0,1,1,1,1,1,1,1,1,1,1,1,1,1,1,1,0,1
1155.0,510,-0.491094,38.346131,202.49,13.12,8.32,44579182#3_0,0.0,8.0,1155.0,510,14.0,79.543836822796,32.526600076823,47.022183167183,27.51171268919,0.0,0.0,0.0,1,1,1,1,1,1,1,1,1,1,1,1,1,1,1,0,1
1156.0,510,-0.491121,38.34604,183.26,10.14,18.47,44579182#3_0,0.0,8.0,1156.0,510,14.0,76.518167667994,36.642184033137,29.329319117476,31.627296645504,0.0,0.0,0.0,1,1,1,1,1,1,1,1,1,1,1,1,1,1,1,0,1
1157.0,510,-0.491126,38.345956,179.49,9.04,4.57,:219237719_2_0,0.0,8.0,1157.0,510,15.0,72.788279052239,51.43399899163,41.587223030519,46.419111603997,0.0,0.0,0.0,1,1,1,1,1,1,1,1,1,1,1,1,1,1,1,0,1
1158.0,510,-0.491118,38.345914,169.86,4.54,9.11,:219237719_2_0,0.0,8.0,1158.0,510,14.0,85.180522144238,32.549394230879,41.006615387672,27.534506843246,0.0,0.0,0.0,1,1,1,1,1,1,1,1,1,1,1,1,1,1,1,0,1
1159.0,510,-0.491098,38.345864,161.03,5.34,3.73,89674475_0,0.0,0.0,1159.0,510,14.0,102.18835040361,37.544207340626,36.352739214498,32.529319952994,0.0,0.0,0.0,1,1,1,1,1,1,1,1,1,1,1,1,1,1,1,0,1
1160.0,510,-0.491062,38.345801,153.06,7.04,2.61,:219237739_2_0,0.0,0.0,1160.0,510,12.0,122.50523627797,25.313080557301,47.227199868908,27.291898436621,0.0,0.0,0.0,1,1,1,1,1,1,1,1,1,1,1,1,1,1,1,0,1
1161.0,510,-0.490976,38.345745,124.7,9.58,1.44,135529367_0,0.0,1.0,1161.0,510,13.0,144.65380961012,30.556338671596,39.306647874336,25.541451283963,0.0,0.0,0.0,1,1,1,1,1,1,1,1,1,1,1,1,1,1,1,0,1
1162.0,510,-0.490866,38.345694,116.07,10.89,12.33,135529367_0,0.0,1.0,1162.0,510,7.0,167.07221493289,11.7418054291,29.066437609437,17.189068550527,0.0,0.0,0.0,1,1,1,1,1,1,1,1,1,1,1,1,1,1,1,0,1
1163.0,510,-0.490721,38.345665,93.62,12.96,25.29,135529367_0,0.0,1.0,1163.0,510,9.0,189.58148518125,16.98082944807,25.988325458651,18.959647327391,0.0,0.0,0.0,1,1,1,1,1,1,1,1,1,1,1,1,1,1,1,0,1
1164.0,510,-0.490567,38.345622,132.36,14.81,1.56,20490185#0_0,0.0,0.0,1164.0,510,12.0,211.73040280161,23.973083571069,33.086897153674,25.95190145039,0.0,0.0,0.0,1,1,1,1,1,1,1,1,1,1,1,1,1,1,2,0,1
1165.0,510,-0.490466,38.3455,150.56,16.25,1.16,20490185#1_0,0.0,0.0,1165.0,510,11.0,234.58231104047,20.936852704217,27.540453658676,22.915670583538,0.0,0.0,0.0,1,1,1,1,1,1,1,1,1,1,1,1,2,1,2,0,1
1166.0,510,-0.490368,38.345357,150.18,18.0,19.16,20490185#1_0,0.0,0.0,1166.0,510,12.0,257.52649506876,23.366908285403,17.924775257141,25.345726164724,0.0,0.0,0.0,1,1,1,1,1,1,1,1,1,1,2,1,2,1,2,0,1
1167.0,510,-0.490262,38.345202,150.18,19.53,38.69,20490185#1_0,0.0,0.0,1167.0,510,8.0,280.18925745813,13.591599773205,21.035818605126,19.038862894631,0.0,0.0,0.0,1,1,1,1,1,1,1,1,2,1,2,1,2,1,2,0,1
1168.0,510,-0.490144,38.345034,149.13,21.32,9.77,20490185#3_0,0.0,0.0,1168.0,510,11.0,303.90200676498,22.346094994774,9.0618534315052,24.324912874095,0.0,0.0,0.0,1,1,1,1,1,1,2,1,2,1,2,1,2,1,2,0,1
1169.0,510,-0.490021,38.344863,149.13,21.83,31.6,20490185#3_0,0.0,0.0,1169.0,510,7.0,323.0554953099,11.591007465352,10.816543959449,17.038270586778,0.0,0.0,0.0,1,1,1,1,2,1,2,1,2,1,2,1,2,1,2,1,2
1170.0,510,-0.489894,38.344684,149.13,22.84,54.44,20490185#3_0,0.0,0.0,1170.0,510,6.0,338.68851020074,8.7883687640355,20.88249326867,14.235631885462,0.0,0.0,0.0,1,1,2,1,2,1,2,1,2,1,2,1,2,1,2,2,2
1171.0,510,-0.489765,38.344506,148.44,22.66,9.65,20490185#4_0,0.0,0.0,1171.0,510,8.0,292.40432115454,14.037347209564,19.637826372831,19.48461033099,0.0,0.0,0.0,2,1,2,1,2,1,2,1,2,1,2,1,2,1,2,2,2
1172.0,510,-0.48964,38.344335,148.44,21.97,31.63,20490185#4_0,0.0,0.0,1172.0,510,7.0,289.5106580929,11.056277885008,32.683736199838,16.503541006434,0.0,0.0,0.0,2,2,2,1,2,1,2,1,2,1,2,1,2,1,2,0,2
1173.0,510,-0.489511,38.344159,148.44,22.52,10.43,20490185#5_0,0.0,0.0,1173.0,510,12.0,287.88328039928,24.384313418817,12.901010342019,26.363131298137,0.0,0.0,0.0,2,2,2,2,2,1,2,1,2,1,2,1,2,1,2,0,2
1174.0,510,-0.489385,38.343988,148.44,21.93,32.36,20490185#5_0,0.0,0.0,1174.0,510,5.0,285.84890358279,6.9720008870569,25.650122621432,12.419264008483,0.0,0.0,0.0,2,2,2,2,2,2,2,1,2,1,2,1,2,1,2,0,2
1175.0,510,-0.489259,38.343815,148.44,22.18,54.54,20490185#5_0,0.0,0.0,1175.0,510,10.0,283.57462314161,19.354399769592,8.2903919483374,21.333217648912,0.0,0.0,0.0,2,2,2,2,2,2,2,2,2,1,2,1,2,1,2,0,2
1176.0,510,-0.489127,38.343645,146.0,22.14,0.47,20490185#6_0,0.0,0.0,1176.0,510,8.0,281.02827205749,14.579403907508,28.520268714521,20.026667028934,0.0,0.0,0.0,2,2,2,2,2,2,2,2,2,2,2,1,2,1,2,0,2
1177.0,510,-0.489002,38.343486,150.39,20.77,4.67,86301446#0_0,0.0,0.0,1177.0,510,11.0,278.49218579429,20.670618928253,31.076331186097,22.649436807574,0.0,0.0,0.0,2,2,2,2,2,2,2,2,2,2,2,2,2,1,2,0,2
1178.0,510,-0.488915,38.343356,150.4,16.27,20.94,86301446#0_0,0.0,8.0,1178.0,510,5.0,276.33359298817,7.9948168494339,22.459357927743,13.44207997086,0.0,0.0,0.0,2,2,2,2,2,2,2,2,2,2,2,2,2,2,5,0,2
1179.0,510,-0.48885,38.343261,150.4,12.02,32.96,86301446#0_0,0.0,8.0,1179.0,510,5.0,275.02698810185,20.399271780235,22.049086159115,13.44207997086,0.0,0.0,0.0,2,2,2,2,2,2,2,2,2,2,2,2,5,2,5,0,2
1180.0,510,-0.488809,38.343201,149.7,7.52,3.61,:4301312792_0_0,0.0,8.0,1180.0,510,5.0,274.93678617162,30.026280006002,29.442209216933,13.44207997086,0.0,0.0,0.0,2,2,2,2,2,2,2,2,2,2,5,2,5,2,5,0,2
1181.0,510,-0.488788,38.343173,149.04,3.67,2.22,86301446#1_0,0.0,8.0,1181.0,510,7.0,276.48324128696,12.390547659977,25.979300238967,17.837810781403,0.0,0.0,0.0,2,2,2,2,2,2,2,2,5,2,5,2,5,2,5,0,2
1182.0,510,-0.488787,38.343171,149.02,0.15,2.37,86301446#1_0,0.0,8.0,1182.0,510,10.0,279.99495175848,18.369922203974,24.879983765227,27.285630567505,0.0,0.0,0.0,2,2,2,2,2,2,5,2,5,2,5,2,5,2,5,0,2
1183.0,510,-0.488787,38.343171,149.01,0.05,2.42,86301446#1_0,0.0,8.0,1183.0,510,12.0,285.39707658431,24.365382333582,22.030926193749,33.281090697113,0.0,0.0,0.0,2,2,2,2,5,2,5,2,5,2,5,2,5,2,5,1,5
1184.0,510,-0.488787,38.343171,149.01,0.01,2.43,86301446#1_0,0.0,8.0,1184.0,510,4.0,292.55658768346,3.2468340130406,25.681618749327,6.934262615864,0.0,0.0,0.0,2,2,5,2,5,2,5,2,5,2,5,2,5,2,5,2,5
1185.0,510,-0.488779,38.34316,148.8,1.35,1.24,:224830892_2_0,0.0,0.0,1185.0,510,14.0,222.68245323463,34.001752615476,31.339867115666,28.986865227843,0.0,0.0,0.0,5,2,5,2,5,2,5,2,5,2,5,2,5,2,5,2,5
1186.0,510,-0.488761,38.343136,148.65,3.15,4.4,:224830892_2_0,0.0,0.0,1186.0,510,7.0,210.67159543744,12.188647371623,23.138607697541,17.635910493049,0.0,0.0,0.0,5,5,5,2,5,2,5,2,5,2,5,2,5,2,5,0,5
1187.0,510,-0.488733,38.343097,148.66,4.97,9.37,:224830892_2_0,0.0,0.0,1187.0,510,11.0,200.69972172346,22.449310569558,12.379845318878004,24.428128448879004,0.0,0.0,0.0,5,5,5,5,5,2,5,2,5,2,5,2,5,2,5,0,5
1188.0,510,-0.488691,38.343038,148.85,7.53,5.65,:4301312786_0_0,0.0,0.0,1188.0,510,11.0,188.34179156833,22.838315063002,33.344879228606,25.071433501204,0.0,0.0,0.0,5,5,5,5,5,5,5,2,5,2,5,2,5,2,5,0,5
1189.0,510,-0.488636,38.342963,148.76,9.59,0.71,86301437#2_0,0.0,0.0,1189.0,510,6.0,164.87538981445,9.1636047038171,31.914661627327,14.610867825243,0.0,0.0,0.0,5,5,5,5,5,5,5,5,5,2,5,2,5,2,5,0,5
1190.0,510,-0.488573,38.342876,148.64,11.12,11.83,86301437#2_0,0.0,0.0,1190.0,510,14.0,141.69800437169,31.39878357781,37.047202626103,33.377601457131,0.0,0.0,0.0,5,5,5,5,5,5,5,5,5,5,5,2,5,2,5,0,5
1191.0,510,-0.488502,38.342779,148.64,12.47,24.3,86301437#2_0,0.0,0.0,1191.0,510,12.0,118.22306896462,25.269711954033,43.282719001657,27.248529833354,0.0,0.0,0.0,5,5,5,5,5,5,5,5,5,5,5,5,5,2,5,0,5
1192.0,510,-0.488417,38.342662,148.64,14.94,39.24,86301437#2_0,0.0,0.0,1192.0,510,13.0,95.875949554455,29.86138110661,43.902657447283,24.846493718977,0.0,0.0,0.0,5,5,5,5,5,5,5,5,5,5,5,5,5,5,5,0,5
1193.0,510,-0.488318,38.342526,148.44,17.44,6.05,49898934#0_0,0.0,0.0,1193.0,510,14.0,73.857481405445,40.003737211561,52.499800076904,34.988849823929,0.0,0.0,0.0,5,5,5,5,5,5,5,5,5,5,5,5,5,5,5,0,5
1194.0,510,-0.488203,38.342369,148.44,20.02,26.07,49898934#0_0,0.0,0.0,1194.0,510,14.0,53.945304726328,43.659831692228,56.888503559911,38.644944304595,0.0,0.0,0.0,5,5,5,5,5,5,5,5,5,5,5,5,5,5,5,0,5
1195.0,510,-0.488074,38.342193,148.44,22.6,48.66,49898934#0_0,0.0,0.0,1195.0,510,14.0,38.105338621953,48.928831330658,51.695831855752,43.913943943025,0.0,0.0,0.0,5,5,5,5,5,5,5,5,5,5,5,5,5,5,5,0,5
1196.0,510,-0.487947,38.342019,148.44,22.32,70.98,49898934#0_0,0.0,0.0,1196.0,510,14.0,33.153039486565,41.142510899379,62.099722796293,36.127623511746,0.0,0.0,0.0,5,5,5,5,5,5,5,5,5,5,5,5,5,5,5,0,5
1197.0,510,-0.487819,38.341845,148.45,22.27,5.82,49898934#2_0,0.0,0.0,1197.0,510,15.0,34.521378677986,51.769240877601,56.007778638156,46.754353489968,0.0,0.0,0.0,5,5,5,5,5,5,5,5,5,5,5,5,5,5,5,0,5
1198.0,510,-0.48769,38.341669,148.45,22.63,28.45,49898934#2_0,0.0,0.0,1198.0,510,14.0,47.53960805411,46.307941873395,55.975227494104,41.293054485762,0.0,0.0,0.0,5,5,5,5,5,5,5,5,5,5,5,5,5,5,5,0,5
1199.0,510,-0.487562,38.341494,148.45,22.35,50.8,49898934#2_0,0.0,0.0,1199.0,510,14.0,67.003778578812,31.384251813428,42.926759259114,30.438989468287,0.0,0.0,0.0,5,5,5,5,5,5,5,5,5,5,5,5,5,5,5,0,5
1200.0,510,-0.487433,38.341318,148.47,22.59,12.43,49898934#3_0,0.0,0.0,1200.0,510,14.0,88.219994056949,41.023327583597,45.639074928700005,36.008440195964,0.0,0.0,0.0,5,5,5,5,5,5,5,5,5,5,5,5,5,5,5,0,5
1201.0,510,-0.487309,38.341146,149.19,22.05,5.89,49898934#4_0,0.0,0.0,1201.0,510,13.0,110.18729803131,30.963042665748,34.95923902335,25.948155278115,0.0,0.0,0.0,5,5,5,5,5,5,5,5,5,5,5,5,5,5,5,0,5
1202.0,510,-0.487292,38.340968,213.66,22.65,7.06,20929395#4_0,0.0,0.0,1202.0,510,13.0,132.88970903263,29.426371269401,27.348603433905,24.411483881768003,0.0,0.0,0.0,5,5,5,5,5,5,5,5,5,5,5,5,5,5,5,0,5
1203.0,510,-0.487436,38.340808,213.66,21.77,28.83,20929395#4_0,0.0,0.0,1203.0,510,11.0,153.1548167467,19.766027280372,46.038360322696,21.744845159693,0.0,0.0,0.0,5,5,5,5,5,5,5,5,5,5,5,5,5,5,5,0,5
1204.0,510,-0.487587,38.34064,213.66,22.9,51.73,20929395#4_0,0.0,0.0,1204.0,510,12.0,169.23209998282,26.349164308847,30.088825788943,21.334276921214,0.0,0.0,0.0,5,5,5,5,5,5,5,5,5,5,5,5,5,5,5,0,5
1205.0,510,-0.487738,38.340471,213.66,22.89,74.62,20929395#4_0,0.0,0.0,1205.0,510,12.0,182.04664474871,29.927984504489,30.768577751056,21.334276921214,0.0,0.0,0.0,5,5,5,5,5,5,5,5,5,5,5,5,5,5,5,0,5
1206.0,510,-0.487876,38.340304,210.8,22.17,3.14,:224831106_1_0,0.0,0.0,1206.0,510,12.0,190.21264927841,37.2508595688,35.769239697021,21.334276921214,0.0,0.0,0.0,5,5,5,5,5,5,5,5,5,5,5,5,5,5,5,0,5
1207.0,510,-0.48801,38.340135,210.3,22.08,19.04,20929395#6_0,0.0,0.0,1207.0,510,13.0,198.80340659829,31.217459043367,7.5684435746955,30.254298649646,0.0,0.0,0.0,5,5,5,5,5,5,5,5,5,5,5,5,5,5,5,0,5
1208.0,510,-0.488147,38.339962,210.3,22.69,41.73,20929395#6_0,0.0,0.0,1208.0,510,9.0,207.54008535441,15.842576022268,21.929285014566,17.821393901589,0.0,0.0,0.0,5,5,5,5,5,5,5,5,5,5,5,5,5,5,5,0,5
1209.0,510,-0.488283,38.339789,210.3,22.51,64.25,20929395#6_0,0.0,0.0,1209.0,510,8.0,215.01032177581,14.188057687043,27.820378835291,19.635320808469,0.0,0.0,0.0,5,5,5,5,5,5,5,5,5,5,5,5,5,5,5,0,5
1210.0,510,-0.48841,38.339627,209.73,21.21,2.05,20929395#7_0,0.0,0.0,1210.0,510,14.0,218.22544050691,36.700684132288,20.943079490541,31.685796744655,0.0,0.0,0.0,5,5,5,5,5,5,5,5,5,5,5,5,5,5,5,0,5
1211.0,510,-0.48857,38.339499,238.23,20.52,6.57,20929395#8_0,0.0,0.0,1211.0,510,8.0,219.62145783435,14.61190896336,22.229639489347004,20.059172084786,0.0,0.0,0.0,5,5,5,5,5,5,5,5,5,5,5,5,5,5,5,0,5
1212.0,510,-0.488768,38.339408,238.23,19.99,0.44,:2567888474_0_0,0.0,0.0,1212.0,510,10.0,218.64632643669,19.685057157433,24.557657847583,21.663875036754,0.0,0.0,0.0,5,5,5,5,5,5,5,5,5,5,5,5,5,5,5,0,5
1213.0,510,-0.48897,38.339316,238.22,20.43,15.75,20929395#9_0,0.0,0.0,1213.0,510,7.0,215.64892417066,13.015669749203,19.047671197093,18.462932870629,0.0,0.0,0.0,5,5,5,5,5,5,5,5,5,5,5,5,5,5,5,0,5
1214.0,510,-0.489179,38.33922,238.23,21.28,17.7,89664235#0_0,0.0,0.0,1214.0,510,5.0,209.54649737959,7.4680351160237,17.323459364643,12.91529823745,0.0,0.0,0.0,5,5,5,5,5,5,5,5,5,5,5,5,5,5,5,0,5
1215.0,510,-0.489405,38.339116,238.23,22.83,40.53,89664235#0_0,0.0,0.0,1215.0,510,13.0,200.06629957482,27.146862102446,46.236609044537,29.125679981767,0.0,0.0,0.0,5,5,5,5,5,5,5,5,5,5,5,5,5,5,5,0,5
1216.0,510,-0.489623,38.339008,231.44,22.6,3.61,89664235#1_0,0.0,0.0,1216.0,510,13.0,188.55182958957,32.470190839592,34.112633999423,29.125679981767,0.0,0.0,0.0,5,5,5,5,5,5,5,5,5,5,5,5,5,5,5,0,5
1217.0,510,-0.489837,38.338907,240.02,21.85,12.23,89664232_0,0.0,0.0,1217.0,510,5.0,175.05276466557,6.9451342463593,26.250240545733,11.486868210934,0.0,0.0,0.0,5,5,5,5,5,5,5,5,5,5,5,5,5,5,5,0,5
1218.0,510,-0.490026,38.338838,245.56,18.23,30.46,89664232_0,0.0,8.0,1218.0,510,11.0,159.63079755464,20.557651168838,40.742439044897,22.536469048159,0.0,0.0,0.0,5,5,5,5,5,5,5,5,5,5,5,5,5,5,5,0,5
1219.0,510,-0.490187,38.338803,252.32,14.65,2.16,:219236462_1_0,0.0,8.0,1219.0,510,11.0,143.16357194694,22.117267898992,42.160318020708,24.096085778313,0.0,0.0,0.0,5,5,5,5,5,5,5,5,5,5,5,5,5,5,5,0,5
1220.0,510,-0.490292,38.338738,230.34,11.68,5.89,304648612#0_0,0.0,8.0,1220.0,510,11.0,128.02698581379,29.83101054614,25.590851573482,24.096085778313,0.0,0.0,0.0,5,5,5,5,5,5,5,5,5,5,5,5,5,5,5,0,5
1221.0,510,-0.49035,38.338692,222.1,7.18,0.25,:2567888440_0_0,0.0,8.0,1221.0,510,14.0,124.20260377313,34.516709447942,25.366912185428,29.501822060309,0.0,0.0,0.0,5,5,5,5,5,5,5,5,5,5,5,5,5,5,5,0,5
1222.0,510,-0.490401,38.338639,213.31,7.42,2.4,304648612#1_0,0.0,0.0,1222.0,510,14.0,125.673197243,39.714200053296,44.7822299686,34.699312665663,0.0,0.0,0.0,5,5,5,5,5,5,5,5,5,5,5,5,5,5,5,0,5
1223.0,510,-0.490437,38.338562,197.86,9.14,4.96,:219236482_0_0,0.0,0.0,1223.0,510,12.0,132.27944500828,25.144370303336,31.219273290158,27.123188182657,0.0,0.0,0.0,5,5,5,5,5,5,5,5,5,5,5,5,5,5,5,0,5
1224.0,510,-0.490444,38.338472,178.08,10.03,1.57,20929362#1_0,0.0,0.0,1224.0,510,14.0,140.44751320773,41.179787548087,19.888830034067,36.164900160454,0.0,0.0,0.0,5,5,5,5,5,5,5,5,5,5,5,5,5,5,5,0,5
1225.0,510,-0.490444,38.338422,178.07,5.53,7.1,20929362#1_0,0.0,8.0,1225.0,510,13.0,149.74449375564,27.221726772105,44.597375984535,29.200544651425,0.0,0.0,0.0,5,5,5,5,5,5,5,5,5,5,5,5,5,5,5,0,5
1226.0,510,-0.490443,38.338354,177.69,7.59,3.4,:3782592998_7_0,0.0,0.0,1226.0,510,9.0,160.01367587683,16.043009975817,45.20646964051699,18.021827855137,0.0,0.0,0.0,5,5,5,5,5,5,5,5,5,5,5,5,5,5,5,0,5
1227.0,510,-0.490432,38.338308,167.17,5.18,2.84,:2567888431_0_0,0.0,8.0,1227.0,510,14.0,169.62078918988,33.205751119609,33.558993113045,28.190863731976,0.0,0.0,0.0,5,5,5,5,5,5,5,5,5,5,5,5,5,5,5,0,5
1228.0,510,-0.49039,38.338257,144.57,6.71,3.45,:219236003_4_0,0.0,0.0,1228.0,510,12.0,172.4007953166,25.605780898165,28.305655543471,20.590893510532,0.0,0.0,0.0,5,5,5,5,5,5,5,5,5,5,5,5,5,5,5,0,5
1229.0,510,-0.490337,38.338234,116.84,5.42,8.87,:219236003_4_0,0.0,8.0,1229.0,510,13.0,178.2848723488,28.542986837322,23.614372421153,23.528099449689005,0.0,0.0,0.0,5,5,5,5,5,5,5,5,5,5,5,5,5,5,5,0,5
1230.0,510,-0.490261,38.338234,81.57,6.91,5.53,:21323865_2_0,0.0,2.0,1230.0,510,13.0,189.22914261792,31.000384839661,32.946900395724,25.985497452028,0.0,0.0,0.0,5,5,5,5,5,5,5,5,5,5,5,5,5,5,5,0,5
1231.0,510,-0.490159,38.338246,58.12,8.44,8.22,89664233#0_0,0.0,0.0,1231.0,510,8.0,201.68684542944,14.181674712525998,46.186744929041,15.507362400452,0.0,0.0,0.0,5,5,5,5,5,5,5,5,5,5,5,5,5,5,5,0,5
1232.0,510,-0.490054,38.338294,58.12,10.62,18.83,89664233#0_0,0.0,0.0,1232.0,510,8.0,215.82189477774,11.10293257665,15.79624856996,15.507362400452,0.0,0.0,0.0,5,5,5,5,5,5,5,5,5,5,5,5,5,5,5,0,5
1233.0,510,-0.489933,38.33835,58.12,12.23,31.06,89664233#0_0,0.0,0.0,1233.0,510,10.0,230.52273563413,19.177568363173,31.525862060921,21.156386242494,0.0,0.0,0.0,5,5,5,5,5,5,5,5,5,5,5,5,5,5,5,0,5
1234.0,510,-0.489795,38.338414,58.12,14.04,45.1,89664233#0_0,0.0,0.0,1234.0,510,4.0,245.46647362819,4.5263037087361,38.568679146855,8.2137323115596,0.0,0.0,0.0,5,5,5,5,5,5,5,5,5,5,5,5,5,5,5,0,5
1235.0,510,-0.48964,38.338485,58.12,15.66,60.76,89664233#0_0,0.0,0.0,1235.0,510,11.0,256.23806559809,20.015065276711,29.992348772933,21.993883156032,0.0,0.0,0.0,5,5,5,5,5,5,5,5,5,5,5,5,5,5,5,0,5
1236.0,510,-0.489461,38.338564,59.44,17.96,11.07,89664233#1_0,0.0,0.0,1236.0,510,8.0,262.51091231,15.143229535907,15.843981286981,20.590492657333,0.0,0.0,0.0,5,5,5,5,5,5,5,5,5,5,5,5,5,5,5,0,5
1237.0,510,-0.489285,38.338641,59.44,17.67,28.74,89664233#1_0,0.0,0.0,1237.0,510,11.0,270.27626889351,20.486021110985,30.478995112351,22.464838990306003,0.0,0.0,0.0,5,5,5,5,5,5,5,5,5,5,5,5,5,5,5,0,5
1238.0,510,-0.489142,38.338669,90.92,13.26,0.42,20490173#0_0,0.0,8.0,1238.0,510,8.0,280.08946895118,14.999693362957,21.361641002591,20.446956484383,0.0,0.0,0.0,5,5,5,5,5,5,5,5,5,5,5,5,5,5,5,0,5
1239.0,510,-0.488982,38.338657,94.67,14.07,14.5,20490173#0_0,0.0,0.0,1239.0,510,8.0,291.94753778599,16.790896382944,28.51912317271,20.446956484383,0.0,0.0,0.0,5,5,5,5,5,5,5,5,5,5,5,5,5,5,5,0,5
1240.0,510,-0.488837,38.338604,118.34,14.2,2.6,:2567888438_0_0,0.0,0.0,1240.0,510,10.0,305.32858085136,18.218372584165,27.905351575166,20.666239149551,0.0,0.0,0.0,5,5,5,5,5,5,5,5,5,5,5,5,5,5,5,0,5
1241.0,510,-0.488697,38.33854,118.35,14.09,11.69,20490173#1_0,0.0,0.0,1241.0,510,5.0,319.67408551879,8.425710402434,25.050407542234,13.87297352386,0.0,0.0,0.0,5,5,5,5,5,5,5,5,5,5,5,5,5,5,5,0,5
1242.0,510,-0.488567,38.338479,119.67,13.24,8.86,:254093823_5_0,0.0,0.0,1242.0,510,9.0,334.30058247625,16.141614790219,35.634426149839,18.12043266954,0.0,0.0,0.0,5,5,5,5,5,5,5,5,5,5,5,5,5,5,5,0,5
1243.0,510,-0.48843,38.338411,121.05,14.19,13.48,20490173#2_0,0.0,0.0,1243.0,510,5.0,348.35299080328,7.7308291894384995,28.668528081009,13.178092310865004,0.0,0.0,0.0,5,5,5,5,5,5,5,5,5,5,5,5,5,5,5,0,5
1244.0,510,-0.488304,38.338347,121.05,13.09,26.57,20490173#2_0,0.0,0.0,1244.0,510,6.0,359.17709486283,9.6059881086251,15.830364978651,15.053251230050998,0.0,0.0,0.0,5,5,5,5,5,5,5,5,5,5,5,5,5,5,5,0,5
1245.0,510,-0.488163,38.338299,99.67,13.67,40.24,20490173#2_0,0.0,0.0,1245.0,510,4.0,365.16562869515,3.0662455344497,10.37142402164,6.7536741372732,0.0,0.0,0.0,5,5,5,5,5,5,5,5,5,5,5,5,5,5,5,0,5
1246.0,510,-0.488007,38.338318,63.26,14.25,54.49,20490173#2_0,0.0,0.0,1246.0,510,10.0,370.00605244692,18.001519478664,35.176328666232,19.980337357985,0.0,0.0,0.0,5,5,5,5,5,5,5,5,5,5,5,5,5,5,5,0,5
1247.0,510,-0.48785,38.33832,96.68,13.98,6.51,23463199#0_0,0.0,0.0,1247.0,510,7.0,375.31150030965,11.240560445500998,22.676113559759,16.687823566927,0.0,0.0,0.0,5,5,5,5,5,5,5,5,5,5,5,5,5,5,5,0,5
1248.0,510,-0.487699,38.338276,117.64,14.25,20.76,23463199#0_0,0.0,0.0,1248.0,510,4.0,381.30294315388,5.1682767450813,17.895198866484,8.8557053479048,0.0,0.0,0.0,5,5,5,5,5,5,5,5,5,5,5,5,5,5,5,0,5
1249.0,510,-0.487563,38.338215,119.27,13.72,34.48,23463199#0_0,0.0,0.0,1249.0,510,5.0,385.89419545764,8.1279297164733,6.4580366338914,13.575192837899,0.0,0.0,0.0,5,5,5,5,5,5,5,5,5,5,5,5,5,5,5,0,5
1250.0,510,-0.487437,38.338141,125.3,13.74,48.22,23463199#0_0,0.0,0.0,1250.0,510,3.0,389.21685599694,-0.65539497559216,21.708438819774,4.0919769897009,0.0,0.0,0.0,5,5,5,5,5,5,5,5,5,5,5,5,5,5,5,0,5
1251.0,510,-0.487327,38.338054,138.27,13.69,61.91,23463199#0_0,0.0,0.0,1251.0,510,10.0,392.7359652198,18.449586920588,10.312682480704,20.428404799909,0.0,0.0,0.0,5,5,5,5,5,5,5,5,5,5,5,5,5,5,5,0,5
1252.0,510,-0.487231,38.337951,143.35,14.23,76.14,23463199#0_0,0.0,0.0,1252.0,510,4.0,387.8786063261,2.3556515650759,14.907262159296002,6.0430801678993005,0.0,0.0,0.0,5,5,5,5,5,5,5,5,5,5,5,5,5,5,5,0,5
1253.0,510,-0.487149,38.337858,143.35,12.49,88.63,23463199#0_0,0.0,8.0,1253.0,510,7.0,391.20608998713,11.599766633068,20.427657116156,17.047029754494,0.0,0.0,0.0,5,5,5,5,5,5,5,5,5,5,5,5,5,5,-1,0,5
1254.0,510,-0.487093,38.337796,143.35,8.44,97.07,23463199#0_0,0.0,8.0,1254.0,510,12.0,392.36962358382,24.637657634244,18.578065782632,26.616475513565,0.0,0.0,0.0,5,5,5,5,5,5,5,5,5,5,5,5,-1,5,-1,0,5
1255.0,510,-0.487021,38.337719,141.4,10.69,6.24,:445916455_3_0,0.0,0.0,1255.0,510,2.0,385.57848588318,-2.085710423421,22.324788773553,-0.1918667685418,0.0,0.0,0.0,5,5,5,5,5,5,5,5,5,5,-1,5,-1,5,-1,0,5
1256.0,510,-0.486932,38.337628,140.06,12.72,8.56,23463199#1_0,0.0,0.0,1256.0,510,13.0,378.88855000261,28.866036209196,21.702094493022,26.182383910547667,0.0,0.0,0.0,5,5,5,5,5,5,5,5,-1,5,-1,5,-1,5,-1,0,5
1257.0,510,-0.486834,38.337531,140.06,13.78,22.34,23463199#1_0,0.0,0.0,1257.0,510,8.0,372.7031626548,13.916511111009,18.187524502462,19.363774232436,0.0,0.0,0.0,5,5,5,5,5,5,-1,5,-1,5,-1,5,-1,5,-1,0,5
1258.0,510,-0.486738,38.337435,140.06,13.52,35.87,23463199#1_0,0.0,0.0,1258.0,510,5.0,367.07593844257,3.5935400187229,34.95044598321,9.0408031401489,0.0,0.0,0.0,5,5,5,5,-1,5,-1,5,-1,5,-1,5,-1,5,-1,0,5
1259.0,510,-0.486646,38.337342,141.4,13.13,49.0,23463199#1_0,0.0,0.0,1259.0,510,5.0,362.05961760423,8.5452455925704,23.02677165464,13.992508713995996,0.0,0.0,0.0,5,5,-1,5,-1,5,-1,5,-1,5,-1,5,-1,5,-1,0,5
1519.0,759,-0.484737,38.348124,66.25,2.61,7.71,20490215#0_0,0.0,8.0,1519.0,759,12.0,207.41499773791,23.494280233993,13.344551396237,21.510326052482,0.0,0.0,0.0,4,-1,4,-1,4,-1,4,-1,4,-1,4,-1,4,-1,4,0,4
1520.0,759,-0.484733,38.348125,66.25,0.37,8.09,20490215#0_0,0.0,8.0,1520.0,759,11.0,208.61486662413,20.849082231955,26.489129458714,18.865128050444,0.0,0.0,0.0,4,4,4,-1,4,-1,4,-1,4,-1,4,-1,4,-1,4,0,4
1521.0,759,-0.484732,38.348125,66.25,0.05,8.13,20490215#0_0,0.0,8.0,1521.0,759,10.0,208.93373425065,19.084988698674,26.465714548697,23.688063520661,0.0,0.0,0.0,4,4,4,4,4,-1,4,-1,4,-1,4,-1,4,-1,4,0,4
1522.0,759,-0.484732,38.348125,66.25,0.01,8.15,20490215#0_0,0.0,8.0,1522.0,759,10.0,209.05220570698,19.076298272438,26.45702412246,23.679373094425,0.0,0.0,0.0,4,4,4,4,4,4,4,-1,4,-1,4,-1,4,-1,4,0,4
1523.0,759,-0.484732,38.348125,66.25,0.01,8.16,20490215#0_0,0.0,8.0,1523.0,759,10.0,209.06011562778,19.075718218764,26.456444068787,23.678793040751,0.0,0.0,0.0,4,4,4,4,4,4,4,4,4,-1,4,-1,4,-1,4,0,4
1524.0,759,-0.484732,38.348125,66.25,0.0,8.16,20490215#0_0,0.0,8.0,1524.0,759,10.0,209.06058441143,19.075683842411,26.456409692434004,23.678758664398,0.0,0.0,0.0,4,4,4,4,4,4,4,4,4,4,4,-1,4,-1,4,0,4
1525.0,759,-0.484732,38.348125,66.25,0.0,8.16,20490215#0_0,0.0,8.0,1525.0,759,10.0,209.06058441143,19.075683842411,26.456409692434,23.678758664398,0.0,0.0,0.0,4,4,4,4,4,4,4,4,4,4,4,4,4,-1,4,0,4
1526.0,759,-0.484732,38.348125,66.25,0.0,8.16,20490215#0_0,0.0,8.0,1526.0,759,10.0,209.06058441143,19.075683842411,26.456409692434004,23.678758664398,0.0,0.0,0.0,4,4,4,4,4,4,4,4,4,4,4,4,4,4,4,0,4
1527.0,759,-0.484732,38.348125,66.25,0.0,8.16,20490215#0_0,0.0,8.0,1527.0,759,10.0,209.06058441143,19.075683842411,26.456409692434004,23.678758664398,0.0,0.0,0.0,4,4,4,4,4,4,4,4,4,4,4,4,4,4,4,0,4
1528.0,759,-0.484732,38.348125,66.25,0.0,8.16,20490215#0_0,0.0,8.0,1528.0,759,10.0,209.06064684235,19.075679264298,26.456405114321,23.678758664398,0.0,0.0,0.0,4,4,4,4,4,4,4,4,4,4,4,4,4,4,4,0,4
1529.0,759,-0.484732,38.348125,66.25,0.0,8.16,20490215#0_0,0.0,8.0,1529.0,759,10.0,209.06064684235,19.075679264298,26.456405114321,23.678758664398,0.0,0.0,0.0,4,4,4,4,4,4,4,4,4,4,4,4,4,4,4,0,4
1530.0,759,-0.484732,38.348125,66.25,0.0,8.16,20490215#0_0,0.0,8.0,1530.0,759,10.0,209.06064684235,19.075679264298,26.456405114321,23.678754086285,0.0,0.0,0.0,4,4,4,4,4,4,4,4,4,4,4,4,4,4,4,0,4
1531.0,759,-0.484712,38.348132,66.25,1.93,10.09,20490215#0_0,0.0,0.0,1531.0,759,10.0,209.06064684235,19.075679264298,26.456405114321,23.678754086285,0.0,0.0,0.0,4,4,4,4,4,4,4,4,4,4,4,4,4,4,4,0,4
1532.0,759,-0.484666,38.348147,66.25,4.34,14.43,20490215#0_0,0.0,0.0,1532.0,759,13.0,209.8619606289,27.837780849142,37.841493418514,25.853826667631,0.0,0.0,0.0,4,4,4,4,4,4,4,4,4,4,4,4,4,4,6,0,4
1533.0,759,-0.484598,38.348169,65.28,6.32,4.09,:4113864971_1_0,0.0,0.0,1533.0,759,13.0,211.24143901645,28.527343490274,35.573799372927,26.543389308763,0.0,0.0,0.0,4,4,4,4,4,4,4,4,4,4,4,4,6,4,6,0,4
1534.0,759,-0.484512,38.3482,63.47,8.22,6.12,20490215#1_0,0.0,1.0,1534.0,759,12.0,213.90312250134,25.276473525724,42.121997295437,23.292519344213,0.0,0.0,0.0,4,4,4,4,4,4,4,4,4,4,6,4,6,4,6,0,4
1535.0,759,-0.48441,38.348238,63.47,9.88,16.01,20490215#1_0,0.0,1.0,1535.0,759,12.0,217.8115168902,28.492331309945,29.568968896366,23.292519344213,0.0,0.0,0.0,4,4,4,4,4,4,4,4,6,4,6,4,6,4,6,0,4
1536.0,759,-0.484289,38.348282,63.47,11.58,27.59,20490215#1_0,0.0,1.0,1536.0,759,12.0,223.12739180514,9.08020968849,12.678615013072,23.292519344213,0.0,0.0,0.0,4,4,4,4,4,4,6,4,6,4,6,4,6,4,6,0,4
1537.0,759,-0.484157,38.348333,61.95,12.85,40.44,20490215#1_0,0.0,1.0,1537.0,759,12.0,229.92017112813,20.158609931469,30.905162351982,23.292519344213,0.0,0.0,0.0,4,4,4,4,6,4,6,4,6,4,6,4,6,4,6,1,6
1538.0,759,-0.484018,38.348388,61.95,13.5,53.94,20490215#1_0,0.0,1.0,1538.0,759,12.0,237.53688516922,18.716133083722,26.228210071468,23.292519344213,0.0,0.0,0.0,4,4,6,4,6,4,6,4,6,4,6,4,6,4,6,2,6
1539.0,759,-0.483888,38.348456,54.69,13.62,0.41,:242286758_2_0,0.0,1.0,1539.0,759,13.0,191.84034795679,26.960560824678,26.739032005945,24.976606643166,0.0,0.0,0.0,6,4,6,4,6,4,6,4,6,4,6,4,6,4,6,2,6
1540.0,759,-0.483868,38.348376,193.41,12.85,6.03,-364387181#0_0,0.0,0.0,1540.0,759,11.0,180.71276801760004,20.544663602313,15.675679452722996,18.560709420801,0.0,0.0,0.0,6,6,6,4,6,4,6,4,6,4,6,4,6,4,6,0,6
1541.0,759,-0.48391,38.348254,193.74,14.03,20.05,-364387181#0_0,0.0,0.0,1541.0,759,11.0,170.79805695898003,22.476129194627003,27.482079818117,20.492175013115,0.0,0.0,0.0,6,6,6,6,6,4,6,4,6,4,6,4,6,4,6,0,6
1542.0,759,-0.483952,38.348138,194.4,13.42,33.48,-364387181#0_0,0.0,0.0,1542.0,759,14.0,171.0038069219,34.293887428912,17.663376042851,32.3099332474,0.0,0.0,0.0,6,6,6,6,6,6,6,4,6,4,6,4,6,4,6,0,6
1543.0,759,-0.483984,38.348053,195.14,9.87,43.35,-364387181#0_0,0.0,8.0,1543.0,759,14.0,175.35401958539,35.343035696458,36.147762638827,33.359081514947,0.0,0.0,0.0,6,6,6,6,6,6,6,6,6,4,6,4,6,4,6,0,6
1544.0,759,-0.484003,38.348005,196.54,5.52,5.23,:242286744_0_0,0.0,8.0,1544.0,759,13.0,180.33645579958,28.520182304029003,32.755254381084,26.536228122518,0.0,0.0,0.0,6,6,6,6,6,6,6,6,6,6,6,4,6,4,6,0,6
1545.0,759,-0.484027,38.347948,196.53,6.7,0.19,89815317#0_0,0.0,0.0,1545.0,759,13.0,185.75297538503,27.022207483594,29.903440486698,25.038253302083,0.0,0.0,0.0,6,6,6,6,6,6,6,6,6,6,6,6,6,4,6,0,6
1546.0,759,-0.484054,38.347942,327.21,8.09,3.68,:4573977054_0_0,0.0,0.0,1546.0,759,11.0,189.4970541457,21.975271619941,23.78910075549,19.99131743843,0.0,0.0,0.0,6,6,6,6,6,6,6,6,6,6,6,6,6,6,6,0,6
1547.0,759,-0.484084,38.348026,342.91,9.68,13.36,:4573977054_0_0,0.0,0.0,1547.0,759,12.0,194.24998881046,23.240012715717,23.32160131809,21.256058534205,0.0,0.0,0.0,6,6,6,6,6,6,6,6,6,6,6,6,6,6,6,0,6
1548.0,759,-0.484119,38.348127,342.91,11.63,24.99,:4573977054_0_0,0.0,0.0,1548.0,759,12.0,196.70937566094,24.182298624529,31.996313937886,22.198344443018,0.0,0.0,0.0,6,6,6,6,6,6,6,6,6,6,6,6,6,6,6,0,6
1549.0,759,-0.484161,38.348245,342.91,13.59,38.58,:4573977054_0_0,0.0,0.0,1549.0,759,10.0,197.02790666986,17.770775634117,24.40038824791,22.373850456104,0.0,0.0,0.0,6,6,6,6,6,6,6,6,6,6,6,6,6,6,6,0,6
1550.0,759,-0.48413,38.348143,165.08,13.58,12.63,89815317#1_0,0.0,0.0,1550.0,759,13.0,196.77512062841,29.469789658089,26.248781698066,27.485835476578,0.0,0.0,0.0,6,6,6,6,6,6,6,6,6,6,6,6,6,6,6,0,6
1551.0,759,-0.484094,38.348022,165.08,13.76,26.39,89815317#1_0,0.0,0.0,1551.0,759,9.0,196.85517768553,16.988349324074,22.913252744953,15.004395142563,0.0,0.0,0.0,6,6,6,6,6,6,6,6,6,6,6,6,6,6,6,0,6
1552.0,759,-0.484059,38.347906,165.08,13.23,39.61,89815317#1_0,0.0,0.0,1552.0,759,14.0,197.57504384947,35.00263570992,27.339457840989,33.018681528409,0.0,0.0,0.0,6,6,6,6,6,6,6,6,6,6,6,6,6,6,6,0,6
1553.0,759,-0.484022,38.347784,165.08,13.9,53.52,89815317#1_0,0.0,0.0,1553.0,759,8.0,197.90545891111,13.681958211711,32.246761579116,17.883129119842,0.0,0.0,0.0,6,6,6,6,6,6,6,6,6,6,6,6,6,6,6,0,6
1554.0,759,-0.483986,38.347664,165.14,13.75,67.26,89815317#1_0,0.0,1.0,1554.0,759,12.0,197.55220159762,25.28846949409,28.600774639777,23.304515312579,0.0,0.0,0.0,6,6,6,6,6,6,6,6,6,6,6,6,6,6,6,0,6
1555.0,759,-0.483948,38.347543,163.45,13.85,81.11,89815317#1_0,0.0,1.0,1555.0,759,8.0,197.8155192942,14.291298864462,28.966038089717,15.854213387277,0.0,0.0,0.0,6,6,6,6,6,6,6,6,6,6,6,6,6,6,6,0,6
1556.0,759,-0.483865,38.347446,127.06,13.6,94.7,89815317#1_0,0.0,1.0,1556.0,759,11.0,198.75004856577,22.657628367226,29.201769067921,20.673674185715,0.0,0.0,0.0,6,6,6,6,6,6,6,6,6,6,6,6,6,6,6,0,6
1557.0,759,-0.483727,38.347381,118.87,14.06,108.77,89815317#1_0,0.0,1.0,1557.0,759,7.0,200.3609592882,12.386050290053,32.192616161624,16.587221198185,0.0,0.0,0.0,6,6,6,6,6,6,6,6,6,6,6,6,6,6,6,0,6
1558.0,759,-0.483596,38.347321,118.87,13.23,122.0,89815317#1_0,0.0,1.0,1558.0,759,7.0,202.6997603047,17.240062287335,32.224317050729,16.587221198185,0.0,0.0,0.0,6,6,6,6,6,6,6,6,6,6,6,6,6,6,6,0,6
1559.0,759,-0.483473,38.347257,126.85,12.95,134.95,89815317#1_0,0.0,1.0,1559.0,759,12.0,205.7486409743,25.630685239055,23.998866316258,23.646731057544,0.0,0.0,0.0,6,6,6,6,6,6,6,6,6,6,6,6,6,6,6,0,6
1560.0,759,-0.483361,38.347181,129.39,12.9,147.85,89815317#1_0,0.0,1.0,1560.0,759,10.0,208.73250509722,19.570250114601,48.10176951060899,17.586295933089,0.0,0.0,0.0,6,6,6,6,6,6,6,6,6,6,6,6,6,6,6,0,6
1561.0,759,-0.483238,38.347113,116.87,13.2,161.05,89815317#1_0,0.0,1.0,1561.0,759,11.0,206.4091210127,22.228776789288,21.347211680582,20.244822607777,0.0,0.0,0.0,6,6,6,6,6,6,6,6,6,6,6,6,6,6,6,0,6
1562.0,759,-0.483296,38.347049,249.5,13.76,6.49,40062538_0,0.0,1.0,1562.0,759,7.0,202.02905735611,13.055481842233,20.762650276035,14.618396365049,0.0,0.0,0.0,6,6,6,6,6,6,6,6,6,6,6,6,6,6,6,0,6
1563.0,759,-0.483442,38.347068,287.0,13.18,19.67,40062538_0,0.0,1.0,1563.0,759,12.0,198.10404150618,24.241286699939,22.182940176387,22.257332518428,0.0,0.0,0.0,6,6,6,6,6,6,6,6,6,6,6,6,6,6,6,0,6
1564.0,759,-0.483582,38.347114,291.45,13.25,32.92,40062538_0,0.0,1.0,1564.0,759,6.0,195.0151178996,10.520544605237,24.288357497073,8.2115982002674,0.0,0.0,0.0,6,6,6,6,6,6,6,6,6,6,6,6,6,6,6,0,6
1565.0,759,-0.483731,38.347161,290.23,13.98,46.9,40062538_0,0.0,1.0,1565.0,759,12.0,194.31461938795,25.048256119951,40.99702432962,23.06430193844,0.0,0.0,0.0,6,6,6,6,6,6,6,6,6,6,6,6,6,6,6,0,6
1566.0,759,-0.483884,38.347185,266.79,14.0,60.89,40062538_0,0.0,1.0,1566.0,759,7.0,194.50339196325,10.753518176802,32.99426415242,14.954689084933,0.0,0.0,0.0,6,6,6,6,6,6,6,6,6,6,6,6,6,6,6,0,6
1567.0,759,-0.484027,38.347183,290.54,13.31,5.83,:241745896_0_0,0.0,1.0,1567.0,759,6.0,195.64773566419,10.005214750607,21.139419335172,11.314775070845,0.0,0.0,0.0,6,6,6,6,6,6,6,6,6,6,6,6,6,6,6,0,6
1568.0,759,-0.484122,38.347275,320.04,13.23,0.46,22529889#1_0,0.0,0.0,1568.0,759,13.0,204.55331663135,28.978689604846,22.464233041438,26.994735423334003,0.0,0.0,0.0,6,6,6,6,6,6,6,6,6,6,6,6,6,6,6,0,6
1569.0,759,-0.484215,38.347368,320.12,13.1,13.56,22529889#1_0,0.0,0.0,1569.0,759,13.0,209.25258608355,28.308615813997005,34.198345978281,26.324661632485,0.0,0.0,0.0,6,6,6,6,6,6,6,6,6,6,6,6,6,6,6,0,6
1570.0,759,-0.484315,38.347467,320.12,14.02,27.57,22529889#1_0,0.0,0.0,1570.0,759,9.0,212.86482999324,15.766230724543,51.256960510238,20.36930554653,0.0,0.0,0.0,6,6,6,6,6,6,6,6,6,6,6,6,6,6,6,0,6
1571.0,759,-0.484413,38.347564,320.12,13.83,41.4,22529889#1_0,0.0,0.0,1571.0,759,13.0,217.3353913001,27.039989588559,28.216163160024,25.056035407046995,0.0,0.0,0.0,6,6,6,6,6,6,6,6,6,6,6,6,6,6,6,0,6
1572.0,759,-0.484515,38.347647,304.13,13.02,4.86,:4573977047_0_0,0.0,0.0,1572.0,759,11.0,223.12343505379,20.750449654187,31.01762683808,18.766495472676,0.0,0.0,0.0,6,6,6,6,6,6,6,6,6,6,6,6,6,6,6,0,6
1573.0,759,-0.48464,38.347708,300.2,12.85,3.2,:241745942_0_0,0.0,0.0,1573.0,759,10.0,232.8723101968,20.046701065178,39.444165427758,18.062746883667,0.0,0.0,0.0,6,6,6,6,6,6,6,6,6,6,6,6,6,6,4,0,6
1574.0,759,-0.484768,38.347758,310.0,13.01,0.2,:1240662283_0_0,0.0,0.0,1574.0,759,12.0,236.35953483227,23.439196220376,30.352489269271,21.455242038865,0.0,0.0,0.0,6,6,6,6,6,6,6,6,6,6,6,6,4,6,4,0,6
1575.0,759,-0.484798,38.347868,346.25,12.52,1.15,44883810#9_0,0.0,0.0,1575.0,759,12.0,236.80626724289,24.906683900106,28.406832335742,21.455242038865,0.0,0.0,0.0,6,6,6,6,6,6,6,6,6,6,4,6,4,6,4,0,6
1576.0,759,-0.484826,38.347963,344.28,10.84,11.99,44883810#9_0,0.0,8.0,1576.0,759,11.0,237.86871879877,20.328947468983,30.373826724205,24.93202229097,0.0,0.0,0.0,6,6,6,6,6,6,6,6,4,6,4,6,4,6,4,0,6
1577.0,759,-0.484845,38.348018,343.96,6.34,18.34,44883810#9_0,0.0,8.0,1577.0,759,10.0,239.38995185851,18.356012542497,24.089679888781,22.959087364483,0.0,0.0,0.0,6,6,6,6,6,6,4,6,4,6,4,6,4,6,4,0,6
1578.0,759,-0.484867,38.348089,344.64,8.09,4.17,:219237916_1_0,0.0,0.0,1578.0,759,4.0,241.38020851733003,5.0223327396818,31.801559703127,5.4029576943886,0.0,0.0,0.0,6,6,6,6,4,6,4,6,4,6,4,6,4,6,4,1,4
1579.0,759,-0.484874,38.348132,351.52,4.85,9.02,:219237916_1_0,0.0,8.0,1579.0,759,10.0,244.17417587729,19.593040566289,13.5286575648,17.609086384777,0.0,0.0,0.0,6,6,4,6,4,6,4,6,4,6,4,6,4,6,4,2,4
1580.0,759,-0.484932,38.348148,263.33,7.28,1.46,20490214#0_1,0.0,0.0,1580.0,759,11.0,249.61913372802,20.166705671059,30.131144825971,24.769780493046,0.0,0.0,0.0,4,6,4,6,4,6,4,6,4,6,4,6,4,6,4,2,4
1581.0,759,-0.485032,38.348114,245.02,9.58,11.04,20490214#0_1,0.0,0.0,1581.0,759,8.0,238.30973871339,14.824938432078,44.78065923602,16.387852954894,0.0,0.0,0.0,4,4,4,6,4,6,4,6,4,6,4,6,4,6,4,0,4
1582.0,759,-0.485147,38.348074,244.14,11.0,6.45,20490214#1_1,0.0,0.0,1582.0,759,7.0,228.05872372091,13.378412039681,27.290960518978,14.941326562497002,0.0,0.0,0.0,4,4,4,4,4,6,4,6,4,6,4,6,4,6,4,0,4
1583.0,759,-0.485286,38.348024,244.14,13.38,19.83,20490214#1_1,0.0,0.0,1583.0,759,8.0,218.48997127868,13.975342327428,42.09155035317,18.17651323556,0.0,0.0,0.0,4,4,4,4,4,4,4,6,4,6,4,6,4,6,4,0,4
1584.0,759,-0.485385,38.347989,244.14,9.48,29.31,20490214#1_1,0.0,8.0,1584.0,759,10.0,210.95386612515,19.894464278798,31.523237382926,17.910510097286,0.0,0.0,0.0,4,4,4,4,4,4,4,4,4,6,4,6,4,6,4,0,4
1585.0,759,-0.485443,38.347969,244.14,5.55,34.86,20490214#1_1,0.0,8.0,1585.0,759,10.0,206.82766387597,32.272215939731,28.588011475786,17.910510097286,0.0,0.0,0.0,4,4,4,4,4,4,4,4,4,4,4,6,4,6,4,0,4
1586.0,759,-0.485472,38.347958,244.14,2.82,37.68,20490214#1_1,0.0,8.0,1586.0,759,11.0,201.05198744103,21.889253489467,27.041857080352,19.905299307956,0.0,0.0,0.0,4,4,4,4,4,4,4,4,4,4,4,4,4,6,4,0,4
1587.0,759,-0.485478,38.347956,244.1,0.59,0.25,20490214#2_1,0.0,8.0,1587.0,759,14.0,198.776711315,44.73712551864,28.155134727578,28.017011951237,0.0,0.0,0.0,4,4,4,4,4,4,4,4,4,4,4,4,4,4,4,0,4
1588.0,759,-0.485478,38.347956,244.09,0.05,0.3,20490214#2_1,0.0,8.0,1588.0,759,12.0,194.5404423789,23.891696011445003,40.441135882191,21.907741829934,0.0,0.0,0.0,4,4,4,4,4,4,4,4,4,4,4,4,4,4,4,0,4
1589.0,759,-0.485478,38.347956,244.09,0.0,0.31,20490214#2_1,0.0,8.0,1589.0,759,12.0,191.14014950198,25.289377138672,20.064216155632,21.907741829934,0.0,0.0,0.0,4,4,4,4,4,4,4,4,4,4,4,4,4,4,4,0,4
1590.0,759,-0.485478,38.347956,244.09,0.0,0.31,20490214#2_1,0.0,8.0,1590.0,759,5.0,187.11564738347,7.6397813333533,27.261155898918,9.2026958561691,0.0,0.0,0.0,4,4,4,4,4,4,4,4,4,4,4,4,4,4,4,0,4
1591.0,759,-0.485478,38.347956,244.09,0.0,0.31,20490214#2_1,0.0,8.0,1591.0,759,8.0,182.90741349849,13.605189760179,23.912852742185,17.80636066831,0.0,0.0,0.0,4,4,4,4,4,4,4,4,4,4,4,4,4,4,4,0,4
1592.0,759,-0.485478,38.347956,244.09,0.0,0.31,20490214#2_1,0.0,8.0,1592.0,759,12.0,178.58019128048,26.213417351012,35.120078859433,24.2294631695,0.0,0.0,0.0,4,4,4,4,4,4,4,4,4,4,4,4,4,4,4,0,4
1593.0,759,-0.485478,38.347956,244.09,0.0,0.31,20490214#2_1,0.0,8.0,1593.0,759,11.0,176.18860830313,21.974355865954,42.286575710869,19.990401684443,0.0,0.0,0.0,4,4,4,4,4,4,4,4,4,4,4,4,4,4,4,0,4
1594.0,759,-0.485478,38.347956,244.09,0.0,0.31,20490214#2_1,0.0,8.0,1594.0,759,10.0,174.8487651104,18.563617844232,24.074529099965,23.166692666218,0.0,0.0,0.0,4,4,4,4,4,4,4,4,4,4,4,4,4,4,4,0,4
1595.0,759,-0.485478,38.347956,244.09,0.0,0.31,20490214#2_1,0.0,8.0,1595.0,759,11.0,174.56452542967,21.705157336165,28.01476480001,19.721203154654,0.0,0.0,0.0,4,4,4,4,4,4,4,4,4,4,4,4,4,4,4,0,4
1596.0,759,-0.485478,38.347956,244.09,0.0,0.31,20490214#2_1,0.0,8.0,1596.0,759,11.0,174.50257720339997,21.710598715107995,28.020206178953,19.726644533597,0.0,0.0,0.0,4,4,4,4,4,4,4,4,4,4,4,4,4,4,4,0,4
1597.0,759,-0.485478,38.347956,244.09,0.0,0.31,20490214#2_1,0.0,8.0,1597.0,759,11.0,174.48086616163997,21.71250621645,28.022113680295,19.728552034939,0.0,0.0,0.0,4,4,4,4,4,4,4,4,4,4,4,4,4,4,4,0,4
1598.0,759,-0.485478,38.347956,244.09,0.0,0.31,20490214#2_1,0.0,8.0,1598.0,759,11.0,174.47769291675,21.712785033127,28.022392496972,19.728552034939,0.0,0.0,0.0,4,4,4,4,4,4,4,4,4,4,4,4,4,4,4,0,4
1599.0,759,-0.485478,38.347956,244.09,0.0,0.31,20490214#2_1,0.0,8.0,1599.0,759,11.0,174.47727615868,21.712821651888,28.022429115733,19.728867470377,0.0,0.0,0.0,4,4,4,4,4,4,4,4,4,4,4,4,4,4,4,0,4
1600.0,759,-0.485478,38.347956,244.09,0.0,0.31,20490214#2_1,0.0,8.0,1600.0,759,11.0,174.47712412241,21.712835010691,28.022442474536,19.72888082918,0.0,0.0,0.0,4,4,4,4,4,4,4,4,4,4,4,4,4,4,4,0,4
1601.0,759,-0.485478,38.347956,244.09,0.0,0.31,20490214#2_1,0.0,8.0,1601.0,759,11.0,174.47708380397,21.712838553308,28.022446017153,19.728884371797,0.0,0.0,0.0,4,4,4,4,4,4,4,4,4,4,4,4,4,4,4,0,4
1602.0,759,-0.485478,38.347956,244.09,0.0,0.31,20490214#2_1,0.0,8.0,1602.0,759,11.0,174.47705952511,21.712840686594,28.022448150439,19.728886505083,0.0,0.0,0.0,4,4,4,4,4,4,4,4,4,4,4,4,4,4,4,0,4
1603.0,759,-0.485478,38.347956,244.09,0.0,0.31,20490214#2_1,0.0,8.0,1603.0,759,11.0,174.47705952511,21.712840686594,28.022448150439,19.728886505083,0.0,0.0,0.0,4,4,4,4,4,4,4,4,4,4,4,4,4,4,4,0,4
1604.0,759,-0.485478,38.347956,244.09,0.0,0.31,20490214#2_1,0.0,8.0,1604.0,759,11.0,174.47705952511,21.712840686594,28.022448150439,19.728886505083,0.0,0.0,0.0,4,4,4,4,4,4,4,4,4,4,4,4,4,4,4,0,4
1605.0,759,-0.485478,38.347956,244.09,0.0,0.31,20490214#2_1,0.0,8.0,1605.0,759,11.0,174.47705952511,21.712840686594,28.022448150439,19.728886505083,0.0,0.0,0.0,4,4,4,4,4,4,4,4,4,4,4,4,4,4,4,0,4
1606.0,759,-0.485478,38.347956,244.09,0.0,0.31,20490214#2_1,0.0,8.0,1606.0,759,11.0,174.47705952511,21.712840686594,28.022448150439,19.728886505083,0.0,0.0,0.0,4,4,4,4,4,4,4,4,4,4,4,4,4,4,4,0,4
1607.0,759,-0.485478,38.347956,244.09,0.0,0.31,20490214#2_1,0.0,8.0,1607.0,759,11.0,174.47705952511,21.712840686594,28.022448150439,19.728886505083,0.0,0.0,0.0,4,4,4,4,4,4,4,4,4,4,4,4,4,4,4,0,4
1608.0,759,-0.485478,38.347956,244.09,0.0,0.31,20490214#2_1,0.0,8.0,1608.0,759,11.0,174.47705952511,21.712840686594,28.022448150439,19.728886505083,0.0,0.0,0.0,4,4,4,4,4,4,4,4,4,4,4,4,4,4,4,0,4
1609.0,759,-0.485478,38.347956,244.09,0.0,0.31,20490214#2_1,0.0,8.0,1609.0,759,11.0,174.47705952511,21.712840686594,28.022448150439,19.728886505083,0.0,0.0,0.0,4,4,4,4,4,4,4,4,4,4,4,4,4,4,4,0,4
1610.0,759,-0.485478,38.347956,244.09,0.0,0.31,20490214#2_1,0.0,8.0,1610.0,759,11.0,174.47705952511,21.712840686594,28.022448150439,19.728886505083,0.0,0.0,0.0,4,4,4,4,4,4,4,4,4,4,4,4,4,4,4,0,4
1611.0,759,-0.485478,38.347956,244.09,0.0,0.31,20490214#2_1,0.0,8.0,1611.0,759,11.0,174.47705952511,21.712840686594,28.022448150439,19.728886505083,0.0,0.0,0.0,4,4,4,4,4,4,4,4,4,4,4,4,4,4,4,0,4
1612.0,759,-0.485478,38.347956,244.09,0.0,0.31,20490214#2_1,0.0,8.0,1612.0,759,11.0,174.47705952511,21.712840686594,28.022448150439,19.728886505083,0.0,0.0,0.0,4,4,4,4,4,4,4,4,4,4,4,4,4,4,4,0,4
1613.0,759,-0.485478,38.347956,244.09,0.0,0.31,20490214#2_1,0.0,8.0,1613.0,759,11.0,174.47705952511,21.712840686594,28.022448150439,19.728886505083,0.0,0.0,0.0,4,4,4,4,4,4,4,4,4,4,4,4,4,4,4,0,4
1614.0,759,-0.485478,38.347956,244.09,0.0,0.31,20490214#2_1,0.0,8.0,1614.0,759,11.0,174.47705952511,21.712840686594,28.022448150439,19.728886505083,0.0,0.0,0.0,4,4,4,4,4,4,4,4,4,4,4,4,4,4,4,0,4
1615.0,759,-0.485478,38.347956,244.09,0.0,0.31,20490214#2_1,0.0,8.0,1615.0,759,11.0,174.47705952511,21.712840686594,28.022448150439,19.728886505083,0.0,0.0,0.0,4,4,4,4,4,4,4,4,4,4,4,4,4,4,4,0,4
1616.0,759,-0.485478,38.347956,244.09,0.0,0.31,20490214#2_1,0.0,8.0,1616.0,759,11.0,174.47705952511,21.712840686594,28.022448150439,19.728886505083,0.0,0.0,0.0,4,4,4,4,4,4,4,4,4,4,4,4,4,4,4,0,4
1617.0,759,-0.485478,38.347956,244.09,0.0,0.31,20490214#2_1,0.0,8.0,1617.0,759,11.0,174.47705952511,21.712840686594,28.022448150439,19.728886505083,0.0,0.0,0.0,4,4,4,4,4,4,4,4,4,4,4,4,4,4,4,0,4
1618.0,759,-0.485478,38.347956,244.09,0.0,0.31,20490214#2_1,0.0,8.0,1618.0,759,11.0,174.47705952511,21.712840686594,28.022448150439,19.728886505083,0.0,0.0,0.0,4,4,4,4,4,4,4,4,4,4,4,4,4,4,4,0,4
1619.0,759,-0.485478,38.347956,244.09,0.0,0.31,20490214#2_1,0.0,8.0,1619.0,759,11.0,174.47705952511,21.712840686594,28.022448150439,19.728886505083,0.0,0.0,0.0,4,4,4,4,4,4,4,4,4,4,4,4,4,4,4,0,4
1620.0,759,-0.485478,38.347956,244.09,0.0,0.31,20490214#2_1,0.0,8.0,1620.0,759,11.0,174.47705952511,21.712840686594,28.022448150439,19.728886505083,0.0,0.0,0.0,4,4,4,4,4,4,4,4,4,4,4,4,4,4,4,0,4
1621.0,759,-0.485488,38.347952,243.9,0.88,1.19,20490214#2_1,0.0,0.0,1621.0,759,11.0,174.47705952511,21.712840686594,28.022448150439,19.728886505083,0.0,0.0,0.0,4,4,4,4,4,4,4,4,4,4,4,4,4,4,4,0,4
1622.0,759,-0.485518,38.347941,243.25,2.97,4.16,20490214#2_1,0.0,0.0,1622.0,759,8.0,174.13763805052,13.890972459937,28.779169951054,18.092143368069,0.0,0.0,0.0,4,4,4,4,4,4,4,4,4,4,4,4,4,4,4,0,4
1623.0,759,-0.485571,38.347921,243.06,5.1,0.46,:237234921_0_1,0.0,0.0,1623.0,759,5.0,173.56517301641,6.2523298599097,34.972901282602,10.453500768041,0.0,0.0,0.0,4,4,4,4,4,4,4,4,4,4,4,4,4,4,4,0,4
1624.0,759,-0.485644,38.347894,243.1,7.08,7.53,:237234921_0_1,0.0,0.0,1624.0,759,12.0,172.64975525708,23.657529818309,32.954885589762,21.673575636798,0.0,0.0,0.0,4,4,4,4,4,4,4,4,4,4,4,4,4,4,4,0,4
1625.0,759,-0.485744,38.347857,243.12,9.64,5.82,44579181_1,0.0,0.0,1625.0,759,8.0,171.72158759101,14.550688299376,28.962967874048,15.860248619612998,0.0,0.0,0.0,4,4,4,4,4,4,4,4,4,4,4,4,4,4,4,0,4
1626.0,759,-0.485866,38.347811,243.12,11.77,17.59,44579181_1,0.0,0.0,1626.0,759,14.0,170.94625706773,42.907848469177,30.877246114445,40.923894287666,0.0,0.0,0.0,4,4,4,4,4,4,4,4,4,4,4,4,4,4,4,0,4
1627.0,759,-0.485997,38.347763,243.12,12.67,30.26,44579181_1,0.0,0.0,1627.0,759,14.0,170.5714521772,32.909481083628,26.051069909233,40.923894287666,0.0,0.0,0.0,4,4,4,4,4,4,4,4,4,4,4,4,4,4,4,0,4
1628.0,759,-0.486151,38.347705,243.14,14.99,1.09,89546442#0_1,0.0,0.0,1628.0,759,10.0,170.99732303534,19.154164290479,32.717599278898,23.757239112466,0.0,0.0,0.0,4,4,4,4,4,4,4,4,4,4,4,4,4,4,4,0,4
1629.0,759,-0.486331,38.347638,243.12,17.36,18.45,89546442#0_1,0.0,0.0,1629.0,759,10.0,172.64559704536,17.331042830836,42.312779189719,23.757239112466,0.0,0.0,0.0,4,4,4,4,4,4,4,4,4,4,4,4,4,4,4,0,4
1630.0,759,-0.486534,38.347564,243.7,19.55,11.57,89546442#1_1,0.0,1.0,1630.0,759,12.0,176.02007025948,23.938168904753,26.158380614696,21.954214723241005,0.0,0.0,0.0,4,4,4,4,4,4,4,4,4,4,4,4,4,4,1,0,4
1631.0,759,-0.486755,38.347483,243.7,21.33,32.9,89546442#1_1,0.0,0.0,1631.0,759,10.0,181.67004534022,18.091618712216,26.693417234453005,22.694693534203,0.0,0.0,0.0,4,4,4,4,4,4,4,4,4,4,4,4,1,4,1,0,4
1632.0,759,-0.487001,38.347392,242.81,23.79,14.41,89546442#2_1,0.0,0.0,1632.0,759,4.0,189.77125876942,3.9318396524819,39.598040786291,9.0546262622585,0.0,0.0,0.0,4,4,4,4,4,4,4,4,4,4,1,4,1,4,1,0,4
1633.0,759,-0.487267,38.347291,242.81,25.81,40.22,89546442#2_1,0.0,0.0,1633.0,759,11.0,200.65814319129,21.929091272875,37.899210383829,19.945137091364,0.0,0.0,0.0,4,4,4,4,4,4,4,4,1,4,1,4,1,4,1,0,4
1634.0,759,-0.487555,38.347183,242.93,27.94,18.87,89546442#3_1,0.0,0.0,1634.0,759,8.0,214.31731708423,14.015626813594002,28.085836878384,15.57854133641,0.0,0.0,0.0,4,4,4,4,4,4,1,4,1,4,1,4,1,4,1,0,4
1635.0,759,-0.48784,38.347109,243.09,26.0,1.57,:237215272_0_0,0.0,1.0,1635.0,759,6.0,229.73172752808,9.6553803726044,29.224333310434,11.21829489542,0.0,0.0,0.0,4,4,4,4,1,4,1,4,1,4,1,4,1,4,1,1,1
1636.0,759,-0.488125,38.347006,243.95,27.44,22.74,89546442#4_0,0.0,0.0,1636.0,759,12.0,246.60800996477,23.494256973305,24.217171763585,21.510302791794,0.0,0.0,0.0,4,4,1,4,1,4,1,4,1,4,1,4,1,4,1,2,1
1637.0,759,-0.488413,38.3469,241.83,27.73,13.85,89546442#5_0,0.0,0.0,1637.0,759,13.0,225.37036448324,28.753751511756,24.69825156302,26.769797330245,0.0,0.0,0.0,1,4,1,4,1,4,1,4,1,4,1,4,1,4,1,2,1
1638.0,759,-0.488692,38.34679,242.33,27.34,3.07,:238093809_1_0,0.0,0.0,1638.0,759,10.0,201.7446248569,18.020051035976,64.455096012592,22.623125857963,0.0,0.0,0.0,1,1,1,4,1,4,1,4,1,4,1,4,1,4,1,0,1
1639.0,759,-0.488982,38.346683,243.39,28.03,14.04,89546442#7_0,0.0,0.0,1639.0,759,10.0,177.50549735661,18.747490742882,33.943731406925,23.350565564869,0.0,0.0,0.0,1,1,1,1,1,4,1,4,1,4,1,4,1,4,1,0,1
1640.0,759,-0.489273,38.346576,243.39,28.02,42.06,89546442#7_0,0.0,0.0,1640.0,759,8.0,153.77488437557,14.352310263132,21.206960658953,15.915224785948,0.0,0.0,0.0,1,1,1,1,1,1,1,4,1,4,1,4,1,4,1,0,1
1641.0,759,-0.489553,38.346472,243.38,27.11,5.43,:1522928619_0_0,0.0,0.0,1641.0,759,12.0,130.04669118141,23.354263107078,45.957531254401,21.370308925567,0.0,0.0,0.0,1,1,1,1,1,1,1,1,1,4,1,4,1,4,1,0,1
1642.0,759,-0.489833,38.346369,243.05,27.01,14.27,89546442#9_0,0.0,0.0,1642.0,759,10.0,105.97647561541,19.648239525593,34.7470569363,17.664285344081,0.0,0.0,0.0,1,1,1,1,1,1,1,1,1,1,1,4,1,4,1,0,1
1643.0,759,-0.490119,38.34627,253.86,27.89,3.16,89546442#10_0,0.0,0.0,1643.0,759,11.0,82.734829365755,22.036227576386,40.059743165001,20.052273394874,0.0,0.0,0.0,1,1,1,1,1,1,1,1,1,1,1,1,1,4,1,0,1
1644.0,759,-0.490401,38.346284,303.25,27.1,1.69,44579182#0_0,0.0,0.0,1644.0,759,15.0,58.69393606446,50.980105754829,56.77758791073,34.259992187427,0.0,0.0,0.0,1,1,1,1,1,1,1,1,1,1,1,1,1,1,1,0,1
1645.0,759,-0.490668,38.346356,270.77,24.14,25.83,44579182#0_0,0.0,0.0,1645.0,759,15.0,35.395854642583,52.630529834672,62.436443342710994,35.910416267269,0.0,0.0,0.0,1,1,1,1,1,1,1,1,1,1,1,1,1,1,1,0,1
1646.0,759,-0.490949,38.34628,229.23,25.33,2.16,44579182#2_0,0.0,0.0,1646.0,759,15.0,13.630788237984,48.935923227651,74.55351882406,32.215809660248,0.0,0.0,0.0,1,1,1,1,1,1,1,1,1,1,1,1,1,1,1,0,1
1647.0,759,-0.491118,38.346067,192.94,27.57,15.5,44579182#3_0,0.0,0.0,1647.0,759,15.0,7.7707003647017,62.115787124928,82.928176229864,45.395673557526,0.0,0.0,0.0,1,1,1,1,1,1,1,1,1,1,1,1,1,1,1,0,1
1648.0,759,-0.491265,38.345869,222.77,27.15,1.44,:5420062156_0_0,0.0,0.0,1648.0,759,14.0,31.507964444895,40.547906497363,76.929525175363,38.563952315852,0.0,0.0,0.0,1,1,1,1,1,1,1,1,1,1,1,1,1,1,1,0,1
1649.0,759,-0.491531,38.345754,244.08,27.19,20.57,20490207#2_0,0.0,0.0,1649.0,759,15.0,53.141449182033,55.090752328774,56.245167928265,38.370638761371,0.0,0.0,0.0,1,1,1,1,1,1,1,1,1,1,1,1,1,1,1,0,1
1650.0,759,-0.491815,38.345653,244.1,27.55,6.41,:244654256_1_0,0.0,0.0,1650.0,759,14.0,69.685413871558,34.46294733959,32.427007377217,32.478993158078,0.0,0.0,0.0,1,1,1,1,1,1,1,1,1,1,1,1,1,1,1,0,1
1651.0,759,-0.492106,38.345546,243.58,28.08,27.93,20490207#3_0,0.0,0.0,1651.0,759,14.0,85.829544959436,37.550342468004,36.282260155647,35.566388286492,0.0,0.0,0.0,1,1,1,1,1,1,1,1,1,1,1,1,1,1,1,0,1
1652.0,759,-0.492397,38.34544,243.58,28.01,55.94,20490207#3_0,0.0,0.0,1652.0,759,13.0,108.39836670857,31.046377793717,27.63553477639,29.062423612205,0.0,0.0,0.0,1,1,1,1,1,1,1,1,1,1,1,1,1,1,1,0,1
1653.0,759,-0.492683,38.345336,243.37,27.58,0.74,:244654259_0_0,0.0,0.0,1653.0,759,11.0,132.34757182644,22.458693327374,42.7162373226,20.474739145863,0.0,0.0,0.0,1,1,1,1,1,1,1,1,1,1,1,1,1,1,1,0,1
1654.0,759,-0.492966,38.345221,240.82,27.78,22.12,20490207#4_0,0.0,0.0,1654.0,759,12.0,156.30997830834,24.177450371183,28.103494550687,22.193496189672,0.0,0.0,0.0,1,1,1,1,1,1,1,1,1,1,1,1,1,1,3,0,1
1655.0,759,-0.493243,38.345114,243.87,27.0,49.12,20490207#4_0,0.0,0.0,1655.0,759,10.0,180.70607338572,17.821522209851,36.420293367595,22.424597031837,0.0,0.0,0.0,1,1,1,1,1,1,1,1,1,1,1,1,3,1,3,0,1
1656.0,759,-0.493529,38.34501,243.54,27.53,14.35,20490207#5_0,0.0,0.0,1656.0,759,10.0,204.8543186096,18.5078467022,37.887332011156,23.110921524187,0.0,0.0,0.0,1,1,1,1,1,1,1,1,1,1,3,1,3,1,3,0,1
1657.0,759,-0.493788,38.344915,243.54,24.97,39.32,20490207#5_0,0.0,0.0,1657.0,759,9.0,229.07181167656003,17.272764279487,30.841202598596,15.288810097975,0.0,0.0,0.0,1,1,1,1,1,1,1,1,3,1,3,1,3,1,3,0,1
1658.0,759,-0.49407,38.344811,242.84,27.31,8.14,20490207#6_0,0.0,0.0,1658.0,759,8.0,253.40167848832,13.520904697904,24.04040949496,17.722075606036,0.0,0.0,0.0,1,1,1,1,1,1,3,1,3,1,3,1,3,1,3,0,1
1659.0,759,-0.494347,38.344706,242.84,27.04,35.18,20490207#6_0,0.0,0.0,1659.0,759,12.0,276.88660448537,24.437534118935,19.062814550801,22.453579937424,0.0,0.0,0.0,1,1,1,1,3,1,3,1,3,1,3,1,3,1,3,1,3
1660.0,759,-0.494628,38.34461,227.92,27.31,9.55,:219237725_1_0,0.0,2.0,1660.0,759,6.0,300.93579061618,8.5061448076772,32.316363741814,12.707315715809,0.0,0.0,0.0,1,1,3,1,3,1,3,1,3,1,3,1,3,1,3,2,3
1661.0,759,-0.494655,38.344369,174.18,27.33,5.15,89674382#1_0,0.0,0.0,1661.0,759,13.0,211.41436536511,27.694819707632,28.025642262746,25.710865526121,0.0,0.0,0.0,3,1,3,1,3,1,3,1,3,1,3,1,3,1,3,2,3
1662.0,759,-0.494632,38.344124,174.18,27.24,32.39,89674382#1_0,0.0,0.0,1662.0,759,14.0,190.66998152768,39.561712777506,30.483032204575,37.577758595994,0.0,0.0,0.0,3,3,3,1,3,1,3,1,3,1,3,1,3,1,3,0,3
1663.0,759,-0.494623,38.343899,176.96,25.06,19.11,89674382#2_0,0.0,0.0,1663.0,759,13.0,171.27063316706003,27.041134470326,34.342221747565,25.057180288814,0.0,0.0,0.0,3,3,3,3,3,1,3,1,3,1,3,1,3,1,3,0,3
1664.0,759,-0.494624,38.343705,180.44,21.68,0.12,255643220_0,0.0,0.0,1664.0,759,12.0,152.79817261728,24.045791087785,30.340589539001,22.061836906274,0.0,0.0,0.0,3,3,3,3,3,3,3,1,3,1,3,1,3,1,3,0,3
1665.0,759,-0.494638,38.343551,182.66,17.18,17.31,255643220_0,0.0,8.0,1665.0,759,7.0,135.85749937441,11.092995660443,20.929913370537,15.294166568574,0.0,0.0,0.0,3,3,3,3,3,3,3,3,3,1,3,1,3,1,3,0,3
1666.0,759,-0.494649,38.343389,184.31,18.53,5.38,:219237674_2_0,0.0,0.0,1666.0,759,7.0,112.75770273207,26.442466013675,34.394796996324,15.294166568574,0.0,0.0,0.0,3,3,3,3,3,3,3,3,3,3,3,1,3,1,3,0,3
1667.0,759,-0.494697,38.343231,174.39,17.56,6.14,86301429_0,0.0,0.0,1667.0,759,13.0,91.035672951244,27.946901951442,37.595916950375,25.96294776993,0.0,0.0,0.0,3,3,3,3,3,3,3,3,3,3,3,3,3,1,3,0,3
1668.0,759,-0.494661,38.343106,183.11,14.1,4.81,:219237692_0_0,0.0,9.0,1668.0,759,13.0,70.951460393978,34.170024613741,28.864040330452,25.96294776993,0.0,0.0,0.0,3,3,3,3,3,3,3,3,3,3,3,3,3,3,3,0,3
1669.0,759,-0.494675,38.342984,175.59,13.62,3.43,20929367#2_0,0.0,0.0,1669.0,759,15.0,52.538436687928,49.656975931032,49.478836885985,32.93686236363,0.0,0.0,0.0,3,3,3,3,3,3,3,3,3,3,3,3,3,3,3,0,3
1670.0,759,-0.494646,38.34287,167.3,12.88,16.31,20929367#2_0,0.0,0.0,1670.0,759,14.0,39.086208250897,44.643028214361,57.602741300734,27.922914646959,0.0,0.0,0.0,3,3,3,3,3,3,3,3,3,3,3,3,3,3,3,0,3
1671.0,759,-0.494615,38.342746,167.3,13.91,30.22,20929367#2_0,0.0,0.0,1671.0,759,15.0,34.805406845596,50.157376101288,62.544612976732,33.437262533886,0.0,0.0,0.0,3,3,3,3,3,3,3,3,3,3,3,3,3,3,3,0,3
1672.0,759,-0.494585,38.342628,167.3,13.36,43.58,20929367#2_0,0.0,0.0,1672.0,759,14.0,41.790515020627,31.820109042885,48.948482966183,29.836154861374,0.0,0.0,0.0,3,3,3,3,3,3,3,3,3,3,3,3,3,3,3,0,3
1673.0,759,-0.494554,38.342504,167.3,13.96,57.54,20929367#2_0,0.0,0.0,1673.0,759,14.0,50.546940773657,43.102379144991,56.578186613222,29.836154861374,0.0,0.0,0.0,3,3,3,3,3,3,3,3,3,3,3,3,3,3,3,0,3
1674.0,759,-0.494526,38.34239,167.3,12.85,70.39,20929367#2_0,0.0,0.0,1674.0,759,14.0,59.050255462261,37.52763908984,44.347311666258,35.543684908329,0.0,0.0,0.0,3,3,3,3,3,3,3,3,3,3,3,3,3,3,3,0,3
1675.0,759,-0.494495,38.342268,167.3,13.71,84.1,20929367#2_0,0.0,0.0,1675.0,759,14.0,70.14915693807,39.152103198303,45.76426092321801,37.168149016792,0.0,0.0,0.0,3,3,3,3,3,3,3,3,3,3,3,3,3,3,3,0,3
1676.0,759,-0.494465,38.342146,167.3,13.73,97.82,20929367#2_0,0.0,0.0,1676.0,759,14.0,81.356036162113,40.146393878786,50.155856641748,38.162439697274,0.0,0.0,0.0,3,3,3,3,3,3,3,3,3,3,3,3,3,3,3,0,3
1677.0,759,-0.494435,38.342027,167.3,13.43,111.25,20929367#2_0,0.0,0.0,1677.0,759,14.0,91.963889822079,37.338380538617,33.992491626778,35.354426357106,0.0,0.0,0.0,3,3,3,3,3,3,3,3,3,3,3,3,3,3,3,0,3
1678.0,759,-0.494406,38.341913,167.23,12.86,12.31,:566155856_0_0,0.0,0.0,1678.0,759,14.0,103.44692675038,37.825321332588,45.188158442048,35.841367151077,0.0,0.0,0.0,3,3,3,3,3,3,3,3,3,3,3,3,3,3,3,0,3
1679.0,759,-0.494375,38.34179,166.89,13.89,0.67,86312039#3_0,0.0,0.0,1679.0,759,14.0,115.08703164952,41.678995057319,41.703179841009,39.695040875808,0.0,0.0,0.0,3,3,3,3,3,3,3,3,3,3,3,3,3,3,3,0,3
1680.0,759,-0.494345,38.341676,166.68,12.94,13.62,86312039#3_0,0.0,0.0,1680.0,759,14.0,126.38792356952,36.339551328867,23.091327565652005,34.355597147355,0.0,0.0,0.0,3,3,3,3,3,3,3,3,3,3,3,3,3,3,3,0,3
1681.0,759,-0.494314,38.341559,166.68,13.26,26.88,86312039#3_0,0.0,0.0,1681.0,759,13.0,137.69520351132,30.190923353814,35.795267457707,28.206969172303,0.0,0.0,0.0,3,3,3,3,3,3,3,3,3,3,3,3,3,3,3,0,3
1682.0,759,-0.494284,38.341445,166.68,13.01,39.89,86312039#3_0,0.0,0.0,1682.0,759,13.0,149.46200348932,28.141247817854,31.26690431509,28.206969172303,0.0,0.0,0.0,3,3,3,3,3,3,3,3,3,3,3,3,3,3,3,0,3
1683.0,759,-0.494253,38.34133,166.68,12.98,52.86,86312039#3_0,0.0,0.0,1683.0,759,10.0,160.59772054528,19.03466211935,40.730146533944,23.637736941337,0.0,0.0,0.0,3,3,3,3,3,3,3,3,3,3,3,3,3,3,3,0,3
1684.0,759,-0.494223,38.341216,166.68,12.91,65.78,86312039#3_0,0.0,0.0,1684.0,759,12.0,171.83320952137,24.336179959447,19.862482721116,22.352225777936,0.0,0.0,0.0,3,3,3,3,3,3,3,3,3,3,3,3,3,3,3,0,3
1685.0,759,-0.494193,38.341103,166.68,12.83,78.61,86312039#3_0,0.0,0.0,1685.0,759,12.0,183.32422648506,24.112114529723,38.696786799989,22.128160348211,0.0,0.0,0.0,3,3,3,3,3,3,3,3,3,3,3,3,3,3,3,0,3
1686.0,759,-0.494162,38.340988,166.4,13.03,3.6,:5080362080_0_0,0.0,0.0,1686.0,759,11.0,194.35712907504,21.717609486576,40.655559340558,19.733655305065,0.0,0.0,0.0,3,3,3,3,3,3,3,3,3,3,3,3,3,3,3,0,3
1687.0,759,-0.494129,38.340871,165.75,13.29,1.29,:4295212961_2_0,0.0,0.0,1687.0,759,10.0,206.35713457378,18.860870509752,32.03111888188,23.463945331739,0.0,0.0,0.0,3,3,3,3,3,3,3,3,3,3,3,3,3,3,3,0,3
1688.0,759,-0.494097,38.340757,166.39,13.01,5.22,44579147#2_0,0.0,0.0,1688.0,759,13.0,218.29336602997,31.112104560793,15.928966276467998,29.128150379282,0.0,0.0,0.0,3,3,3,3,3,3,3,3,3,3,3,3,3,3,3,0,3
1689.0,759,-0.494066,38.340644,166.39,12.82,18.04,44579147#2_0,0.0,0.0,1689.0,759,13.0,229.76957072598,27.38052541146,27.049064847928,25.396571229949,0.0,0.0,0.0,3,3,3,3,3,3,3,3,3,3,3,3,3,3,3,0,3
1690.0,759,-0.494033,38.340522,166.39,13.89,31.93,44579147#2_0,0.0,0.0,1690.0,759,10.0,241.28256058445,19.792245959841,27.397962016351,17.80829177833,0.0,0.0,0.0,3,3,3,3,3,3,3,3,3,3,3,3,3,3,3,0,3
1691.0,759,-0.494002,38.340408,166.39,12.87,44.79,44579147#2_0,0.0,0.0,1691.0,759,10.0,253.14489489578,21.278019556475,17.654300922459,17.80829177833,0.0,0.0,0.0,3,3,3,3,3,3,3,3,3,3,3,3,3,3,3,0,3
1692.0,759,-0.493971,38.340295,166.11,12.88,3.24,:5080364553_0_0,0.0,0.0,1692.0,759,3.0,264.7192184043,1.5424721042413,26.897056357644,8.164690726387,0.0,0.0,0.0,3,3,3,3,3,3,3,3,3,3,3,3,3,3,3,0,3
1693.0,759,-0.493941,38.340176,167.72,13.56,6.06,49898933#0_0,0.0,0.0,1693.0,759,5.0,276.17751359166,7.8933006103911,29.405332724296,9.2028609306289,0.0,0.0,0.0,3,3,3,3,3,3,3,3,3,3,3,3,3,3,3,0,3
1694.0,759,-0.493913,38.340061,167.72,12.98,19.04,49898933#0_0,0.0,0.0,1694.0,759,6.0,288.23037246483,8.2931098198255,32.93386462774,12.494280727957,0.0,0.0,0.0,3,3,3,3,3,3,3,3,3,3,3,3,3,3,3,0,3
1695.0,759,-0.493887,38.339947,168.23,12.81,5.38,:4518323898_0_0,0.0,0.0,1695.0,759,8.0,299.27240566258,15.440490301898,25.743660157083,13.131543896928,0.0,0.0,0.0,3,3,3,3,3,3,3,3,3,3,3,3,3,3,3,0,3
1696.0,759,-0.493855,38.339825,166.73,13.81,0.01,46106981_0,0.0,0.0,1696.0,759,4.0,310.97448212561,4.5885660393448,26.239563115693,4.9691909940516,0.0,0.0,0.0,3,3,3,3,3,3,3,3,3,3,3,3,3,3,3,0,3
1697.0,759,-0.49382,38.339707,165.1,13.39,0.91,46106980#0_0,0.0,0.0,1697.0,759,13.0,323.11455404509,28.987250636619,17.939170589438,27.003296455107,0.0,0.0,0.0,3,3,3,3,3,3,3,3,3,3,3,3,3,3,3,0,3
1698.0,759,-0.493787,38.339593,166.54,13.1,1.98,46106980#1_0,0.0,0.0,1698.0,759,9.0,334.90290809965,16.551713485817,15.057667513724,14.567759304306,0.0,0.0,0.0,3,3,3,3,3,3,3,3,3,3,3,3,3,3,3,0,3
1699.0,759,-0.493756,38.33947,167.19,13.94,15.92,46106980#1_0,0.0,0.0,1699.0,759,14.0,346.29083511895004,32.558952367515,11.209922536892,30.574998186003,0.0,0.0,0.0,3,3,3,3,3,3,3,3,3,3,3,3,3,3,3,0,3
1700.0,759,-0.493725,38.339347,167.19,13.82,29.73,46106980#1_0,0.0,0.0,1700.0,759,5.0,358.08499537321,5.4694561945882,15.817132975792,9.6706271027198,0.0,0.0,0.0,3,3,3,3,3,3,3,3,3,3,3,3,3,3,3,0,3
1701.0,759,-0.493695,38.339228,167.19,13.48,43.21,46106980#1_0,0.0,0.0,1701.0,759,4.0,369.6041994482,3.822392743548301,22.688685422273,8.9451793533249,0.0,0.0,0.0,3,3,3,3,3,3,3,3,3,3,3,3,3,3,3,0,3
1702.0,759,-0.493664,38.339106,167.19,13.85,57.06,46106980#1_0,0.0,0.0,1702.0,759,10.0,380.87030065233,17.963764120558,29.779014370989,22.566838942545,0.0,0.0,0.0,3,3,3,3,3,3,3,3,3,3,3,3,3,3,3,0,3
1703.0,759,-0.493634,38.338987,167.19,13.47,70.54,46106980#1_0,0.0,0.0,1703.0,759,7.0,392.94406533156,10.692451659041,14.401799798677,14.893622567172,0.0,0.0,0.0,3,3,3,3,3,3,3,3,3,3,3,3,3,3,3,0,3
1704.0,759,-0.493603,38.338864,167.19,13.93,84.47,46106980#1_0,0.0,0.0,1704.0,759,4.0,405.09421735401,3.6052711509433,10.056620215902,8.7280577607199,0.0,0.0,0.0,3,3,3,3,3,3,3,3,3,3,3,3,3,3,5,0,3
1705.0,759,-0.493573,38.338745,167.19,13.5,97.97,46106980#1_0,0.0,0.0,1705.0,759,2.0,416.64882006715,-5.0870469908631,18.027869780305,-2.7263266876621,0.0,0.0,0.0,3,3,3,3,3,3,3,3,3,3,3,3,5,3,3,0,3
1706.0,759,-0.493544,38.338631,167.26,12.86,0.16,:224830680_1_0,0.0,0.0,1706.0,759,10.0,428.58009480447,19.96078394158,31.808873738056,17.976829760069,0.0,0.0,0.0,3,3,3,3,3,3,3,3,3,3,5,3,3,3,5,0,3
1707.0,759,-0.493526,38.338538,169.34,10.52,2.46,20929368#0_0,0.0,8.0,1707.0,759,4.0,440.62764205711,2.1085235448682,12.747539476348,7.2313101546448,0.0,0.0,0.0,3,3,3,3,3,3,3,3,5,3,3,3,5,3,5,0,3
1708.0,759,-0.493515,38.338485,169.45,6.02,5.96,:5146840532_0_0,0.0,8.0,1708.0,759,7.0,451.94854263339,11.883040167694,13.34248293469,16.084211075826,0.0,0.0,0.0,3,3,3,3,3,3,5,3,3,3,5,3,5,3,5,0,3
1709.0,759,-0.493512,38.338471,169.45,1.52,7.49,:5146840532_0_0,0.0,8.0,1709.0,759,10.0,463.20458827291,18.834666486816,15.728208569906,23.437741308803,0.0,0.0,0.0,3,3,3,3,5,3,3,3,5,3,5,3,5,3,5,0,3
1710.0,759,-0.493512,38.33847,169.45,0.1,7.59,:5146840532_0_0,0.0,8.0,1710.0,759,6.0,474.19310523753,8.4630866705952,21.935261600215,12.664257578727,0.0,0.0,0.0,3,3,5,3,3,3,5,3,5,3,5,3,5,3,5,0,3
1711.0,759,-0.493512,38.33847,169.45,0.04,7.63,:5146840532_0_0,0.0,8.0,1711.0,759,11.0,435.99872656869,20.421343912287,32.019501026605,25.024418734273,0.0,0.0,0.0,5,3,3,3,5,3,5,3,5,3,5,3,5,3,5,1,5
1712.0,759,-0.493512,38.33847,169.45,0.02,7.65,:5146840532_0_0,0.0,8.0,1712.0,759,3.0,496.58989186137,-0.31769092848659,37.94738106346,6.3045276936591,0.0,0.0,0.0,3,5,5,3,5,3,5,3,5,3,5,3,5,3,5,2,5
1713.0,759,-0.493512,38.338469,169.45,0.01,7.66,:5146840532_0_0,0.0,8.0,1713.0,759,6.0,435.49886913141,9.2830276543501,34.46941363686,10.845942177166,0.0,0.0,0.0,5,3,5,5,5,3,5,3,5,3,5,3,5,3,5,2,5
1714.0,759,-0.493512,38.338469,169.45,0.0,7.66,:5146840532_0_0,0.0,8.0,1714.0,759,10.0,435.72156944799,18.786652165415,15.867940710175,23.389726987402,0.0,0.0,0.0,5,5,5,3,5,5,5,3,5,3,5,3,5,3,5,0,5
1715.0,759,-0.493512,38.338469,169.45,0.0,7.66,:5146840532_0_0,0.0,8.0,1715.0,759,4.0,436.23615009312,2.0463878261619,26.607464818163,7.1691744359386,0.0,0.0,0.0,5,5,5,5,5,3,5,5,5,3,5,3,5,3,5,0,5
1716.0,759,-0.493512,38.338469,169.45,0.0,7.66,:5146840532_0_0,0.0,8.0,1716.0,759,7.0,437.0717814659,12.100227080856,25.375413555538,18.699241318344,0.0,0.0,0.0,5,5,5,5,5,5,5,3,5,5,5,3,5,3,5,0,5
1717.0,759,-0.493512,38.338469,169.45,0.0,7.66,:5146840532_0_0,0.0,8.0,1717.0,759,5.0,438.44992844143,6.8971951679962,12.742182041194,11.098366076128,0.0,0.0,0.0,5,5,5,5,5,5,5,5,5,3,5,5,5,3,5,0,5
1718.0,759,-0.493512,38.338469,169.45,0.0,7.66,:5146840532_0_0,0.0,8.0,1718.0,759,8.0,439.57021843401,14.987069877781002,22.570108777603,16.296630198019,0.0,0.0,0.0,5,5,5,5,5,5,5,5,5,5,5,3,5,5,5,0,5
1719.0,759,-0.493512,38.338469,169.45,0.0,7.66,:5146840532_0_0,0.0,8.0,1719.0,759,7.0,440.07714453702,10.592164898598,23.534286965917,13.724252426672,0.0,0.0,0.0,5,5,5,5,5,5,5,5,5,5,5,5,5,3,5,0,5
1720.0,759,-0.493512,38.338469,169.45,0.0,7.66,:5146840532_0_0,0.0,8.0,1720.0,759,7.0,440.14623446517,13.273069782962002,23.531880327445,14.835984305776998,0.0,0.0,0.0,5,5,5,5,5,5,5,5,5,5,5,5,5,5,5,0,5
1721.0,759,-0.493512,38.338469,169.45,0.0,7.66,:5146840532_0_0,0.0,8.0,1721.0,759,7.0,440.15031974987,13.272927490354,23.531738034838,14.83584201317,0.0,0.0,0.0,5,5,5,5,5,5,5,5,5,5,5,5,5,5,5,0,5
1722.0,759,-0.493512,38.338469,169.45,0.0,7.66,:5146840532_0_0,0.0,8.0,1722.0,759,7.0,440.15034122130993,13.272926742496002,23.53173728698,14.835841265312,0.0,0.0,0.0,5,5,5,5,5,5,5,5,5,5,5,5,5,5,5,0,5
1723.0,759,-0.493512,38.338469,169.45,0.0,7.66,:5146840532_0_0,0.0,8.0,1723.0,759,7.0,440.15034122131,13.272926742496,23.53173728698,14.835841265312,0.0,0.0,0.0,5,5,5,5,5,5,5,5,5,5,5,5,5,5,5,0,5
1724.0,759,-0.493512,38.338469,169.45,0.0,7.66,:5146840532_0_0,0.0,8.0,1724.0,759,7.0,440.15034122130993,13.272926742496002,23.53173728698,14.835841265312,0.0,0.0,0.0,5,5,5,5,5,5,5,5,5,5,5,5,5,5,5,0,5
1725.0,759,-0.493512,38.338469,169.45,0.0,7.66,:5146840532_0_0,0.0,8.0,1725.0,759,7.0,440.15034122130993,13.272926742496002,23.53173728698,14.835841265312,0.0,0.0,0.0,5,5,5,5,5,5,5,5,5,5,5,5,5,5,5,0,5
1726.0,759,-0.493512,38.338469,169.45,0.0,7.66,:5146840532_0_0,0.0,8.0,1726.0,759,7.0,440.15034122130993,13.272926742496002,23.53173728698,14.835841265312,0.0,0.0,0.0,5,5,5,5,5,5,5,5,5,5,5,5,5,5,5,0,5
1727.0,759,-0.493512,38.338469,169.45,0.0,7.66,:5146840532_0_0,0.0,8.0,1727.0,759,7.0,440.15034122131,13.272926742496,23.53173728698,14.835841265312,0.0,0.0,0.0,5,5,5,5,5,5,5,5,5,5,5,5,5,5,5,0,5
1728.0,759,-0.493512,38.338469,169.45,0.0,7.66,:5146840532_0_0,0.0,8.0,1728.0,759,7.0,440.15034122130993,13.272926742496002,23.53173728698,14.835841265312,0.0,0.0,0.0,5,5,5,5,5,5,5,5,5,5,5,5,5,5,5,0,5
1729.0,759,-0.493512,38.338469,169.45,0.0,7.66,:5146840532_0_0,0.0,8.0,1729.0,759,7.0,440.15034122130993,13.272926742496002,23.53173728698,14.835841265312,0.0,0.0,0.0,5,5,5,5,5,5,5,5,5,5,5,5,5,5,5,0,5
1730.0,759,-0.493512,38.338469,169.45,0.0,7.66,:5146840532_0_0,0.0,8.0,1730.0,759,7.0,440.15034122130993,13.272926742496002,23.53173728698,14.835841265312,0.0,0.0,0.0,5,5,5,5,5,5,5,5,5,5,5,5,5,5,5,0,5
1731.0,759,-0.493512,38.338469,169.45,0.0,7.66,:5146840532_0_0,0.0,8.0,1731.0,759,7.0,440.15034122130993,13.272926742496002,23.53173728698,14.835841265312,0.0,0.0,0.0,5,5,5,5,5,5,5,5,5,5,5,5,5,5,5,0,5
1732.0,759,-0.493512,38.338469,169.45,0.0,7.66,:5146840532_0_0,0.0,8.0,1732.0,759,7.0,440.15034122130993,13.272926742496002,23.53173728698,14.835841265312,0.0,0.0,0.0,5,5,5,5,5,5,5,5,5,5,5,5,5,5,5,0,5
1733.0,759,-0.493512,38.338469,169.45,0.0,7.66,:5146840532_0_0,0.0,8.0,1733.0,759,7.0,440.15034122131,13.272926742496,23.53173728698,14.835841265312,0.0,0.0,0.0,5,5,5,5,5,5,5,5,5,5,5,5,5,5,5,0,5
1734.0,759,-0.493512,38.338469,169.45,0.0,7.66,:5146840532_0_0,0.0,8.0,1734.0,759,7.0,440.15034122131,13.272926742496,23.53173728698,14.835841265312,0.0,0.0,0.0,5,5,5,5,5,5,5,5,5,5,5,5,5,5,5,0,5
1735.0,759,-0.493512,38.338469,169.45,0.0,7.66,:5146840532_0_0,0.0,8.0,1735.0,759,7.0,440.15034122130993,13.272926742496002,23.53173728698,14.433937351456,0.0,0.0,0.0,5,5,5,5,5,5,5,5,5,5,5,5,5,5,5,0,5
1736.0,759,-0.493512,38.338469,169.45,0.0,7.66,:5146840532_0_0,0.0,8.0,1736.0,759,7.0,440.15034122131,13.272926742496,23.53173728698,14.433937351456,0.0,0.0,0.0,5,5,5,5,5,5,5,5,5,5,5,5,5,5,5,0,5
1737.0,759,-0.493512,38.338469,169.45,0.0,7.66,:5146840532_0_0,0.0,8.0,1737.0,759,7.0,440.15034122131,13.272926742496,23.53173728698,14.433937351456,0.0,0.0,0.0,5,5,5,5,5,5,5,5,5,5,5,5,5,5,5,0,5
1738.0,759,-0.493512,38.338469,169.45,0.0,7.66,:5146840532_0_0,0.0,8.0,1738.0,759,7.0,440.15034122130993,13.272926742496002,23.53173728698,14.835841265312,0.0,0.0,0.0,5,5,5,5,5,5,5,5,5,5,5,5,5,5,5,0,5
1739.0,759,-0.493512,38.338469,169.45,0.0,7.66,:5146840532_0_0,0.0,8.0,1739.0,759,7.0,440.15034122130993,13.272926742496002,23.53173728698,14.835841265312,0.0,0.0,0.0,5,5,5,5,5,5,5,5,5,5,5,5,5,5,5,0,5
1740.0,759,-0.493512,38.338469,169.45,0.0,7.66,:5146840532_0_0,0.0,8.0,1740.0,759,7.0,440.15034122131,13.272926742496,23.53173728698,14.835841265312,0.0,0.0,0.0,5,5,5,5,5,5,5,5,5,5,5,5,5,5,5,0,5
1741.0,759,-0.493512,38.338469,169.45,0.0,7.66,:5146840532_0_0,0.0,8.0,1741.0,759,7.0,440.15034122130993,13.272926742496002,23.53173728698,14.835841265312,0.0,0.0,0.0,5,5,5,5,5,5,5,5,5,5,5,5,5,5,5,0,5
1742.0,759,-0.493512,38.338469,169.45,0.0,7.66,:5146840532_0_0,0.0,8.0,1742.0,759,7.0,440.15034122130993,13.272926742496002,23.53173728698,14.835841265312,0.0,0.0,0.0,5,5,5,5,5,5,5,5,5,5,5,5,5,5,5,0,5
1743.0,759,-0.493512,38.338469,169.45,0.0,7.66,:5146840532_0_0,0.0,8.0,1743.0,759,7.0,440.15034122130993,13.272926742496002,23.53173728698,14.835841265312,0.0,0.0,0.0,5,5,5,5,5,5,5,5,5,5,5,5,5,5,5,0,5
1744.0,759,-0.493512,38.338469,169.45,0.0,7.66,:5146840532_0_0,0.0,8.0,1744.0,759,7.0,440.15034122130993,13.272926742496002,23.53173728698,14.835841265312,0.0,0.0,0.0,5,5,5,5,5,5,5,5,5,5,5,5,5,5,5,0,5
1745.0,759,-0.493512,38.338469,169.45,0.0,7.66,:5146840532_0_0,0.0,8.0,1745.0,759,7.0,440.15034122130993,13.272926742496002,23.53173728698,14.835841265312,0.0,0.0,0.0,5,5,5,5,5,5,5,5,5,5,5,5,5,5,5,0,5
1746.0,759,-0.493512,38.338469,169.45,0.0,7.66,:5146840532_0_0,0.0,8.0,1746.0,759,7.0,440.15034122130993,13.272926742496002,23.53173728698,14.835841265312,0.0,0.0,0.0,5,5,5,5,5,5,5,5,5,5,5,5,5,5,5,0,5
1747.0,759,-0.493512,38.338469,169.45,0.0,7.66,:5146840532_0_0,0.0,8.0,1747.0,759,7.0,440.15034122130993,13.272926742496002,23.53173728698,14.835841265312,0.0,0.0,0.0,5,5,5,5,5,5,5,5,5,5,5,5,5,5,5,0,5
1748.0,759,-0.493512,38.338469,169.45,0.0,7.66,:5146840532_0_0,0.0,8.0,1748.0,759,7.0,440.15034122131,13.272926742496,23.53173728698,14.835841265312,0.0,0.0,0.0,5,5,5,5,5,5,5,5,5,5,5,5,5,5,5,0,5
1749.0,759,-0.493512,38.338469,169.45,0.0,7.66,:5146840532_0_0,0.0,8.0,1749.0,759,7.0,440.15034122130993,13.272926742496002,23.53173728698,14.835841265312,0.0,0.0,0.0,5,5,5,5,5,5,5,5,5,5,5,5,5,5,5,0,5
1750.0,759,-0.493512,38.338469,169.45,0.0,7.66,:5146840532_0_0,0.0,8.0,1750.0,759,7.0,440.15034122130993,13.272926742496002,23.53173728698,14.835841265312,0.0,0.0,0.0,5,5,5,5,5,5,5,5,5,5,5,5,5,5,5,0,5
1751.0,759,-0.493512,38.338469,169.45,0.0,7.66,:5146840532_0_0,0.0,8.0,1751.0,759,7.0,440.15034122131,13.272926742496,23.53173728698,14.835841265312,0.0,0.0,0.0,5,5,5,5,5,5,5,5,5,5,5,5,5,5,5,0,5
1752.0,759,-0.493512,38.338469,169.45,0.0,7.66,:5146840532_0_0,0.0,8.0,1752.0,759,7.0,440.15034122131,13.272926742496,23.53173728698,14.835841265312,0.0,0.0,0.0,5,5,5,5,5,5,5,5,5,5,5,5,5,5,5,0,5
1753.0,759,-0.493512,38.338469,169.45,0.0,7.66,:5146840532_0_0,0.0,8.0,1753.0,759,7.0,440.15034122130993,13.272926742496002,23.53173728698,14.835841265312,0.0,0.0,0.0,5,5,5,5,5,5,5,5,5,5,5,5,5,5,5,0,5
1754.0,759,-0.493512,38.338469,169.45,0.0,7.66,:5146840532_0_0,0.0,8.0,1754.0,759,7.0,440.15034122131,13.272926742496,23.53173728698,14.835841265312,0.0,0.0,0.0,5,5,5,5,5,5,5,5,5,5,5,5,5,5,5,0,5
1755.0,759,-0.493507,38.338447,169.3,2.45,1.45,:224830518_3_0,0.0,0.0,1755.0,759,7.0,440.15034122131,13.272926742496,23.53173728698,14.835841265312,0.0,0.0,0.0,5,5,5,5,5,5,5,5,5,5,5,5,5,5,5,0,5
1756.0,759,-0.493497,38.338408,166.87,4.31,5.76,:224830518_3_0,0.0,0.0,1756.0,759,11.0,440.49402396572,20.294882153825,14.085764466572,24.897956975812,0.0,0.0,0.0,5,5,5,5,5,5,5,5,5,5,5,5,5,5,5,0,5
1757.0,759,-0.493469,38.338352,156.66,6.49,0.87,:224830525_2_0,0.0,0.0,1757.0,759,7.0,441.03713947493,12.81633516816,6.3152772653297,17.017506076292,0.0,0.0,0.0,5,5,5,5,5,5,5,5,5,5,5,5,5,5,5,0,5
1758.0,759,-0.493421,38.338294,141.62,7.89,8.76,:224830525_2_0,0.0,0.0,1758.0,759,11.0,441.18158265015,22.168416508535,9.6509428914485,20.184462327024,0.0,0.0,0.0,5,5,5,5,5,5,5,5,5,5,5,5,5,5,5,0,5
1759.0,759,-0.493429,38.338201,166.54,10.14,6.4,125867449#0_0,0.0,0.0,1759.0,759,5.0,440.04120291959,7.3530703253149,25.054929084286,8.9159848481308,0.0,0.0,0.0,5,5,5,5,5,5,5,5,5,5,5,5,5,5,5,0,5
1760.0,759,-0.493401,38.338095,166.52,12.01,7.88,:5146841658_7_0,0.0,0.0,1760.0,759,7.0,443.53281867409,12.015990925411,8.3012381609543,16.217161833543,0.0,0.0,0.0,5,5,5,5,5,5,5,5,5,5,5,5,5,5,5,0,5
1761.0,759,-0.493368,38.337974,166.53,13.86,4.42,125867449#1_0,0.0,0.0,1761.0,759,6.0,445.7554374527,8.2201994333554,23.08406317338,12.421370341487,0.0,0.0,0.0,5,5,5,5,5,5,5,5,5,5,5,5,5,5,5,0,5
1762.0,759,-0.493336,38.337854,166.53,13.88,18.3,125867449#1_0,0.0,0.0,1762.0,759,10.0,448.27037980872,18.625747611336,26.494201408264,23.228822433323,0.0,0.0,0.0,5,5,5,5,5,5,5,5,5,5,5,5,5,5,5,0,5
1763.0,759,-0.493306,38.33774,166.53,13.26,31.56,125867449#1_0,0.0,0.0,1763.0,759,5.0,450.92086562657,5.9229644038186,26.238029776681,10.12413531195,0.0,0.0,0.0,5,5,5,5,5,5,5,5,5,5,5,5,5,5,5,0,5
1764.0,759,-0.493285,38.33762,174.53,13.73,5.49,:1397134182_0_0,0.0,0.0,1764.0,759,7.0,453.95032598096,12.830910642646,19.037019093672,17.032081550778,0.0,0.0,0.0,5,5,5,5,5,5,5,5,5,5,5,5,5,5,5,0,5
1765.0,759,-0.493332,38.337511,210.06,13.02,18.5,:1397134182_0_0,0.0,0.0,1765.0,759,12.0,457.3467400764,24.041742529606,26.454877733845,22.057788348094004,0.0,0.0,0.0,5,5,5,5,5,5,5,5,5,5,5,5,5,5,5,0,5
1766.0,759,-0.493456,38.337435,242.08,13.95,12.44,418648478_0,0.0,0.0,1766.0,759,6.0,461.69668232854,8.8479413745733,35.348477773222,13.049112282705,0.0,0.0,0.0,5,5,5,5,5,5,5,5,5,5,5,5,5,5,5,0,5
1767.0,759,-0.493591,38.337389,243.79,12.87,4.45,:4190177534_0_0,0.0,0.0,1767.0,759,9.0,469.71724642921,16.36991236182,20.976515055684,20.972987183807,0.0,0.0,0.0,5,5,5,5,5,5,5,5,5,5,5,5,5,5,5,0,5
1768.0,759,-0.493748,38.337383,267.52,13.79,10.36,-418644383_0,0.0,0.0,1768.0,759,6.0,480.90379600317993,9.2952513443416,18.240151266784,10.858165867158,0.0,0.0,0.0,5,5,5,5,5,5,5,5,5,5,5,5,5,5,5,0,5
1769.0,759,-0.493902,38.337381,267.52,13.49,23.85,-418644383_0,0.0,0.0,1769.0,759,6.0,492.91796904696,8.3942661293373,23.033870348822,12.595437037469,0.0,0.0,0.0,5,5,5,5,5,5,5,5,5,5,5,5,5,5,-1,0,5
1770.0,759,-0.494056,38.337383,270.0,13.49,37.34,-418644383_0,0.0,0.0,1770.0,759,4.0,503.77049947144,4.8567126396538,17.268295021053,5.2373375943606,0.0,0.0,0.0,5,5,5,5,5,5,5,5,5,5,5,5,-1,5,-1,0,5
1771.0,759,-0.494216,38.337386,270.0,13.92,51.26,-418644383_0,0.0,0.0,1771.0,759,10.0,513.49376730355,17.595628626103,23.905994186176,22.19870344809,0.0,0.0,0.0,5,5,5,5,5,5,5,5,5,5,-1,5,-1,5,-1,0,5
